[1Gpulling manifest 笄・[K[1Gpulling manifest 笄・[K[1Gpulling manifest 笄ｹ [K[1Gpulling manifest 笄ｸ [K[1Gpulling manifest 笄ｼ [K[1Gpulling manifest 笄ｴ [K[1Gpulling manifest 笄ｦ [K[1Gpulling manifest 笄ｧ [K[1Gpulling manifest 笄・[K[1Gpulling manifest 笄・[K[1Gpulling manifest 笄・[K[1Gpulling manifest 笄・[K[1Gpulling manifest 笄ｹ [K[1Gpulling manifest 笄ｸ [K[1Gpulling manifest 笄ｼ [K[1Gpulling manifest 笄ｴ [K[1Gpulling manifest 笄ｦ [K[1Gpulling manifest 笄ｧ [K[1Gpulling manifest 笄・[K[1Gpulling manifest 笄・[K[1Gpulling manifest 笄・[K[1Gpulling manifest 笄・[K[1Gpulling manifest 笄ｹ [K[1Gpulling manifest 笄ｸ [K[1Gpulling manifest 笄ｼ [K[1Gpulling manifest 笄ｴ [K[1Gpulling manifest [K
pulling 667b0c1932bc:   0% 笆・                 笆・4.1 KB/4.9 GB                  [K[A[1Gpulling manifest [K
pulling 667b0c1932bc:   0% 笆・                 笆・695 KB/4.9 GB                  [K[A[1Gpulling manifest [K
pulling 667b0c1932bc:   0% 笆・                 笆・1.0 MB/4.9 GB                  [K[A[1Gpulling manifest [K
pulling 667b0c1932bc:   0% 笆・                 笆・1.4 MB/4.9 GB                  [K[A[1Gpulling manifest [K
pulling 667b0c1932bc:   0% 笆・                 笆・1.7 MB/4.9 GB                  [K[A[1Gpulling manifest [K
pulling 667b0c1932bc:   0% 笆・                 笆・2.1 MB/4.9 GB                  [K[A[1Gpulling manifest [K
pulling 667b0c1932bc:   0% 笆・                 笆・3.1 MB/4.9 GB                  [K[A[1Gpulling manifest [K
pulling 667b0c1932bc:   0% 笆・                 笆・3.2 MB/4.9 GB                  [K[A[1Gpulling manifest [K
pulling 667b0c1932bc:   0% 笆・                 笆・3.4 MB/4.9 GB                  [K[A[1Gpulling manifest [K
pulling 667b0c1932bc:   0% 笆・                 笆・3.9 MB/4.9 GB                  [K[A[1Gpulling manifest [K
pulling 667b0c1932bc:   0% 笆・                 笆・4.6 MB/4.9 GB  4.6 MB/s  17m58s[K[A[1Gpulling manifest [K
pulling 667b0c1932bc:   0% 笆・                 笆・4.9 MB/4.9 GB  4.6 MB/s  17m58s[K[A[1Gpulling manifest [K
pulling 667b0c1932bc:   0% 笆・                 笆・5.3 MB/4.9 GB  4.6 MB/s  17m58s[K[A[1Gpulling manifest [K
pulling 667b0c1932bc:   0% 笆・                 笆・6.0 MB/4.9 GB  4.6 MB/s  17m57s[K[A[1Gpulling manifest [K
pulling 667b0c1932bc:   0% 笆・                 笆・6.2 MB/4.9 GB  4.6 MB/s  17m57s[K[A[1Gpulling manifest [K
pulling 667b0c1932bc:   0% 笆・                 笆・7.7 MB/4.9 GB  4.6 MB/s  17m57s[K[A[1Gpulling manifest [K
pulling 667b0c1932bc:   0% 笆・                 笆・8.0 MB/4.9 GB  4.6 MB/s  17m57s[K[A[1Gpulling manifest [K
pulling 667b0c1932bc:   0% 笆・                 笆・8.0 MB/4.9 GB  4.6 MB/s  17m57s[K[A[1Gpulling manifest [K
pulling 667b0c1932bc:   0% 笆・                 笆・8.7 MB/4.9 GB  4.6 MB/s  17m57s[K[A[1Gpulling manifest [K
pulling 667b0c1932bc:   0% 笆・                 笆・9.8 MB/4.9 GB  4.6 MB/s  17m57s[K[A[1Gpulling manifest [K
pulling 667b0c1932bc:   0% 笆・                笆・10.0 MB/4.9 GB  4.6 MB/s  17m57s[K[A[1Gpulling manifest [K
pulling 667b0c1932bc:   0% 笆・                 笆・ 10 MB/4.9 GB  5.0 MB/s  16m26s[K[A[1Gpulling manifest [K
pulling 667b0c1932bc:   0% 笆・                 笆・ 11 MB/4.9 GB  5.0 MB/s  16m25s[K[A[1Gpulling manifest [K
pulling 667b0c1932bc:   0% 笆・                 笆・ 12 MB/4.9 GB  5.0 MB/s  16m25s[K[A[1Gpulling manifest [K
pulling 667b0c1932bc:   0% 笆・                 笆・ 12 MB/4.9 GB  5.0 MB/s  16m25s[K[A[1Gpulling manifest [K
pulling 667b0c1932bc:   0% 笆・                 笆・ 12 MB/4.9 GB  5.0 MB/s  16m25s[K[A[1Gpulling manifest [K
pulling 667b0c1932bc:   0% 笆・                 笆・ 13 MB/4.9 GB  5.0 MB/s  16m25s[K[A[1Gpulling manifest [K
pulling 667b0c1932bc:   0% 笆・                 笆・ 14 MB/4.9 GB  5.0 MB/s  16m25s[K[A[1Gpulling manifest [K
pulling 667b0c1932bc:   0% 笆・                 笆・ 15 MB/4.9 GB  5.0 MB/s  16m24s[K[A[1Gpulling manifest [K
pulling 667b0c1932bc:   0% 笆・                 笆・ 15 MB/4.9 GB  5.0 MB/s  16m24s[K[A[1Gpulling manifest [K
pulling 667b0c1932bc:   0% 笆・                 笆・ 16 MB/4.9 GB  5.0 MB/s  16m24s[K[A[1Gpulling manifest [K
pulling 667b0c1932bc:   0% 笆・                 笆・ 16 MB/4.9 GB  5.4 MB/s   15m2s[K[A[1Gpulling manifest [K
pulling 667b0c1932bc:   0% 笆・                 笆・ 16 MB/4.9 GB  5.4 MB/s   15m2s[K[A[1Gpulling manifest [K
pulling 667b0c1932bc:   0% 笆・                 笆・ 18 MB/4.9 GB  5.4 MB/s   15m2s[K[A[1Gpulling manifest [K
pulling 667b0c1932bc:   0% 笆・                 笆・ 19 MB/4.9 GB  5.4 MB/s   15m2s[K[A[1Gpulling manifest [K
pulling 667b0c1932bc:   0% 笆・                 笆・ 19 MB/4.9 GB  5.4 MB/s   15m2s[K[A[1Gpulling manifest [K
pulling 667b0c1932bc:   0% 笆・                 笆・ 20 MB/4.9 GB  5.4 MB/s   15m2s[K[A[1Gpulling manifest [K
pulling 667b0c1932bc:   0% 笆・                 笆・ 20 MB/4.9 GB  5.4 MB/s   15m1s[K[A[1Gpulling manifest [K
pulling 667b0c1932bc:   0% 笆・                 笆・ 20 MB/4.9 GB  5.4 MB/s   15m1s[K[A[1Gpulling manifest [K
pulling 667b0c1932bc:   0% 笆・                 笆・ 21 MB/4.9 GB  5.4 MB/s   15m1s[K[A[1Gpulling manifest [K
pulling 667b0c1932bc:   0% 笆・                 笆・ 22 MB/4.9 GB  5.4 MB/s   15m1s[K[A[1Gpulling manifest [K
pulling 667b0c1932bc:   0% 笆・                 笆・ 22 MB/4.9 GB  5.7 MB/s  14m19s[K[A[1Gpulling manifest [K
pulling 667b0c1932bc:   0% 笆・                 笆・ 23 MB/4.9 GB  5.7 MB/s  14m19s[K[A[1Gpulling manifest [K
pulling 667b0c1932bc:   1% 笆・                 笆・ 24 MB/4.9 GB  5.7 MB/s  14m19s[K[A[1Gpulling manifest [K
pulling 667b0c1932bc:   1% 笆・                 笆・ 25 MB/4.9 GB  5.7 MB/s  14m19s[K[A[1Gpulling manifest [K
pulling 667b0c1932bc:   1% 笆・                 笆・ 25 MB/4.9 GB  5.7 MB/s  14m19s[K[A[1Gpulling manifest [K
pulling 667b0c1932bc:   1% 笆・                 笆・ 26 MB/4.9 GB  5.7 MB/s  14m18s[K[A[1Gpulling manifest [K
pulling 667b0c1932bc:   1% 笆・                 笆・ 27 MB/4.9 GB  5.7 MB/s  14m18s[K[A[1Gpulling manifest [K
pulling 667b0c1932bc:   1% 笆・                 笆・ 27 MB/4.9 GB  5.7 MB/s  14m18s[K[A[1Gpulling manifest [K
pulling 667b0c1932bc:   1% 笆・                 笆・ 27 MB/4.9 GB  5.7 MB/s  14m18s[K[A[1Gpulling manifest [K
pulling 667b0c1932bc:   1% 笆・                 笆・ 27 MB/4.9 GB  5.7 MB/s  14m18s[K[A[1Gpulling manifest [K
pulling 667b0c1932bc:   1% 笆・                 笆・ 29 MB/4.9 GB  6.0 MB/s  13m41s[K[A[1Gpulling manifest [K
pulling 667b0c1932bc:   1% 笆・                 笆・ 30 MB/4.9 GB  6.0 MB/s  13m41s[K[A[1Gpulling manifest [K
pulling 667b0c1932bc:   1% 笆・                 笆・ 30 MB/4.9 GB  6.0 MB/s  13m41s[K[A[1Gpulling manifest [K
pulling 667b0c1932bc:   1% 笆・                 笆・ 30 MB/4.9 GB  6.0 MB/s  13m41s[K[A[1Gpulling manifest [K
pulling 667b0c1932bc:   1% 笆・                 笆・ 30 MB/4.9 GB  6.0 MB/s  13m41s[K[A[1Gpulling manifest [K
pulling 667b0c1932bc:   1% 笆・                 笆・ 30 MB/4.9 GB  6.0 MB/s  13m41s[K[A[1Gpulling manifest [K
pulling 667b0c1932bc:   1% 笆・                 笆・ 32 MB/4.9 GB  6.0 MB/s  13m41s[K[A[1Gpulling manifest [K
pulling 667b0c1932bc:   1% 笆・                 笆・ 32 MB/4.9 GB  6.0 MB/s  13m41s[K[A[1Gpulling manifest [K
pulling 667b0c1932bc:   1% 笆・                 笆・ 32 MB/4.9 GB  6.0 MB/s  13m41s[K[A[1Gpulling manifest [K
pulling 667b0c1932bc:   1% 笆・                 笆・ 33 MB/4.9 GB  6.0 MB/s  13m41s[K[A[1Gpulling manifest [K
pulling 667b0c1932bc:   1% 笆・                 笆・ 34 MB/4.9 GB  5.7 MB/s  14m12s[K[A[1Gpulling manifest [K
pulling 667b0c1932bc:   1% 笆・                 笆・ 34 MB/4.9 GB  5.7 MB/s  14m12s[K[A[1Gpulling manifest [K
pulling 667b0c1932bc:   1% 笆・                 笆・ 34 MB/4.9 GB  5.7 MB/s  14m12s[K[A[1Gpulling manifest [K
pulling 667b0c1932bc:   1% 笆・                 笆・ 34 MB/4.9 GB  5.7 MB/s  14m12s[K[A[1Gpulling manifest [K
pulling 667b0c1932bc:   1% 笆・                 笆・ 34 MB/4.9 GB  5.7 MB/s  14m11s[K[A[1Gpulling manifest [K
pulling 667b0c1932bc:   1% 笆・                 笆・ 36 MB/4.9 GB  5.7 MB/s  14m11s[K[A[1Gpulling manifest [K
pulling 667b0c1932bc:   1% 笆・                 笆・ 36 MB/4.9 GB  5.7 MB/s  14m11s[K[A[1Gpulling manifest [K
pulling 667b0c1932bc:   1% 笆・                 笆・ 36 MB/4.9 GB  5.7 MB/s  14m11s[K[A[1Gpulling manifest [K
pulling 667b0c1932bc:   1% 笆・                 笆・ 36 MB/4.9 GB  5.7 MB/s  14m11s[K[A[1Gpulling manifest [K
pulling 667b0c1932bc:   1% 笆・                 笆・ 37 MB/4.9 GB  5.7 MB/s  14m11s[K[A[1Gpulling manifest [K
pulling 667b0c1932bc:   1% 笆・                 笆・ 38 MB/4.9 GB  5.7 MB/s  14m11s[K[A[1Gpulling manifest [K
pulling 667b0c1932bc:   1% 笆・                 笆・ 38 MB/4.9 GB  5.5 MB/s  14m51s[K[A[1Gpulling manifest [K
pulling 667b0c1932bc:   1% 笆・                 笆・ 39 MB/4.9 GB  5.5 MB/s  14m50s[K[A[1Gpulling manifest [K
pulling 667b0c1932bc:   1% 笆・                 笆・ 39 MB/4.9 GB  5.5 MB/s  14m50s[K[A[1Gpulling manifest [K
pulling 667b0c1932bc:   1% 笆・                 笆・ 39 MB/4.9 GB  5.5 MB/s  14m50s[K[A[1Gpulling manifest [K
pulling 667b0c1932bc:   1% 笆・                 笆・ 39 MB/4.9 GB  5.5 MB/s  14m50s[K[A[1Gpulling manifest [K
pulling 667b0c1932bc:   1% 笆・                 笆・ 39 MB/4.9 GB  5.5 MB/s  14m50s[K[A[1Gpulling manifest [K
pulling 667b0c1932bc:   1% 笆・                 笆・ 40 MB/4.9 GB  5.5 MB/s  14m50s[K[A[1Gpulling manifest [K
pulling 667b0c1932bc:   1% 笆・                 笆・ 42 MB/4.9 GB  5.5 MB/s  14m50s[K[A[1Gpulling manifest [K
pulling 667b0c1932bc:   1% 笆・                 笆・ 42 MB/4.9 GB  5.5 MB/s  14m50s[K[A[1Gpulling manifest [K
pulling 667b0c1932bc:   1% 笆・                 笆・ 43 MB/4.9 GB  5.5 MB/s  14m50s[K[A[1Gpulling manifest [K
pulling 667b0c1932bc:   1% 笆・                 笆・ 43 MB/4.9 GB  5.4 MB/s  14m57s[K[A[1Gpulling manifest [K
pulling 667b0c1932bc:   1% 笆・                 笆・ 43 MB/4.9 GB  5.4 MB/s  14m57s[K[A[1Gpulling manifest [K
pulling 667b0c1932bc:   1% 笆・                 笆・ 43 MB/4.9 GB  5.4 MB/s  14m57s[K[A[1Gpulling manifest [K
pulling 667b0c1932bc:   1% 笆・                 笆・ 44 MB/4.9 GB  5.4 MB/s  14m57s[K[A[1Gpulling manifest [K
pulling 667b0c1932bc:   1% 笆・                 笆・ 45 MB/4.9 GB  5.4 MB/s  14m57s[K[A[1Gpulling manifest [K
pulling 667b0c1932bc:   1% 笆・                 笆・ 45 MB/4.9 GB  5.4 MB/s  14m57s[K[A[1Gpulling manifest [K
pulling 667b0c1932bc:   1% 笆・                 笆・ 46 MB/4.9 GB  5.4 MB/s  14m56s[K[A[1Gpulling manifest [K
pulling 667b0c1932bc:   1% 笆・                 笆・ 46 MB/4.9 GB  5.4 MB/s  14m56s[K[A[1Gpulling manifest [K
pulling 667b0c1932bc:   1% 笆・                 笆・ 46 MB/4.9 GB  5.4 MB/s  14m56s[K[A[1Gpulling manifest [K
pulling 667b0c1932bc:   1% 笆・                 笆・ 46 MB/4.9 GB  5.4 MB/s  14m56s[K[A[1Gpulling manifest [K
pulling 667b0c1932bc:   1% 笆・                 笆・ 46 MB/4.9 GB  5.2 MB/s  15m38s[K[A[1Gpulling manifest [K
pulling 667b0c1932bc:   1% 笆・                 笆・ 47 MB/4.9 GB  5.2 MB/s  15m38s[K[A[1Gpulling manifest [K
pulling 667b0c1932bc:   1% 笆・                 笆・ 48 MB/4.9 GB  5.2 MB/s  15m37s[K[A[1Gpulling manifest [K
pulling 667b0c1932bc:   1% 笆・                 笆・ 48 MB/4.9 GB  5.2 MB/s  15m37s[K[A[1Gpulling manifest [K
pulling 667b0c1932bc:   1% 笆・                 笆・ 48 MB/4.9 GB  5.2 MB/s  15m37s[K[A[1Gpulling manifest [K
pulling 667b0c1932bc:   1% 笆・                 笆・ 48 MB/4.9 GB  5.2 MB/s  15m37s[K[A[1Gpulling manifest [K
pulling 667b0c1932bc:   1% 笆・                 笆・ 48 MB/4.9 GB  5.2 MB/s  15m37s[K[A[1Gpulling manifest [K
pulling 667b0c1932bc:   1% 笆・                 笆・ 49 MB/4.9 GB  5.2 MB/s  15m37s[K[A[1Gpulling manifest [K
pulling 667b0c1932bc:   1% 笆・                 笆・ 49 MB/4.9 GB  5.2 MB/s  15m37s[K[A[1Gpulling manifest [K
pulling 667b0c1932bc:   1% 笆・                 笆・ 49 MB/4.9 GB  5.2 MB/s  15m37s[K[A[1Gpulling manifest [K
pulling 667b0c1932bc:   1% 笆・                 笆・ 50 MB/4.9 GB  5.1 MB/s  15m59s[K[A[1Gpulling manifest [K
pulling 667b0c1932bc:   1% 笆・                 笆・ 50 MB/4.9 GB  5.1 MB/s  15m59s[K[A[1Gpulling manifest [K
pulling 667b0c1932bc:   1% 笆・                 笆・ 51 MB/4.9 GB  5.1 MB/s  15m58s[K[A[1Gpulling manifest [K
pulling 667b0c1932bc:   1% 笆・                 笆・ 51 MB/4.9 GB  5.1 MB/s  15m58s[K[A[1Gpulling manifest [K
pulling 667b0c1932bc:   1% 笆・                 笆・ 52 MB/4.9 GB  5.1 MB/s  15m58s[K[A[1Gpulling manifest [K
pulling 667b0c1932bc:   1% 笆・                 笆・ 52 MB/4.9 GB  5.1 MB/s  15m58s[K[A[1Gpulling manifest [K
pulling 667b0c1932bc:   1% 笆・                 笆・ 53 MB/4.9 GB  5.1 MB/s  15m58s[K[A[1Gpulling manifest [K
pulling 667b0c1932bc:   1% 笆・                 笆・ 53 MB/4.9 GB  5.1 MB/s  15m58s[K[A[1Gpulling manifest [K
pulling 667b0c1932bc:   1% 笆・                 笆・ 54 MB/4.9 GB  5.1 MB/s  15m58s[K[A[1Gpulling manifest [K
pulling 667b0c1932bc:   1% 笆・                 笆・ 54 MB/4.9 GB  5.1 MB/s  15m58s[K[A[1Gpulling manifest [K
pulling 667b0c1932bc:   1% 笆・                 笆・ 55 MB/4.9 GB  5.0 MB/s   16m8s[K[A[1Gpulling manifest [K
pulling 667b0c1932bc:   1% 笆・                 笆・ 55 MB/4.9 GB  5.0 MB/s   16m8s[K[A[1Gpulling manifest [K
pulling 667b0c1932bc:   1% 笆・                 笆・ 55 MB/4.9 GB  5.0 MB/s   16m8s[K[A[1Gpulling manifest [K
pulling 667b0c1932bc:   1% 笆・                 笆・ 56 MB/4.9 GB  5.0 MB/s   16m8s[K[A[1Gpulling manifest [K
pulling 667b0c1932bc:   1% 笆・                 笆・ 56 MB/4.9 GB  5.0 MB/s   16m8s[K[A[1Gpulling manifest [K
pulling 667b0c1932bc:   1% 笆・                 笆・ 57 MB/4.9 GB  5.0 MB/s   16m8s[K[A[1Gpulling manifest [K
pulling 667b0c1932bc:   1% 笆・                 笆・ 58 MB/4.9 GB  5.0 MB/s   16m8s[K[A[1Gpulling manifest [K
pulling 667b0c1932bc:   1% 笆・                 笆・ 58 MB/4.9 GB  5.0 MB/s   16m8s[K[A[1Gpulling manifest [K
pulling 667b0c1932bc:   1% 笆・                 笆・ 59 MB/4.9 GB  5.0 MB/s   16m7s[K[A[1Gpulling manifest [K
pulling 667b0c1932bc:   1% 笆・                 笆・ 60 MB/4.9 GB  5.0 MB/s   16m7s[K[A[1Gpulling manifest [K
pulling 667b0c1932bc:   1% 笆・                 笆・ 60 MB/4.9 GB  5.0 MB/s   16m7s[K[A[1Gpulling manifest [K
pulling 667b0c1932bc:   1% 笆・                 笆・ 61 MB/4.9 GB  5.0 MB/s  16m18s[K[A[1Gpulling manifest [K
pulling 667b0c1932bc:   1% 笆・                 笆・ 62 MB/4.9 GB  5.0 MB/s  16m18s[K[A[1Gpulling manifest [K
pulling 667b0c1932bc:   1% 笆・                 笆・ 62 MB/4.9 GB  5.0 MB/s  16m18s[K[A[1Gpulling manifest [K
pulling 667b0c1932bc:   1% 笆・                 笆・ 63 MB/4.9 GB  5.0 MB/s  16m18s[K[A[1Gpulling manifest [K
pulling 667b0c1932bc:   1% 笆・                 笆・ 63 MB/4.9 GB  5.0 MB/s  16m18s[K[A[1Gpulling manifest [K
pulling 667b0c1932bc:   1% 笆・                 笆・ 64 MB/4.9 GB  5.0 MB/s  16m18s[K[A[1Gpulling manifest [K
pulling 667b0c1932bc:   1% 笆・                 笆・ 64 MB/4.9 GB  5.0 MB/s  16m18s[K[A[1Gpulling manifest [K
pulling 667b0c1932bc:   1% 笆・                 笆・ 65 MB/4.9 GB  5.0 MB/s  16m17s[K[A[1Gpulling manifest [K
pulling 667b0c1932bc:   1% 笆・                 笆・ 66 MB/4.9 GB  5.0 MB/s  16m17s[K[A[1Gpulling manifest [K
pulling 667b0c1932bc:   1% 笆・                 笆・ 66 MB/4.9 GB  5.0 MB/s  16m17s[K[A[1Gpulling manifest [K
pulling 667b0c1932bc:   1% 笆・                 笆・ 67 MB/4.9 GB  4.9 MB/s  16m24s[K[A[1Gpulling manifest [K
pulling 667b0c1932bc:   1% 笆・                 笆・ 67 MB/4.9 GB  4.9 MB/s  16m24s[K[A[1Gpulling manifest [K
pulling 667b0c1932bc:   1% 笆・                 笆・ 68 MB/4.9 GB  4.9 MB/s  16m24s[K[A[1Gpulling manifest [K
pulling 667b0c1932bc:   1% 笆・                 笆・ 69 MB/4.9 GB  4.9 MB/s  16m24s[K[A[1Gpulling manifest [K
pulling 667b0c1932bc:   1% 笆・                 笆・ 69 MB/4.9 GB  4.9 MB/s  16m23s[K[A[1Gpulling manifest [K
pulling 667b0c1932bc:   1% 笆・                 笆・ 70 MB/4.9 GB  4.9 MB/s  16m23s[K[A[1Gpulling manifest [K
pulling 667b0c1932bc:   1% 笆・                 笆・ 71 MB/4.9 GB  4.9 MB/s  16m23s[K[A[1Gpulling manifest [K
pulling 667b0c1932bc:   1% 笆・                 笆・ 71 MB/4.9 GB  4.9 MB/s  16m23s[K[A[1Gpulling manifest [K
pulling 667b0c1932bc:   1% 笆・                 笆・ 72 MB/4.9 GB  4.9 MB/s  16m23s[K[A[1Gpulling manifest [K
pulling 667b0c1932bc:   1% 笆・                 笆・ 73 MB/4.9 GB  4.9 MB/s  16m23s[K[A[1Gpulling manifest [K
pulling 667b0c1932bc:   1% 笆・                 笆・ 73 MB/4.9 GB  4.9 MB/s  16m33s[K[A[1Gpulling manifest [K
pulling 667b0c1932bc:   2% 笆・                 笆・ 73 MB/4.9 GB  4.9 MB/s  16m33s[K[A[1Gpulling manifest [K
pulling 667b0c1932bc:   2% 笆・                 笆・ 74 MB/4.9 GB  4.9 MB/s  16m33s[K[A[1Gpulling manifest [K
pulling 667b0c1932bc:   2% 笆・                 笆・ 75 MB/4.9 GB  4.9 MB/s  16m33s[K[A[1Gpulling manifest [K
pulling 667b0c1932bc:   2% 笆・                 笆・ 76 MB/4.9 GB  4.9 MB/s  16m33s[K[A[1Gpulling manifest [K
pulling 667b0c1932bc:   2% 笆・                 笆・ 77 MB/4.9 GB  4.9 MB/s  16m33s[K[A[1Gpulling manifest [K
pulling 667b0c1932bc:   2% 笆・                 笆・ 77 MB/4.9 GB  4.9 MB/s  16m32s[K[A[1Gpulling manifest [K
pulling 667b0c1932bc:   2% 笆・                 笆・ 77 MB/4.9 GB  4.9 MB/s  16m32s[K[A[1Gpulling manifest [K
pulling 667b0c1932bc:   2% 笆・                 笆・ 77 MB/4.9 GB  4.9 MB/s  16m32s[K[A[1Gpulling manifest [K
pulling 667b0c1932bc:   2% 笆・                 笆・ 78 MB/4.9 GB  4.9 MB/s  16m32s[K[A[1Gpulling manifest [K
pulling 667b0c1932bc:   2% 笆・                 笆・ 78 MB/4.9 GB  4.9 MB/s  16m22s[K[A[1Gpulling manifest [K
pulling 667b0c1932bc:   2% 笆・                 笆・ 79 MB/4.9 GB  4.9 MB/s  16m22s[K[A[1Gpulling manifest [K
pulling 667b0c1932bc:   2% 笆・                 笆・ 80 MB/4.9 GB  4.9 MB/s  16m22s[K[A[1Gpulling manifest [K
pulling 667b0c1932bc:   2% 笆・                 笆・ 80 MB/4.9 GB  4.9 MB/s  16m22s[K[A[1Gpulling manifest [K
pulling 667b0c1932bc:   2% 笆・                 笆・ 80 MB/4.9 GB  4.9 MB/s  16m22s[K[A[1Gpulling manifest [K
pulling 667b0c1932bc:   2% 笆・                 笆・ 81 MB/4.9 GB  4.9 MB/s  16m22s[K[A[1Gpulling manifest [K
pulling 667b0c1932bc:   2% 笆・                 笆・ 81 MB/4.9 GB  4.9 MB/s  16m21s[K[A[1Gpulling manifest [K
pulling 667b0c1932bc:   2% 笆・                 笆・ 82 MB/4.9 GB  4.9 MB/s  16m21s[K[A[1Gpulling manifest [K
pulling 667b0c1932bc:   2% 笆・                 笆・ 82 MB/4.9 GB  4.9 MB/s  16m21s[K[A[1Gpulling manifest [K
pulling 667b0c1932bc:   2% 笆・                 笆・ 83 MB/4.9 GB  4.9 MB/s  16m21s[K[A[1Gpulling manifest [K
pulling 667b0c1932bc:   2% 笆・                 笆・ 83 MB/4.9 GB  5.1 MB/s  15m54s[K[A[1Gpulling manifest [K
pulling 667b0c1932bc:   2% 笆・                 笆・ 84 MB/4.9 GB  5.1 MB/s  15m54s[K[A[1Gpulling manifest [K
pulling 667b0c1932bc:   2% 笆・                 笆・ 85 MB/4.9 GB  5.1 MB/s  15m53s[K[A[1Gpulling manifest [K
pulling 667b0c1932bc:   2% 笆・                 笆・ 86 MB/4.9 GB  5.1 MB/s  15m53s[K[A[1Gpulling manifest [K
pulling 667b0c1932bc:   2% 笆・                 笆・ 86 MB/4.9 GB  5.1 MB/s  15m53s[K[A[1Gpulling manifest [K
pulling 667b0c1932bc:   2% 笆・                 笆・ 87 MB/4.9 GB  5.1 MB/s  15m53s[K[A[1Gpulling manifest [K
pulling 667b0c1932bc:   2% 笆・                 笆・ 88 MB/4.9 GB  5.1 MB/s  15m53s[K[A[1Gpulling manifest [K
pulling 667b0c1932bc:   2% 笆・                 笆・ 88 MB/4.9 GB  5.1 MB/s  15m53s[K[A[1Gpulling manifest [K
pulling 667b0c1932bc:   2% 笆・                 笆・ 89 MB/4.9 GB  5.1 MB/s  15m53s[K[A[1Gpulling manifest [K
pulling 667b0c1932bc:   2% 笆・                 笆・ 89 MB/4.9 GB  5.1 MB/s  15m52s[K[A[1Gpulling manifest [K
pulling 667b0c1932bc:   2% 笆・                 笆・ 90 MB/4.9 GB  5.1 MB/s  15m52s[K[A[1Gpulling manifest [K
pulling 667b0c1932bc:   2% 笆・                 笆・ 90 MB/4.9 GB  5.2 MB/s  15m33s[K[A[1Gpulling manifest [K
pulling 667b0c1932bc:   2% 笆・                 笆・ 90 MB/4.9 GB  5.2 MB/s  15m33s[K[A[1Gpulling manifest [K
pulling 667b0c1932bc:   2% 笆・                 笆・ 91 MB/4.9 GB  5.2 MB/s  15m33s[K[A[1Gpulling manifest [K
pulling 667b0c1932bc:   2% 笆・                 笆・ 91 MB/4.9 GB  5.2 MB/s  15m33s[K[A[1Gpulling manifest [K
pulling 667b0c1932bc:   2% 笆・                 笆・ 92 MB/4.9 GB  5.2 MB/s  15m33s[K[A[1Gpulling manifest [K
pulling 667b0c1932bc:   2% 笆・                 笆・ 92 MB/4.9 GB  5.2 MB/s  15m33s[K[A[1Gpulling manifest [K
pulling 667b0c1932bc:   2% 笆・                 笆・ 92 MB/4.9 GB  5.2 MB/s  15m33s[K[A[1Gpulling manifest [K
pulling 667b0c1932bc:   2% 笆・                 笆・ 94 MB/4.9 GB  5.2 MB/s  15m32s[K[A[1Gpulling manifest [K
pulling 667b0c1932bc:   2% 笆・                 笆・ 94 MB/4.9 GB  5.2 MB/s  15m32s[K[A[1Gpulling manifest [K
pulling 667b0c1932bc:   2% 笆・                 笆・ 94 MB/4.9 GB  5.2 MB/s  15m32s[K[A[1Gpulling manifest [K
pulling 667b0c1932bc:   2% 笆・                 笆・ 94 MB/4.9 GB  5.3 MB/s  15m11s[K[A[1Gpulling manifest [K
pulling 667b0c1932bc:   2% 笆・                 笆・ 94 MB/4.9 GB  5.3 MB/s  15m11s[K[A[1Gpulling manifest [K
pulling 667b0c1932bc:   2% 笆・                 笆・ 96 MB/4.9 GB  5.3 MB/s  15m10s[K[A[1Gpulling manifest [K
pulling 667b0c1932bc:   2% 笆・                 笆・ 97 MB/4.9 GB  5.3 MB/s  15m10s[K[A[1Gpulling manifest [K
pulling 667b0c1932bc:   2% 笆・                 笆・ 97 MB/4.9 GB  5.3 MB/s  15m10s[K[A[1Gpulling manifest [K
pulling 667b0c1932bc:   2% 笆・                 笆・ 98 MB/4.9 GB  5.3 MB/s  15m10s[K[A[1Gpulling manifest [K
pulling 667b0c1932bc:   2% 笆・                 笆・ 98 MB/4.9 GB  5.3 MB/s  15m10s[K[A[1Gpulling manifest [K
pulling 667b0c1932bc:   2% 笆・                 笆・ 98 MB/4.9 GB  5.3 MB/s  15m10s[K[A[1Gpulling manifest [K
pulling 667b0c1932bc:   2% 笆・                 笆・ 99 MB/4.9 GB  5.3 MB/s  15m10s[K[A[1Gpulling manifest [K
pulling 667b0c1932bc:   2% 笆・                 笆・100 MB/4.9 GB  5.3 MB/s  15m10s[K[A[1Gpulling manifest [K
pulling 667b0c1932bc:   2% 笆・                 笆・100 MB/4.9 GB  5.5 MB/s  14m29s[K[A[1Gpulling manifest [K
pulling 667b0c1932bc:   2% 笆・                 笆・101 MB/4.9 GB  5.5 MB/s  14m29s[K[A[1Gpulling manifest [K
pulling 667b0c1932bc:   2% 笆・                 笆・101 MB/4.9 GB  5.5 MB/s  14m29s[K[A[1Gpulling manifest [K
pulling 667b0c1932bc:   2% 笆・                 笆・102 MB/4.9 GB  5.5 MB/s  14m29s[K[A[1Gpulling manifest [K
pulling 667b0c1932bc:   2% 笆・                 笆・102 MB/4.9 GB  5.5 MB/s  14m29s[K[A[1Gpulling manifest [K
pulling 667b0c1932bc:   2% 笆・                 笆・103 MB/4.9 GB  5.5 MB/s  14m29s[K[A[1Gpulling manifest [K
pulling 667b0c1932bc:   2% 笆・                 笆・103 MB/4.9 GB  5.5 MB/s  14m29s[K[A[1Gpulling manifest [K
pulling 667b0c1932bc:   2% 笆・                 笆・103 MB/4.9 GB  5.5 MB/s  14m29s[K[A[1Gpulling manifest [K
pulling 667b0c1932bc:   2% 笆・                 笆・103 MB/4.9 GB  5.5 MB/s  14m29s[K[A[1Gpulling manifest [K
pulling 667b0c1932bc:   2% 笆・                 笆・105 MB/4.9 GB  5.5 MB/s  14m28s[K[A[1Gpulling manifest [K
pulling 667b0c1932bc:   2% 笆・                 笆・105 MB/4.9 GB  5.6 MB/s  14m22s[K[A[1Gpulling manifest [K
pulling 667b0c1932bc:   2% 笆・                 笆・106 MB/4.9 GB  5.6 MB/s  14m22s[K[A[1Gpulling manifest [K
pulling 667b0c1932bc:   2% 笆・                 笆・106 MB/4.9 GB  5.6 MB/s  14m22s[K[A[1Gpulling manifest [K
pulling 667b0c1932bc:   2% 笆・                 笆・106 MB/4.9 GB  5.6 MB/s  14m21s[K[A[1Gpulling manifest [K
pulling 667b0c1932bc:   2% 笆・                 笆・107 MB/4.9 GB  5.6 MB/s  14m21s[K[A[1Gpulling manifest [K
pulling 667b0c1932bc:   2% 笆・                 笆・107 MB/4.9 GB  5.6 MB/s  14m21s[K[A[1Gpulling manifest [K
pulling 667b0c1932bc:   2% 笆・                 笆・108 MB/4.9 GB  5.6 MB/s  14m21s[K[A[1Gpulling manifest [K
pulling 667b0c1932bc:   2% 笆・                 笆・108 MB/4.9 GB  5.6 MB/s  14m21s[K[A[1Gpulling manifest [K
pulling 667b0c1932bc:   2% 笆・                 笆・109 MB/4.9 GB  5.6 MB/s  14m21s[K[A[1Gpulling manifest [K
pulling 667b0c1932bc:   2% 笆・                 笆・109 MB/4.9 GB  5.6 MB/s  14m21s[K[A[1Gpulling manifest [K
pulling 667b0c1932bc:   2% 笆・                 笆・110 MB/4.9 GB  5.5 MB/s  14m39s[K[A[1Gpulling manifest [K
pulling 667b0c1932bc:   2% 笆・                 笆・110 MB/4.9 GB  5.5 MB/s  14m39s[K[A[1Gpulling manifest [K
pulling 667b0c1932bc:   2% 笆・                 笆・111 MB/4.9 GB  5.5 MB/s  14m39s[K[A[1Gpulling manifest [K
pulling 667b0c1932bc:   2% 笆・                 笆・111 MB/4.9 GB  5.5 MB/s  14m39s[K[A[1Gpulling manifest [K
pulling 667b0c1932bc:   2% 笆・                 笆・111 MB/4.9 GB  5.5 MB/s  14m39s[K[A[1Gpulling manifest [K
pulling 667b0c1932bc:   2% 笆・                 笆・112 MB/4.9 GB  5.5 MB/s  14m39s[K[A[1Gpulling manifest [K
pulling 667b0c1932bc:   2% 笆・                 笆・113 MB/4.9 GB  5.5 MB/s  14m38s[K[A[1Gpulling manifest [K
pulling 667b0c1932bc:   2% 笆・                 笆・113 MB/4.9 GB  5.5 MB/s  14m38s[K[A[1Gpulling manifest [K
pulling 667b0c1932bc:   2% 笆・                 笆・114 MB/4.9 GB  5.5 MB/s  14m38s[K[A[1Gpulling manifest [K
pulling 667b0c1932bc:   2% 笆・                 笆・114 MB/4.9 GB  5.5 MB/s  14m38s[K[A[1Gpulling manifest [K
pulling 667b0c1932bc:   2% 笆・                 笆・115 MB/4.9 GB  5.5 MB/s  14m38s[K[A[1Gpulling manifest [K
pulling 667b0c1932bc:   2% 笆・                 笆・116 MB/4.9 GB  5.4 MB/s  14m56s[K[A[1Gpulling manifest [K
pulling 667b0c1932bc:   2% 笆・                 笆・116 MB/4.9 GB  5.4 MB/s  14m56s[K[A[1Gpulling manifest [K
pulling 667b0c1932bc:   2% 笆・                 笆・116 MB/4.9 GB  5.4 MB/s  14m56s[K[A[1Gpulling manifest [K
pulling 667b0c1932bc:   2% 笆・                 笆・117 MB/4.9 GB  5.4 MB/s  14m56s[K[A[1Gpulling manifest [K
pulling 667b0c1932bc:   2% 笆・                 笆・118 MB/4.9 GB  5.4 MB/s  14m56s[K[A[1Gpulling manifest [K
pulling 667b0c1932bc:   2% 笆・                 笆・119 MB/4.9 GB  5.4 MB/s  14m56s[K[A[1Gpulling manifest [K
pulling 667b0c1932bc:   2% 笆・                 笆・119 MB/4.9 GB  5.4 MB/s  14m56s[K[A[1Gpulling manifest [K
pulling 667b0c1932bc:   2% 笆・                 笆・119 MB/4.9 GB  5.4 MB/s  14m56s[K[A[1Gpulling manifest [K
pulling 667b0c1932bc:   2% 笆・                 笆・119 MB/4.9 GB  5.4 MB/s  14m56s[K[A[1Gpulling manifest [K
pulling 667b0c1932bc:   2% 笆・                 笆・120 MB/4.9 GB  5.4 MB/s  14m55s[K[A[1Gpulling manifest [K
pulling 667b0c1932bc:   2% 笆・                 笆・121 MB/4.9 GB  5.3 MB/s   15m9s[K[A[1Gpulling manifest [K
pulling 667b0c1932bc:   2% 笆・                 笆・121 MB/4.9 GB  5.3 MB/s   15m9s[K[A[1Gpulling manifest [K
pulling 667b0c1932bc:   2% 笆・                 笆・121 MB/4.9 GB  5.3 MB/s   15m9s[K[A[1Gpulling manifest [K
pulling 667b0c1932bc:   2% 笆・                 笆・122 MB/4.9 GB  5.3 MB/s   15m9s[K[A[1Gpulling manifest [K
pulling 667b0c1932bc:   3% 笆・                 笆・123 MB/4.9 GB  5.3 MB/s   15m9s[K[A[1Gpulling manifest [K
pulling 667b0c1932bc:   3% 笆・                 笆・123 MB/4.9 GB  5.3 MB/s   15m9s[K[A[1Gpulling manifest [K
pulling 667b0c1932bc:   3% 笆・                 笆・124 MB/4.9 GB  5.3 MB/s   15m9s[K[A[1Gpulling manifest [K
pulling 667b0c1932bc:   3% 笆・                 笆・124 MB/4.9 GB  5.3 MB/s   15m9s[K[A[1Gpulling manifest [K
pulling 667b0c1932bc:   3% 笆・                 笆・125 MB/4.9 GB  5.3 MB/s   15m9s[K[A[1Gpulling manifest [K
pulling 667b0c1932bc:   3% 笆・                 笆・125 MB/4.9 GB  5.3 MB/s   15m9s[K[A[1Gpulling manifest [K
pulling 667b0c1932bc:   3% 笆・                 笆・125 MB/4.9 GB  5.2 MB/s  15m20s[K[A[1Gpulling manifest [K
pulling 667b0c1932bc:   3% 笆・                 笆・126 MB/4.9 GB  5.2 MB/s  15m20s[K[A[1Gpulling manifest [K
pulling 667b0c1932bc:   3% 笆・                 笆・127 MB/4.9 GB  5.2 MB/s  15m19s[K[A[1Gpulling manifest [K
pulling 667b0c1932bc:   3% 笆・                 笆・127 MB/4.9 GB  5.2 MB/s  15m19s[K[A[1Gpulling manifest [K
pulling 667b0c1932bc:   3% 笆・                 笆・128 MB/4.9 GB  5.2 MB/s  15m19s[K[A[1Gpulling manifest [K
pulling 667b0c1932bc:   3% 笆・                 笆・128 MB/4.9 GB  5.2 MB/s  15m19s[K[A[1Gpulling manifest [K
pulling 667b0c1932bc:   3% 笆・                 笆・128 MB/4.9 GB  5.2 MB/s  15m19s[K[A[1Gpulling manifest [K
pulling 667b0c1932bc:   3% 笆・                 笆・129 MB/4.9 GB  5.2 MB/s  15m19s[K[A[1Gpulling manifest [K
pulling 667b0c1932bc:   3% 笆・                 笆・130 MB/4.9 GB  5.2 MB/s  15m19s[K[A[1Gpulling manifest [K
pulling 667b0c1932bc:   3% 笆・                 笆・130 MB/4.9 GB  5.2 MB/s  15m19s[K[A[1Gpulling manifest [K
pulling 667b0c1932bc:   3% 笆・                 笆・131 MB/4.9 GB  5.3 MB/s   15m3s[K[A[1Gpulling manifest [K
pulling 667b0c1932bc:   3% 笆・                 笆・131 MB/4.9 GB  5.3 MB/s   15m3s[K[A[1Gpulling manifest [K
pulling 667b0c1932bc:   3% 笆・                 笆・132 MB/4.9 GB  5.3 MB/s   15m3s[K[A[1Gpulling manifest [K
pulling 667b0c1932bc:   3% 笆・                 笆・132 MB/4.9 GB  5.3 MB/s   15m3s[K[A[1Gpulling manifest [K
pulling 667b0c1932bc:   3% 笆・                 笆・133 MB/4.9 GB  5.3 MB/s   15m3s[K[A[1Gpulling manifest [K
pulling 667b0c1932bc:   3% 笆・                 笆・133 MB/4.9 GB  5.3 MB/s   15m3s[K[A[1Gpulling manifest [K
pulling 667b0c1932bc:   3% 笆・                 笆・134 MB/4.9 GB  5.3 MB/s   15m3s[K[A[1Gpulling manifest [K
pulling 667b0c1932bc:   3% 笆・                 笆・134 MB/4.9 GB  5.3 MB/s   15m3s[K[A[1Gpulling manifest [K
pulling 667b0c1932bc:   3% 笆・                 笆・134 MB/4.9 GB  5.3 MB/s   15m3s[K[A[1Gpulling manifest [K
pulling 667b0c1932bc:   3% 笆・                 笆・135 MB/4.9 GB  5.3 MB/s   15m3s[K[A[1Gpulling manifest [K
pulling 667b0c1932bc:   3% 笆・                 笆・136 MB/4.9 GB  5.1 MB/s  15m30s[K[A[1Gpulling manifest [K
pulling 667b0c1932bc:   3% 笆・                 笆・136 MB/4.9 GB  5.1 MB/s  15m30s[K[A[1Gpulling manifest [K
pulling 667b0c1932bc:   3% 笆・                 笆・137 MB/4.9 GB  5.1 MB/s  15m29s[K[A[1Gpulling manifest [K
pulling 667b0c1932bc:   3% 笆・                 笆・137 MB/4.9 GB  5.1 MB/s  15m29s[K[A[1Gpulling manifest [K
pulling 667b0c1932bc:   3% 笆・                 笆・138 MB/4.9 GB  5.1 MB/s  15m29s[K[A[1Gpulling manifest [K
pulling 667b0c1932bc:   3% 笆・                 笆・139 MB/4.9 GB  5.1 MB/s  15m29s[K[A[1Gpulling manifest [K
pulling 667b0c1932bc:   3% 笆・                 笆・139 MB/4.9 GB  5.1 MB/s  15m29s[K[A[1Gpulling manifest [K
pulling 667b0c1932bc:   3% 笆・                 笆・139 MB/4.9 GB  5.1 MB/s  15m29s[K[A[1Gpulling manifest [K
pulling 667b0c1932bc:   3% 笆・                 笆・140 MB/4.9 GB  5.1 MB/s  15m29s[K[A[1Gpulling manifest [K
pulling 667b0c1932bc:   3% 笆・                 笆・140 MB/4.9 GB  5.1 MB/s  15m29s[K[A[1Gpulling manifest [K
pulling 667b0c1932bc:   3% 笆・                 笆・140 MB/4.9 GB  5.1 MB/s  15m29s[K[A[1Gpulling manifest [K
pulling 667b0c1932bc:   3% 笆・                 笆・142 MB/4.9 GB  5.3 MB/s   15m3s[K[A[1Gpulling manifest [K
pulling 667b0c1932bc:   3% 笆・                 笆・142 MB/4.9 GB  5.3 MB/s   15m3s[K[A[1Gpulling manifest [K
pulling 667b0c1932bc:   3% 笆・                 笆・143 MB/4.9 GB  5.3 MB/s   15m3s[K[A[1Gpulling manifest [K
pulling 667b0c1932bc:   3% 笆・                 笆・143 MB/4.9 GB  5.3 MB/s   15m3s[K[A[1Gpulling manifest [K
pulling 667b0c1932bc:   3% 笆・                 笆・143 MB/4.9 GB  5.3 MB/s   15m3s[K[A[1Gpulling manifest [K
pulling 667b0c1932bc:   3% 笆・                 笆・144 MB/4.9 GB  5.3 MB/s   15m3s[K[A[1Gpulling manifest [K
pulling 667b0c1932bc:   3% 笆・                 笆・144 MB/4.9 GB  5.3 MB/s   15m3s[K[A[1Gpulling manifest [K
pulling 667b0c1932bc:   3% 笆・                 笆・146 MB/4.9 GB  5.3 MB/s   15m3s[K[A[1Gpulling manifest [K
pulling 667b0c1932bc:   3% 笆・                 笆・146 MB/4.9 GB  5.3 MB/s   15m3s[K[A[1Gpulling manifest [K
pulling 667b0c1932bc:   3% 笆・                 笆・147 MB/4.9 GB  5.3 MB/s   15m3s[K[A[1Gpulling manifest [K
pulling 667b0c1932bc:   3% 笆・                 笆・147 MB/4.9 GB  5.3 MB/s   15m9s[K[A[1Gpulling manifest [K
pulling 667b0c1932bc:   3% 笆・                 笆・147 MB/4.9 GB  5.3 MB/s   15m9s[K[A[1Gpulling manifest [K
pulling 667b0c1932bc:   3% 笆・                 笆・148 MB/4.9 GB  5.3 MB/s   15m8s[K[A[1Gpulling manifest [K
pulling 667b0c1932bc:   3% 笆・                 笆・148 MB/4.9 GB  5.3 MB/s   15m8s[K[A[1Gpulling manifest [K
pulling 667b0c1932bc:   3% 笆・                 笆・148 MB/4.9 GB  5.3 MB/s   15m8s[K[A[1Gpulling manifest [K
pulling 667b0c1932bc:   3% 笆・                 笆・149 MB/4.9 GB  5.3 MB/s   15m8s[K[A[1Gpulling manifest [K
pulling 667b0c1932bc:   3% 笆・                 笆・150 MB/4.9 GB  5.3 MB/s   15m8s[K[A[1Gpulling manifest [K
pulling 667b0c1932bc:   3% 笆・                 笆・151 MB/4.9 GB  5.3 MB/s   15m8s[K[A[1Gpulling manifest [K
pulling 667b0c1932bc:   3% 笆・                 笆・151 MB/4.9 GB  5.3 MB/s   15m8s[K[A[1Gpulling manifest [K
pulling 667b0c1932bc:   3% 笆・                 笆・152 MB/4.9 GB  5.3 MB/s   15m8s[K[A[1Gpulling manifest [K
pulling 667b0c1932bc:   3% 笆・                 笆・152 MB/4.9 GB  5.2 MB/s  15m11s[K[A[1Gpulling manifest [K
pulling 667b0c1932bc:   3% 笆・                 笆・153 MB/4.9 GB  5.2 MB/s  15m10s[K[A[1Gpulling manifest [K
pulling 667b0c1932bc:   3% 笆・                 笆・153 MB/4.9 GB  5.2 MB/s  15m10s[K[A[1Gpulling manifest [K
pulling 667b0c1932bc:   3% 笆・                 笆・153 MB/4.9 GB  5.2 MB/s  15m10s[K[A[1Gpulling manifest [K
pulling 667b0c1932bc:   3% 笆・                 笆・154 MB/4.9 GB  5.2 MB/s  15m10s[K[A[1Gpulling manifest [K
pulling 667b0c1932bc:   3% 笆・                 笆・155 MB/4.9 GB  5.2 MB/s  15m10s[K[A[1Gpulling manifest [K
pulling 667b0c1932bc:   3% 笆・                 笆・155 MB/4.9 GB  5.2 MB/s  15m10s[K[A[1Gpulling manifest [K
pulling 667b0c1932bc:   3% 笆・                 笆・156 MB/4.9 GB  5.2 MB/s  15m10s[K[A[1Gpulling manifest [K
pulling 667b0c1932bc:   3% 笆・                 笆・157 MB/4.9 GB  5.2 MB/s  15m10s[K[A[1Gpulling manifest [K
pulling 667b0c1932bc:   3% 笆・                 笆・157 MB/4.9 GB  5.2 MB/s  15m10s[K[A[1Gpulling manifest [K
pulling 667b0c1932bc:   3% 笆・                 笆・158 MB/4.9 GB  5.4 MB/s  14m45s[K[A[1Gpulling manifest [K
pulling 667b0c1932bc:   3% 笆・                 笆・159 MB/4.9 GB  5.4 MB/s  14m45s[K[A[1Gpulling manifest [K
pulling 667b0c1932bc:   3% 笆・                 笆・159 MB/4.9 GB  5.4 MB/s  14m45s[K[A[1Gpulling manifest [K
pulling 667b0c1932bc:   3% 笆・                 笆・160 MB/4.9 GB  5.4 MB/s  14m45s[K[A[1Gpulling manifest [K
pulling 667b0c1932bc:   3% 笆・                 笆・161 MB/4.9 GB  5.4 MB/s  14m45s[K[A[1Gpulling manifest [K
pulling 667b0c1932bc:   3% 笆・                 笆・161 MB/4.9 GB  5.4 MB/s  14m45s[K[A[1Gpulling manifest [K
pulling 667b0c1932bc:   3% 笆・                 笆・162 MB/4.9 GB  5.4 MB/s  14m44s[K[A[1Gpulling manifest [K
pulling 667b0c1932bc:   3% 笆・                 笆・163 MB/4.9 GB  5.4 MB/s  14m44s[K[A[1Gpulling manifest [K
pulling 667b0c1932bc:   3% 笆・                 笆・163 MB/4.9 GB  5.4 MB/s  14m44s[K[A[1Gpulling manifest [K
pulling 667b0c1932bc:   3% 笆・                 笆・164 MB/4.9 GB  5.4 MB/s  14m44s[K[A[1Gpulling manifest [K
pulling 667b0c1932bc:   3% 笆・                 笆・164 MB/4.9 GB  5.5 MB/s  14m26s[K[A[1Gpulling manifest [K
pulling 667b0c1932bc:   3% 笆・                 笆・164 MB/4.9 GB  5.5 MB/s  14m26s[K[A[1Gpulling manifest [K
pulling 667b0c1932bc:   3% 笆・                 笆・165 MB/4.9 GB  5.5 MB/s  14m26s[K[A[1Gpulling manifest [K
pulling 667b0c1932bc:   3% 笆・                 笆・165 MB/4.9 GB  5.5 MB/s  14m26s[K[A[1Gpulling manifest [K
pulling 667b0c1932bc:   3% 笆・                 笆・167 MB/4.9 GB  5.5 MB/s  14m26s[K[A[1Gpulling manifest [K
pulling 667b0c1932bc:   3% 笆・                 笆・167 MB/4.9 GB  5.5 MB/s  14m26s[K[A[1Gpulling manifest [K
pulling 667b0c1932bc:   3% 笆・                 笆・168 MB/4.9 GB  5.5 MB/s  14m26s[K[A[1Gpulling manifest [K
pulling 667b0c1932bc:   3% 笆・                 笆・168 MB/4.9 GB  5.5 MB/s  14m26s[K[A[1Gpulling manifest [K
pulling 667b0c1932bc:   3% 笆・                 笆・169 MB/4.9 GB  5.5 MB/s  14m25s[K[A[1Gpulling manifest [K
pulling 667b0c1932bc:   3% 笆・                 笆・169 MB/4.9 GB  5.5 MB/s  14m25s[K[A[1Gpulling manifest [K
pulling 667b0c1932bc:   3% 笆・                 笆・169 MB/4.9 GB  5.5 MB/s  14m25s[K[A[1Gpulling manifest [K
pulling 667b0c1932bc:   3% 笆・                 笆・170 MB/4.9 GB  5.4 MB/s  14m35s[K[A[1Gpulling manifest [K
pulling 667b0c1932bc:   3% 笆・                 笆・171 MB/4.9 GB  5.4 MB/s  14m35s[K[A[1Gpulling manifest [K
pulling 667b0c1932bc:   3% 笆・                 笆・171 MB/4.9 GB  5.4 MB/s  14m35s[K[A[1Gpulling manifest [K
pulling 667b0c1932bc:   3% 笆・                 笆・172 MB/4.9 GB  5.4 MB/s  14m34s[K[A[1Gpulling manifest [K
pulling 667b0c1932bc:   4% 笆・                 笆・173 MB/4.9 GB  5.4 MB/s  14m34s[K[A[1Gpulling manifest [K
pulling 667b0c1932bc:   4% 笆・                 笆・173 MB/4.9 GB  5.4 MB/s  14m34s[K[A[1Gpulling manifest [K
pulling 667b0c1932bc:   4% 笆・                 笆・174 MB/4.9 GB  5.4 MB/s  14m34s[K[A[1Gpulling manifest [K
pulling 667b0c1932bc:   4% 笆・                 笆・175 MB/4.9 GB  5.4 MB/s  14m34s[K[A[1Gpulling manifest [K
pulling 667b0c1932bc:   4% 笆・                 笆・175 MB/4.9 GB  5.4 MB/s  14m34s[K[A[1Gpulling manifest [K
pulling 667b0c1932bc:   4% 笆・                 笆・175 MB/4.9 GB  5.4 MB/s  14m34s[K[A[1Gpulling manifest [K
pulling 667b0c1932bc:   4% 笆・                 笆・175 MB/4.9 GB  5.6 MB/s  14m12s[K[A[1Gpulling manifest [K
pulling 667b0c1932bc:   4% 笆・                 笆・175 MB/4.9 GB  5.6 MB/s  14m12s[K[A[1Gpulling manifest [K
pulling 667b0c1932bc:   4% 笆・                 笆・177 MB/4.9 GB  5.6 MB/s  14m12s[K[A[1Gpulling manifest [K
pulling 667b0c1932bc:   4% 笆・                 笆・177 MB/4.9 GB  5.6 MB/s  14m12s[K[A[1Gpulling manifest [K
pulling 667b0c1932bc:   4% 笆・                 笆・177 MB/4.9 GB  5.6 MB/s  14m12s[K[A[1Gpulling manifest [K
pulling 667b0c1932bc:   4% 笆・                 笆・178 MB/4.9 GB  5.6 MB/s  14m12s[K[A[1Gpulling manifest [K
pulling 667b0c1932bc:   4% 笆・                 笆・179 MB/4.9 GB  5.6 MB/s  14m11s[K[A[1Gpulling manifest [K
pulling 667b0c1932bc:   4% 笆・                 笆・179 MB/4.9 GB  5.6 MB/s  14m11s[K[A[1Gpulling manifest [K
pulling 667b0c1932bc:   4% 笆・                 笆・180 MB/4.9 GB  5.6 MB/s  14m11s[K[A[1Gpulling manifest [K
pulling 667b0c1932bc:   4% 笆・                 笆・180 MB/4.9 GB  5.6 MB/s  14m11s[K[A[1Gpulling manifest [K
pulling 667b0c1932bc:   4% 笆・                 笆・181 MB/4.9 GB  5.5 MB/s  14m24s[K[A[1Gpulling manifest [K
pulling 667b0c1932bc:   4% 笆・                 笆・181 MB/4.9 GB  5.5 MB/s  14m24s[K[A[1Gpulling manifest [K
pulling 667b0c1932bc:   4% 笆・                 笆・181 MB/4.9 GB  5.5 MB/s  14m24s[K[A[1Gpulling manifest [K
pulling 667b0c1932bc:   4% 笆・                 笆・181 MB/4.9 GB  5.5 MB/s  14m24s[K[A[1Gpulling manifest [K
pulling 667b0c1932bc:   4% 笆・                 笆・182 MB/4.9 GB  5.5 MB/s  14m23s[K[A[1Gpulling manifest [K
pulling 667b0c1932bc:   4% 笆・                 笆・183 MB/4.9 GB  5.5 MB/s  14m23s[K[A[1Gpulling manifest [K
pulling 667b0c1932bc:   4% 笆・                 笆・184 MB/4.9 GB  5.5 MB/s  14m23s[K[A[1Gpulling manifest [K
pulling 667b0c1932bc:   4% 笆・                 笆・184 MB/4.9 GB  5.5 MB/s  14m23s[K[A[1Gpulling manifest [K
pulling 667b0c1932bc:   4% 笆・                 笆・184 MB/4.9 GB  5.5 MB/s  14m23s[K[A[1Gpulling manifest [K
pulling 667b0c1932bc:   4% 笆・                 笆・184 MB/4.9 GB  5.5 MB/s  14m23s[K[A[1Gpulling manifest [K
pulling 667b0c1932bc:   4% 笆・                 笆・185 MB/4.9 GB  5.5 MB/s  14m18s[K[A[1Gpulling manifest [K
pulling 667b0c1932bc:   4% 笆・                 笆・186 MB/4.9 GB  5.5 MB/s  14m18s[K[A[1Gpulling manifest [K
pulling 667b0c1932bc:   4% 笆・                 笆・186 MB/4.9 GB  5.5 MB/s  14m18s[K[A[1Gpulling manifest [K
pulling 667b0c1932bc:   4% 笆・                 笆・187 MB/4.9 GB  5.5 MB/s  14m18s[K[A[1Gpulling manifest [K
pulling 667b0c1932bc:   4% 笆・                 笆・188 MB/4.9 GB  5.5 MB/s  14m18s[K[A[1Gpulling manifest [K
pulling 667b0c1932bc:   4% 笆・                 笆・188 MB/4.9 GB  5.5 MB/s  14m18s[K[A[1Gpulling manifest [K
pulling 667b0c1932bc:   4% 笆・                 笆・189 MB/4.9 GB  5.5 MB/s  14m18s[K[A[1Gpulling manifest [K
pulling 667b0c1932bc:   4% 笆・                 笆・189 MB/4.9 GB  5.5 MB/s  14m18s[K[A[1Gpulling manifest [K
pulling 667b0c1932bc:   4% 笆・                 笆・189 MB/4.9 GB  5.5 MB/s  14m18s[K[A[1Gpulling manifest [K
pulling 667b0c1932bc:   4% 笆・                 笆・190 MB/4.9 GB  5.5 MB/s  14m18s[K[A[1Gpulling manifest [K
pulling 667b0c1932bc:   4% 笆・                 笆・191 MB/4.9 GB  5.5 MB/s  14m27s[K[A[1Gpulling manifest [K
pulling 667b0c1932bc:   4% 笆・                 笆・191 MB/4.9 GB  5.5 MB/s  14m27s[K[A[1Gpulling manifest [K
pulling 667b0c1932bc:   4% 笆・                 笆・192 MB/4.9 GB  5.5 MB/s  14m27s[K[A[1Gpulling manifest [K
pulling 667b0c1932bc:   4% 笆・                 笆・192 MB/4.9 GB  5.5 MB/s  14m26s[K[A[1Gpulling manifest [K
pulling 667b0c1932bc:   4% 笆・                 笆・193 MB/4.9 GB  5.5 MB/s  14m26s[K[A[1Gpulling manifest [K
pulling 667b0c1932bc:   4% 笆・                 笆・193 MB/4.9 GB  5.5 MB/s  14m26s[K[A[1Gpulling manifest [K
pulling 667b0c1932bc:   4% 笆・                 笆・194 MB/4.9 GB  5.5 MB/s  14m26s[K[A[1Gpulling manifest [K
pulling 667b0c1932bc:   4% 笆・                 笆・194 MB/4.9 GB  5.5 MB/s  14m26s[K[A[1Gpulling manifest [K
pulling 667b0c1932bc:   4% 笆・                 笆・194 MB/4.9 GB  5.5 MB/s  14m26s[K[A[1Gpulling manifest [K
pulling 667b0c1932bc:   4% 笆・                 笆・195 MB/4.9 GB  5.5 MB/s  14m26s[K[A[1Gpulling manifest [K
pulling 667b0c1932bc:   4% 笆・                 笆・195 MB/4.9 GB  5.5 MB/s  14m26s[K[A[1Gpulling manifest [K
pulling 667b0c1932bc:   4% 笆・                 笆・196 MB/4.9 GB  5.4 MB/s  14m30s[K[A[1Gpulling manifest [K
pulling 667b0c1932bc:   4% 笆・                 笆・197 MB/4.9 GB  5.4 MB/s  14m30s[K[A[1Gpulling manifest [K
pulling 667b0c1932bc:   4% 笆・                 笆・197 MB/4.9 GB  5.4 MB/s  14m30s[K[A[1Gpulling manifest [K
pulling 667b0c1932bc:   4% 笆・                 笆・198 MB/4.9 GB  5.4 MB/s  14m30s[K[A[1Gpulling manifest [K
pulling 667b0c1932bc:   4% 笆・                 笆・198 MB/4.9 GB  5.4 MB/s  14m30s[K[A[1Gpulling manifest [K
pulling 667b0c1932bc:   4% 笆・                 笆・199 MB/4.9 GB  5.4 MB/s  14m30s[K[A[1Gpulling manifest [K
pulling 667b0c1932bc:   4% 笆・                 笆・199 MB/4.9 GB  5.4 MB/s  14m30s[K[A[1Gpulling manifest [K
pulling 667b0c1932bc:   4% 笆・                 笆・199 MB/4.9 GB  5.4 MB/s  14m30s[K[A[1Gpulling manifest [K
pulling 667b0c1932bc:   4% 笆・                 笆・199 MB/4.9 GB  5.4 MB/s  14m30s[K[A[1Gpulling manifest [K
pulling 667b0c1932bc:   4% 笆・                 笆・200 MB/4.9 GB  5.4 MB/s  14m29s[K[A[1Gpulling manifest [K
pulling 667b0c1932bc:   4% 笆・                 笆・201 MB/4.9 GB  5.5 MB/s  14m24s[K[A[1Gpulling manifest [K
pulling 667b0c1932bc:   4% 笆・                 笆・202 MB/4.9 GB  5.5 MB/s  14m24s[K[A[1Gpulling manifest [K
pulling 667b0c1932bc:   4% 笆・                 笆・202 MB/4.9 GB  5.5 MB/s  14m24s[K[A[1Gpulling manifest [K
pulling 667b0c1932bc:   4% 笆・                 笆・203 MB/4.9 GB  5.5 MB/s  14m24s[K[A[1Gpulling manifest [K
pulling 667b0c1932bc:   4% 笆・                 笆・203 MB/4.9 GB  5.5 MB/s  14m24s[K[A[1Gpulling manifest [K
pulling 667b0c1932bc:   4% 笆・                 笆・204 MB/4.9 GB  5.5 MB/s  14m24s[K[A[1Gpulling manifest [K
pulling 667b0c1932bc:   4% 笆・                 笆・204 MB/4.9 GB  5.5 MB/s  14m24s[K[A[1Gpulling manifest [K
pulling 667b0c1932bc:   4% 笆・                 笆・204 MB/4.9 GB  5.5 MB/s  14m24s[K[A[1Gpulling manifest [K
pulling 667b0c1932bc:   4% 笆・                 笆・205 MB/4.9 GB  5.5 MB/s  14m23s[K[A[1Gpulling manifest [K
pulling 667b0c1932bc:   4% 笆・                 笆・206 MB/4.9 GB  5.5 MB/s  14m23s[K[A[1Gpulling manifest [K
pulling 667b0c1932bc:   4% 笆・                 笆・206 MB/4.9 GB  5.4 MB/s  14m38s[K[A[1Gpulling manifest [K
pulling 667b0c1932bc:   4% 笆・                 笆・207 MB/4.9 GB  5.4 MB/s  14m38s[K[A[1Gpulling manifest [K
pulling 667b0c1932bc:   4% 笆・                 笆・208 MB/4.9 GB  5.4 MB/s  14m38s[K[A[1Gpulling manifest [K
pulling 667b0c1932bc:   4% 笆・                 笆・208 MB/4.9 GB  5.4 MB/s  14m38s[K[A[1Gpulling manifest [K
pulling 667b0c1932bc:   4% 笆・                 笆・208 MB/4.9 GB  5.4 MB/s  14m38s[K[A[1Gpulling manifest [K
pulling 667b0c1932bc:   4% 笆・                 笆・209 MB/4.9 GB  5.4 MB/s  14m38s[K[A[1Gpulling manifest [K
pulling 667b0c1932bc:   4% 笆・                 笆・209 MB/4.9 GB  5.4 MB/s  14m38s[K[A[1Gpulling manifest [K
pulling 667b0c1932bc:   4% 笆・                 笆・210 MB/4.9 GB  5.4 MB/s  14m38s[K[A[1Gpulling manifest [K
pulling 667b0c1932bc:   4% 笆・                 笆・210 MB/4.9 GB  5.4 MB/s  14m38s[K[A[1Gpulling manifest [K
pulling 667b0c1932bc:   4% 笆・                 笆・211 MB/4.9 GB  5.4 MB/s  14m38s[K[A[1Gpulling manifest [K
pulling 667b0c1932bc:   4% 笆・                 笆・212 MB/4.9 GB  5.3 MB/s  14m55s[K[A[1Gpulling manifest [K
pulling 667b0c1932bc:   4% 笆・                 笆・212 MB/4.9 GB  5.3 MB/s  14m55s[K[A[1Gpulling manifest [K
pulling 667b0c1932bc:   4% 笆・                 笆・212 MB/4.9 GB  5.3 MB/s  14m55s[K[A[1Gpulling manifest [K
pulling 667b0c1932bc:   4% 笆・                 笆・213 MB/4.9 GB  5.3 MB/s  14m55s[K[A[1Gpulling manifest [K
pulling 667b0c1932bc:   4% 笆・                 笆・213 MB/4.9 GB  5.3 MB/s  14m55s[K[A[1Gpulling manifest [K
pulling 667b0c1932bc:   4% 笆・                 笆・214 MB/4.9 GB  5.3 MB/s  14m55s[K[A[1Gpulling manifest [K
pulling 667b0c1932bc:   4% 笆・                 笆・214 MB/4.9 GB  5.3 MB/s  14m55s[K[A[1Gpulling manifest [K
pulling 667b0c1932bc:   4% 笆・                 笆・215 MB/4.9 GB  5.3 MB/s  14m55s[K[A[1Gpulling manifest [K
pulling 667b0c1932bc:   4% 笆・                 笆・215 MB/4.9 GB  5.3 MB/s  14m55s[K[A[1Gpulling manifest [K
pulling 667b0c1932bc:   4% 笆・                 笆・216 MB/4.9 GB  5.3 MB/s  14m54s[K[A[1Gpulling manifest [K
pulling 667b0c1932bc:   4% 笆・                 笆・216 MB/4.9 GB  5.2 MB/s   15m2s[K[A[1Gpulling manifest [K
pulling 667b0c1932bc:   4% 笆・                 笆・217 MB/4.9 GB  5.2 MB/s   15m2s[K[A[1Gpulling manifest [K
pulling 667b0c1932bc:   4% 笆・                 笆・217 MB/4.9 GB  5.2 MB/s   15m2s[K[A[1Gpulling manifest [K
pulling 667b0c1932bc:   4% 笆・                 笆・217 MB/4.9 GB  5.2 MB/s   15m2s[K[A[1Gpulling manifest [K
pulling 667b0c1932bc:   4% 笆・                 笆・217 MB/4.9 GB  5.2 MB/s   15m2s[K[A[1Gpulling manifest [K
pulling 667b0c1932bc:   4% 笆・                 笆・218 MB/4.9 GB  5.2 MB/s   15m1s[K[A[1Gpulling manifest [K
pulling 667b0c1932bc:   4% 笆・                 笆・218 MB/4.9 GB  5.2 MB/s   15m1s[K[A[1Gpulling manifest [K
pulling 667b0c1932bc:   4% 笆・                 笆・218 MB/4.9 GB  5.2 MB/s   15m1s[K[A[1Gpulling manifest [K
pulling 667b0c1932bc:   4% 笆・                 笆・220 MB/4.9 GB  5.2 MB/s   15m1s[K[A[1Gpulling manifest [K
pulling 667b0c1932bc:   4% 笆・                 笆・220 MB/4.9 GB  5.2 MB/s   15m1s[K[A[1Gpulling manifest [K
pulling 667b0c1932bc:   4% 笆・                 笆・220 MB/4.9 GB  5.2 MB/s   15m1s[K[A[1Gpulling manifest [K
pulling 667b0c1932bc:   4% 笆・                 笆・221 MB/4.9 GB  5.0 MB/s  15m36s[K[A[1Gpulling manifest [K
pulling 667b0c1932bc:   5% 笆・                 笆・221 MB/4.9 GB  5.0 MB/s  15m36s[K[A[1Gpulling manifest [K
pulling 667b0c1932bc:   5% 笆・                 笆・222 MB/4.9 GB  5.0 MB/s  15m36s[K[A[1Gpulling manifest [K
pulling 667b0c1932bc:   5% 笆・                 笆・222 MB/4.9 GB  5.0 MB/s  15m36s[K[A[1Gpulling manifest [K
pulling 667b0c1932bc:   5% 笆・                 笆・223 MB/4.9 GB  5.0 MB/s  15m36s[K[A[1Gpulling manifest [K
pulling 667b0c1932bc:   5% 笆・                 笆・223 MB/4.9 GB  5.0 MB/s  15m36s[K[A[1Gpulling manifest [K
pulling 667b0c1932bc:   5% 笆・                 笆・224 MB/4.9 GB  5.0 MB/s  15m36s[K[A[1Gpulling manifest [K
pulling 667b0c1932bc:   5% 笆・                 笆・225 MB/4.9 GB  5.0 MB/s  15m35s[K[A[1Gpulling manifest [K
pulling 667b0c1932bc:   5% 笆・                 笆・225 MB/4.9 GB  5.0 MB/s  15m35s[K[A[1Gpulling manifest [K
pulling 667b0c1932bc:   5% 笆・                 笆・226 MB/4.9 GB  5.0 MB/s  15m35s[K[A[1Gpulling manifest [K
pulling 667b0c1932bc:   5% 笆・                 笆・226 MB/4.9 GB  5.1 MB/s  15m28s[K[A[1Gpulling manifest [K
pulling 667b0c1932bc:   5% 笆・                 笆・226 MB/4.9 GB  5.1 MB/s  15m28s[K[A[1Gpulling manifest [K
pulling 667b0c1932bc:   5% 笆・                 笆・227 MB/4.9 GB  5.1 MB/s  15m28s[K[A[1Gpulling manifest [K
pulling 667b0c1932bc:   5% 笆・                 笆・228 MB/4.9 GB  5.1 MB/s  15m28s[K[A[1Gpulling manifest [K
pulling 667b0c1932bc:   5% 笆・                 笆・228 MB/4.9 GB  5.1 MB/s  15m28s[K[A[1Gpulling manifest [K
pulling 667b0c1932bc:   5% 笆・                 笆・229 MB/4.9 GB  5.1 MB/s  15m28s[K[A[1Gpulling manifest [K
pulling 667b0c1932bc:   5% 笆・                 笆・230 MB/4.9 GB  5.1 MB/s  15m28s[K[A[1Gpulling manifest [K
pulling 667b0c1932bc:   5% 笆・                 笆・230 MB/4.9 GB  5.1 MB/s  15m27s[K[A[1Gpulling manifest [K
pulling 667b0c1932bc:   5% 笆・                 笆・230 MB/4.9 GB  5.1 MB/s  15m27s[K[A[1Gpulling manifest [K
pulling 667b0c1932bc:   5% 笆・                 笆・230 MB/4.9 GB  5.1 MB/s  15m27s[K[A[1Gpulling manifest [K
pulling 667b0c1932bc:   5% 笆・                 笆・231 MB/4.9 GB  5.0 MB/s  15m30s[K[A[1Gpulling manifest [K
pulling 667b0c1932bc:   5% 笆・                 笆・231 MB/4.9 GB  5.0 MB/s  15m30s[K[A[1Gpulling manifest [K
pulling 667b0c1932bc:   5% 笆・                 笆・233 MB/4.9 GB  5.0 MB/s  15m30s[K[A[1Gpulling manifest [K
pulling 667b0c1932bc:   5% 笆・                 笆・233 MB/4.9 GB  5.0 MB/s  15m29s[K[A[1Gpulling manifest [K
pulling 667b0c1932bc:   5% 笆・                 笆・234 MB/4.9 GB  5.0 MB/s  15m29s[K[A[1Gpulling manifest [K
pulling 667b0c1932bc:   5% 笆・                 笆・235 MB/4.9 GB  5.0 MB/s  15m29s[K[A[1Gpulling manifest [K
pulling 667b0c1932bc:   5% 笆・                 笆・235 MB/4.9 GB  5.0 MB/s  15m29s[K[A[1Gpulling manifest [K
pulling 667b0c1932bc:   5% 笆・                 笆・236 MB/4.9 GB  5.0 MB/s  15m29s[K[A[1Gpulling manifest [K
pulling 667b0c1932bc:   5% 笆・                 笆・237 MB/4.9 GB  5.0 MB/s  15m29s[K[A[1Gpulling manifest [K
pulling 667b0c1932bc:   5% 笆・                 笆・237 MB/4.9 GB  5.0 MB/s  15m29s[K[A[1Gpulling manifest [K
pulling 667b0c1932bc:   5% 笆・                 笆・238 MB/4.9 GB  5.2 MB/s  14m53s[K[A[1Gpulling manifest [K
pulling 667b0c1932bc:   5% 笆・                 笆・239 MB/4.9 GB  5.2 MB/s  14m53s[K[A[1Gpulling manifest [K
pulling 667b0c1932bc:   5% 笆・                 笆・239 MB/4.9 GB  5.2 MB/s  14m52s[K[A[1Gpulling manifest [K
pulling 667b0c1932bc:   5% 笆・                 笆・240 MB/4.9 GB  5.2 MB/s  14m52s[K[A[1Gpulling manifest [K
pulling 667b0c1932bc:   5% 笆・                 笆・241 MB/4.9 GB  5.2 MB/s  14m52s[K[A[1Gpulling manifest [K
pulling 667b0c1932bc:   5% 笆・                 笆・241 MB/4.9 GB  5.2 MB/s  14m52s[K[A[1Gpulling manifest [K
pulling 667b0c1932bc:   5% 笆・                 笆・242 MB/4.9 GB  5.2 MB/s  14m52s[K[A[1Gpulling manifest [K
pulling 667b0c1932bc:   5% 笆・                 笆・243 MB/4.9 GB  5.2 MB/s  14m52s[K[A[1Gpulling manifest [K
pulling 667b0c1932bc:   5% 笆・                 笆・243 MB/4.9 GB  5.2 MB/s  14m52s[K[A[1Gpulling manifest [K
pulling 667b0c1932bc:   5% 笆・                 笆・244 MB/4.9 GB  5.2 MB/s  14m52s[K[A[1Gpulling manifest [K
pulling 667b0c1932bc:   5% 笆・                 笆・245 MB/4.9 GB  5.4 MB/s  14m18s[K[A[1Gpulling manifest [K
pulling 667b0c1932bc:   5% 笆・                 笆・245 MB/4.9 GB  5.4 MB/s  14m18s[K[A[1Gpulling manifest [K
pulling 667b0c1932bc:   5% 笆・                 笆・246 MB/4.9 GB  5.4 MB/s  14m18s[K[A[1Gpulling manifest [K
pulling 667b0c1932bc:   5% 笆・                 笆・246 MB/4.9 GB  5.4 MB/s  14m18s[K[A[1Gpulling manifest [K
pulling 667b0c1932bc:   5% 笆・                 笆・246 MB/4.9 GB  5.4 MB/s  14m18s[K[A[1Gpulling manifest [K
pulling 667b0c1932bc:   5% 笆・                 笆・247 MB/4.9 GB  5.4 MB/s  14m17s[K[A[1Gpulling manifest [K
pulling 667b0c1932bc:   5% 笆・                 笆・247 MB/4.9 GB  5.4 MB/s  14m17s[K[A[1Gpulling manifest [K
pulling 667b0c1932bc:   5% 笆・                 笆・248 MB/4.9 GB  5.4 MB/s  14m17s[K[A[1Gpulling manifest [K
pulling 667b0c1932bc:   5% 笆・                 笆・248 MB/4.9 GB  5.4 MB/s  14m17s[K[A[1Gpulling manifest [K
pulling 667b0c1932bc:   5% 笆・                 笆・249 MB/4.9 GB  5.4 MB/s  14m17s[K[A[1Gpulling manifest [K
pulling 667b0c1932bc:   5% 笆・                 笆・249 MB/4.9 GB  5.4 MB/s  14m17s[K[A[1Gpulling manifest [K
pulling 667b0c1932bc:   5% 笆・                 笆・250 MB/4.9 GB  5.4 MB/s  14m22s[K[A[1Gpulling manifest [K
pulling 667b0c1932bc:   5% 笆・                 笆・252 MB/4.9 GB  5.4 MB/s  14m22s[K[A[1Gpulling manifest [K
pulling 667b0c1932bc:   5% 笆・                 笆・252 MB/4.9 GB  5.4 MB/s  14m22s[K[A[1Gpulling manifest [K
pulling 667b0c1932bc:   5% 笆・                 笆・252 MB/4.9 GB  5.4 MB/s  14m22s[K[A[1Gpulling manifest [K
pulling 667b0c1932bc:   5% 笆・                 笆・253 MB/4.9 GB  5.4 MB/s  14m22s[K[A[1Gpulling manifest [K
pulling 667b0c1932bc:   5% 笆・                 笆・254 MB/4.9 GB  5.4 MB/s  14m22s[K[A[1Gpulling manifest [K
pulling 667b0c1932bc:   5% 笆・                 笆・254 MB/4.9 GB  5.4 MB/s  14m22s[K[A[1Gpulling manifest [K
pulling 667b0c1932bc:   5% 笆・                 笆・256 MB/4.9 GB  5.4 MB/s  14m21s[K[A[1Gpulling manifest [K
pulling 667b0c1932bc:   5% 笆・                 笆・256 MB/4.9 GB  5.4 MB/s  14m21s[K[A[1Gpulling manifest [K
pulling 667b0c1932bc:   5% 笆・                 笆・257 MB/4.9 GB  5.4 MB/s  14m21s[K[A[1Gpulling manifest [K
pulling 667b0c1932bc:   5% 笆・                 笆・258 MB/4.9 GB  5.7 MB/s  13m42s[K[A[1Gpulling manifest [K
pulling 667b0c1932bc:   5% 笆・                 笆・258 MB/4.9 GB  5.7 MB/s  13m42s[K[A[1Gpulling manifest [K
pulling 667b0c1932bc:   5% 笆・                 笆・259 MB/4.9 GB  5.7 MB/s  13m42s[K[A[1Gpulling manifest [K
pulling 667b0c1932bc:   5% 笆・                 笆・259 MB/4.9 GB  5.7 MB/s  13m42s[K[A[1Gpulling manifest [K
pulling 667b0c1932bc:   5% 笆・                 笆・260 MB/4.9 GB  5.7 MB/s  13m42s[K[A[1Gpulling manifest [K
pulling 667b0c1932bc:   5% 笆・                 笆・261 MB/4.9 GB  5.7 MB/s  13m42s[K[A[1Gpulling manifest [K
pulling 667b0c1932bc:   5% 笆・                 笆・261 MB/4.9 GB  5.7 MB/s  13m42s[K[A[1Gpulling manifest [K
pulling 667b0c1932bc:   5% 笆・                 笆・262 MB/4.9 GB  5.7 MB/s  13m42s[K[A[1Gpulling manifest [K
pulling 667b0c1932bc:   5% 笆・                 笆・262 MB/4.9 GB  5.7 MB/s  13m42s[K[A[1Gpulling manifest [K
pulling 667b0c1932bc:   5% 笆・                 笆・263 MB/4.9 GB  5.7 MB/s  13m41s[K[A[1Gpulling manifest [K
pulling 667b0c1932bc:   5% 笆・                 笆・264 MB/4.9 GB  5.8 MB/s  13m22s[K[A[1Gpulling manifest [K
pulling 667b0c1932bc:   5% 笆・                 笆・264 MB/4.9 GB  5.8 MB/s  13m22s[K[A[1Gpulling manifest [K
pulling 667b0c1932bc:   5% 笆・                 笆・265 MB/4.9 GB  5.8 MB/s  13m22s[K[A[1Gpulling manifest [K
pulling 667b0c1932bc:   5% 笆・                 笆・265 MB/4.9 GB  5.8 MB/s  13m22s[K[A[1Gpulling manifest [K
pulling 667b0c1932bc:   5% 笆・                 笆・266 MB/4.9 GB  5.8 MB/s  13m22s[K[A[1Gpulling manifest [K
pulling 667b0c1932bc:   5% 笆・                 笆・267 MB/4.9 GB  5.8 MB/s  13m22s[K[A[1Gpulling manifest [K
pulling 667b0c1932bc:   5% 笆・                 笆・267 MB/4.9 GB  5.8 MB/s  13m22s[K[A[1Gpulling manifest [K
pulling 667b0c1932bc:   5% 笆・                 笆・268 MB/4.9 GB  5.8 MB/s  13m21s[K[A[1Gpulling manifest [K
pulling 667b0c1932bc:   5% 笆・                 笆・269 MB/4.9 GB  5.8 MB/s  13m21s[K[A[1Gpulling manifest [K
pulling 667b0c1932bc:   5% 笆・                 笆・269 MB/4.9 GB  5.8 MB/s  13m21s[K[A[1Gpulling manifest [K
pulling 667b0c1932bc:   5% 笆・                 笆・270 MB/4.9 GB  5.9 MB/s   13m8s[K[A[1Gpulling manifest [K
pulling 667b0c1932bc:   5% 笆・                 笆・270 MB/4.9 GB  5.9 MB/s   13m7s[K[A[1Gpulling manifest [K
pulling 667b0c1932bc:   6% 笆・                 笆・270 MB/4.9 GB  5.9 MB/s   13m7s[K[A[1Gpulling manifest [K
pulling 667b0c1932bc:   6% 笆・                 笆・271 MB/4.9 GB  5.9 MB/s   13m7s[K[A[1Gpulling manifest [K
pulling 667b0c1932bc:   6% 笆・                 笆・272 MB/4.9 GB  5.9 MB/s   13m7s[K[A[1Gpulling manifest [K
pulling 667b0c1932bc:   6% 笆・                 笆・272 MB/4.9 GB  5.9 MB/s   13m7s[K[A[1Gpulling manifest [K
pulling 667b0c1932bc:   6% 笆・                 笆・273 MB/4.9 GB  5.9 MB/s   13m7s[K[A[1Gpulling manifest [K
pulling 667b0c1932bc:   6% 笆補毎                 笆・273 MB/4.9 GB  5.9 MB/s   13m7s[K[A[1Gpulling manifest [K
pulling 667b0c1932bc:   6% 笆補毎                 笆・273 MB/4.9 GB  5.9 MB/s   13m7s[K[A[1Gpulling manifest [K
pulling 667b0c1932bc:   6% 笆補毎                 笆・274 MB/4.9 GB  5.9 MB/s   13m7s[K[A[1Gpulling manifest [K
pulling 667b0c1932bc:   6% 笆補毎                 笆・274 MB/4.9 GB  6.0 MB/s  12m55s[K[A[1Gpulling manifest [K
pulling 667b0c1932bc:   6% 笆補毎                 笆・274 MB/4.9 GB  6.0 MB/s  12m55s[K[A[1Gpulling manifest [K
pulling 667b0c1932bc:   6% 笆補毎                 笆・275 MB/4.9 GB  6.0 MB/s  12m55s[K[A[1Gpulling manifest [K
pulling 667b0c1932bc:   6% 笆補毎                 笆・276 MB/4.9 GB  6.0 MB/s  12m54s[K[A[1Gpulling manifest [K
pulling 667b0c1932bc:   6% 笆補毎                 笆・277 MB/4.9 GB  6.0 MB/s  12m54s[K[A[1Gpulling manifest [K
pulling 667b0c1932bc:   6% 笆補毎                 笆・277 MB/4.9 GB  6.0 MB/s  12m54s[K[A[1Gpulling manifest [K
pulling 667b0c1932bc:   6% 笆補毎                 笆・278 MB/4.9 GB  6.0 MB/s  12m54s[K[A[1Gpulling manifest [K
pulling 667b0c1932bc:   6% 笆補毎                 笆・278 MB/4.9 GB  6.0 MB/s  12m54s[K[A[1Gpulling manifest [K
pulling 667b0c1932bc:   6% 笆補毎                 笆・279 MB/4.9 GB  6.0 MB/s  12m54s[K[A[1Gpulling manifest [K
pulling 667b0c1932bc:   6% 笆補毎                 笆・279 MB/4.9 GB  6.0 MB/s  12m54s[K[A[1Gpulling manifest [K
pulling 667b0c1932bc:   6% 笆補毎                 笆・279 MB/4.9 GB  6.0 MB/s  12m54s[K[A[1Gpulling manifest [K
pulling 667b0c1932bc:   6% 笆補毎                 笆・280 MB/4.9 GB  6.0 MB/s  12m57s[K[A[1Gpulling manifest [K
pulling 667b0c1932bc:   6% 笆補毎                 笆・281 MB/4.9 GB  6.0 MB/s  12m57s[K[A[1Gpulling manifest [K
pulling 667b0c1932bc:   6% 笆補毎                 笆・282 MB/4.9 GB  6.0 MB/s  12m57s[K[A[1Gpulling manifest [K
pulling 667b0c1932bc:   6% 笆補毎                 笆・282 MB/4.9 GB  6.0 MB/s  12m57s[K[A[1Gpulling manifest [K
pulling 667b0c1932bc:   6% 笆補毎                 笆・283 MB/4.9 GB  6.0 MB/s  12m57s[K[A[1Gpulling manifest [K
pulling 667b0c1932bc:   6% 笆補毎                 笆・284 MB/4.9 GB  6.0 MB/s  12m57s[K[A[1Gpulling manifest [K
pulling 667b0c1932bc:   6% 笆補毎                 笆・284 MB/4.9 GB  6.0 MB/s  12m56s[K[A[1Gpulling manifest [K
pulling 667b0c1932bc:   6% 笆補毎                 笆・285 MB/4.9 GB  6.0 MB/s  12m56s[K[A[1Gpulling manifest [K
pulling 667b0c1932bc:   6% 笆補毎                 笆・286 MB/4.9 GB  6.0 MB/s  12m56s[K[A[1Gpulling manifest [K
pulling 667b0c1932bc:   6% 笆補毎                 笆・286 MB/4.9 GB  6.0 MB/s  12m56s[K[A[1Gpulling manifest [K
pulling 667b0c1932bc:   6% 笆補毎                 笆・287 MB/4.9 GB  6.2 MB/s  12m25s[K[A[1Gpulling manifest [K
pulling 667b0c1932bc:   6% 笆補毎                 笆・288 MB/4.9 GB  6.2 MB/s  12m25s[K[A[1Gpulling manifest [K
pulling 667b0c1932bc:   6% 笆補毎                 笆・288 MB/4.9 GB  6.2 MB/s  12m25s[K[A[1Gpulling manifest [K
pulling 667b0c1932bc:   6% 笆補毎                 笆・289 MB/4.9 GB  6.2 MB/s  12m25s[K[A[1Gpulling manifest [K
pulling 667b0c1932bc:   6% 笆補毎                 笆・290 MB/4.9 GB  6.2 MB/s  12m24s[K[A[1Gpulling manifest [K
pulling 667b0c1932bc:   6% 笆補毎                 笆・290 MB/4.9 GB  6.2 MB/s  12m24s[K[A[1Gpulling manifest [K
pulling 667b0c1932bc:   6% 笆補毎                 笆・291 MB/4.9 GB  6.2 MB/s  12m24s[K[A[1Gpulling manifest [K
pulling 667b0c1932bc:   6% 笆補毎                 笆・291 MB/4.9 GB  6.2 MB/s  12m24s[K[A[1Gpulling manifest [K
pulling 667b0c1932bc:   6% 笆補毎                 笆・291 MB/4.9 GB  6.2 MB/s  12m24s[K[A[1Gpulling manifest [K
pulling 667b0c1932bc:   6% 笆補毎                 笆・292 MB/4.9 GB  6.2 MB/s  12m24s[K[A[1Gpulling manifest [K
pulling 667b0c1932bc:   6% 笆補毎                 笆・292 MB/4.9 GB  6.1 MB/s  12m43s[K[A[1Gpulling manifest [K
pulling 667b0c1932bc:   6% 笆補毎                 笆・293 MB/4.9 GB  6.1 MB/s  12m43s[K[A[1Gpulling manifest [K
pulling 667b0c1932bc:   6% 笆補毎                 笆・294 MB/4.9 GB  6.1 MB/s  12m43s[K[A[1Gpulling manifest [K
pulling 667b0c1932bc:   6% 笆補毎                 笆・294 MB/4.9 GB  6.1 MB/s  12m43s[K[A[1Gpulling manifest [K
pulling 667b0c1932bc:   6% 笆補毎                 笆・296 MB/4.9 GB  6.1 MB/s  12m43s[K[A[1Gpulling manifest [K
pulling 667b0c1932bc:   6% 笆補毎                 笆・296 MB/4.9 GB  6.1 MB/s  12m42s[K[A[1Gpulling manifest [K
pulling 667b0c1932bc:   6% 笆補毎                 笆・297 MB/4.9 GB  6.1 MB/s  12m42s[K[A[1Gpulling manifest [K
pulling 667b0c1932bc:   6% 笆補毎                 笆・297 MB/4.9 GB  6.1 MB/s  12m42s[K[A[1Gpulling manifest [K
pulling 667b0c1932bc:   6% 笆補毎                 笆・298 MB/4.9 GB  6.1 MB/s  12m42s[K[A[1Gpulling manifest [K
pulling 667b0c1932bc:   6% 笆補毎                 笆・299 MB/4.9 GB  6.1 MB/s  12m42s[K[A[1Gpulling manifest [K
pulling 667b0c1932bc:   6% 笆補毎                 笆・299 MB/4.9 GB  6.1 MB/s  12m42s[K[A[1Gpulling manifest [K
pulling 667b0c1932bc:   6% 笆補毎                 笆・300 MB/4.9 GB  6.1 MB/s  12m42s[K[A[1Gpulling manifest [K
pulling 667b0c1932bc:   6% 笆補毎                 笆・301 MB/4.9 GB  6.1 MB/s  12m42s[K[A[1Gpulling manifest [K
pulling 667b0c1932bc:   6% 笆補毎                 笆・301 MB/4.9 GB  6.1 MB/s  12m42s[K[A[1Gpulling manifest [K
pulling 667b0c1932bc:   6% 笆補毎                 笆・301 MB/4.9 GB  6.1 MB/s  12m42s[K[A[1Gpulling manifest [K
pulling 667b0c1932bc:   6% 笆補毎                 笆・302 MB/4.9 GB  6.1 MB/s  12m41s[K[A[1Gpulling manifest [K
pulling 667b0c1932bc:   6% 笆補毎                 笆・303 MB/4.9 GB  6.1 MB/s  12m41s[K[A[1Gpulling manifest [K
pulling 667b0c1932bc:   6% 笆補毎                 笆・304 MB/4.9 GB  6.1 MB/s  12m41s[K[A[1Gpulling manifest [K
pulling 667b0c1932bc:   6% 笆補毎                 笆・304 MB/4.9 GB  6.1 MB/s  12m41s[K[A[1Gpulling manifest [K
pulling 667b0c1932bc:   6% 笆補毎                 笆・305 MB/4.9 GB  6.1 MB/s  12m41s[K[A[1Gpulling manifest [K
pulling 667b0c1932bc:   6% 笆補毎                 笆・306 MB/4.9 GB  6.2 MB/s  12m24s[K[A[1Gpulling manifest [K
pulling 667b0c1932bc:   6% 笆補毎                 笆・306 MB/4.9 GB  6.2 MB/s  12m24s[K[A[1Gpulling manifest [K
pulling 667b0c1932bc:   6% 笆補毎                 笆・307 MB/4.9 GB  6.2 MB/s  12m24s[K[A[1Gpulling manifest [K
pulling 667b0c1932bc:   6% 笆補毎                 笆・308 MB/4.9 GB  6.2 MB/s  12m24s[K[A[1Gpulling manifest [K
pulling 667b0c1932bc:   6% 笆補毎                 笆・308 MB/4.9 GB  6.2 MB/s  12m24s[K[A[1Gpulling manifest [K
pulling 667b0c1932bc:   6% 笆補毎                 笆・308 MB/4.9 GB  6.2 MB/s  12m24s[K[A[1Gpulling manifest [K
pulling 667b0c1932bc:   6% 笆補毎                 笆・309 MB/4.9 GB  6.2 MB/s  12m24s[K[A[1Gpulling manifest [K
pulling 667b0c1932bc:   6% 笆補毎                 笆・310 MB/4.9 GB  6.2 MB/s  12m24s[K[A[1Gpulling manifest [K
pulling 667b0c1932bc:   6% 笆補毎                 笆・311 MB/4.9 GB  6.2 MB/s  12m24s[K[A[1Gpulling manifest [K
pulling 667b0c1932bc:   6% 笆補毎                 笆・311 MB/4.9 GB  6.2 MB/s  12m24s[K[A[1Gpulling manifest [K
pulling 667b0c1932bc:   6% 笆補毎                 笆・312 MB/4.9 GB  6.2 MB/s  12m23s[K[A[1Gpulling manifest [K
pulling 667b0c1932bc:   6% 笆補毎                 笆・312 MB/4.9 GB  6.1 MB/s  12m37s[K[A[1Gpulling manifest [K
pulling 667b0c1932bc:   6% 笆補毎                 笆・312 MB/4.9 GB  6.1 MB/s  12m37s[K[A[1Gpulling manifest [K
pulling 667b0c1932bc:   6% 笆補毎                 笆・313 MB/4.9 GB  6.1 MB/s  12m37s[K[A[1Gpulling manifest [K
pulling 667b0c1932bc:   6% 笆補毎                 笆・313 MB/4.9 GB  6.1 MB/s  12m36s[K[A[1Gpulling manifest [K
pulling 667b0c1932bc:   6% 笆補毎                 笆・314 MB/4.9 GB  6.1 MB/s  12m36s[K[A[1Gpulling manifest [K
pulling 667b0c1932bc:   6% 笆補毎                 笆・314 MB/4.9 GB  6.1 MB/s  12m36s[K[A[1Gpulling manifest [K
pulling 667b0c1932bc:   6% 笆補毎                 笆・316 MB/4.9 GB  6.1 MB/s  12m36s[K[A[1Gpulling manifest [K
pulling 667b0c1932bc:   6% 笆補毎                 笆・316 MB/4.9 GB  6.1 MB/s  12m36s[K[A[1Gpulling manifest [K
pulling 667b0c1932bc:   6% 笆補毎                 笆・316 MB/4.9 GB  6.1 MB/s  12m36s[K[A[1Gpulling manifest [K
pulling 667b0c1932bc:   6% 笆補毎                 笆・317 MB/4.9 GB  6.1 MB/s  12m36s[K[A[1Gpulling manifest [K
pulling 667b0c1932bc:   6% 笆補毎                 笆・317 MB/4.9 GB  5.9 MB/s  12m55s[K[A[1Gpulling manifest [K
pulling 667b0c1932bc:   6% 笆補毎                 笆・318 MB/4.9 GB  5.9 MB/s  12m55s[K[A[1Gpulling manifest [K
pulling 667b0c1932bc:   6% 笆補毎                 笆・319 MB/4.9 GB  5.9 MB/s  12m55s[K[A[1Gpulling manifest [K
pulling 667b0c1932bc:   6% 笆補毎                 笆・319 MB/4.9 GB  5.9 MB/s  12m55s[K[A[1Gpulling manifest [K
pulling 667b0c1932bc:   6% 笆補毎                 笆・319 MB/4.9 GB  5.9 MB/s  12m55s[K[A[1Gpulling manifest [K
pulling 667b0c1932bc:   7% 笆補毎                 笆・320 MB/4.9 GB  5.9 MB/s  12m54s[K[A[1Gpulling manifest [K
pulling 667b0c1932bc:   7% 笆補毎                 笆・321 MB/4.9 GB  5.9 MB/s  12m54s[K[A[1Gpulling manifest [K
pulling 667b0c1932bc:   7% 笆補毎                 笆・321 MB/4.9 GB  5.9 MB/s  12m54s[K[A[1Gpulling manifest [K
pulling 667b0c1932bc:   7% 笆補毎                 笆・323 MB/4.9 GB  5.9 MB/s  12m54s[K[A[1Gpulling manifest [K
pulling 667b0c1932bc:   7% 笆補毎                 笆・323 MB/4.9 GB  5.9 MB/s  12m54s[K[A[1Gpulling manifest [K
pulling 667b0c1932bc:   7% 笆補毎                 笆・323 MB/4.9 GB  6.0 MB/s  12m50s[K[A[1Gpulling manifest [K
pulling 667b0c1932bc:   7% 笆補毎                 笆・324 MB/4.9 GB  6.0 MB/s  12m50s[K[A[1Gpulling manifest [K
pulling 667b0c1932bc:   7% 笆補毎                 笆・325 MB/4.9 GB  6.0 MB/s  12m49s[K[A[1Gpulling manifest [K
pulling 667b0c1932bc:   7% 笆補毎                 笆・325 MB/4.9 GB  6.0 MB/s  12m49s[K[A[1Gpulling manifest [K
pulling 667b0c1932bc:   7% 笆補毎                 笆・326 MB/4.9 GB  6.0 MB/s  12m49s[K[A[1Gpulling manifest [K
pulling 667b0c1932bc:   7% 笆補毎                 笆・327 MB/4.9 GB  6.0 MB/s  12m49s[K[A[1Gpulling manifest [K
pulling 667b0c1932bc:   7% 笆補毎                 笆・327 MB/4.9 GB  6.0 MB/s  12m49s[K[A[1Gpulling manifest [K
pulling 667b0c1932bc:   7% 笆補毎                 笆・328 MB/4.9 GB  6.0 MB/s  12m49s[K[A[1Gpulling manifest [K
pulling 667b0c1932bc:   7% 笆補毎                 笆・329 MB/4.9 GB  6.0 MB/s  12m49s[K[A[1Gpulling manifest [K
pulling 667b0c1932bc:   7% 笆補毎                 笆・329 MB/4.9 GB  6.0 MB/s  12m49s[K[A[1Gpulling manifest [K
pulling 667b0c1932bc:   7% 笆補毎                 笆・330 MB/4.9 GB  6.2 MB/s  12m23s[K[A[1Gpulling manifest [K
pulling 667b0c1932bc:   7% 笆補毎                 笆・331 MB/4.9 GB  6.2 MB/s  12m22s[K[A[1Gpulling manifest [K
pulling 667b0c1932bc:   7% 笆補毎                 笆・331 MB/4.9 GB  6.2 MB/s  12m22s[K[A[1Gpulling manifest [K
pulling 667b0c1932bc:   7% 笆補毎                 笆・332 MB/4.9 GB  6.2 MB/s  12m22s[K[A[1Gpulling manifest [K
pulling 667b0c1932bc:   7% 笆補毎                 笆・332 MB/4.9 GB  6.2 MB/s  12m22s[K[A[1Gpulling manifest [K
pulling 667b0c1932bc:   7% 笆補毎                 笆・333 MB/4.9 GB  6.2 MB/s  12m22s[K[A[1Gpulling manifest [K
pulling 667b0c1932bc:   7% 笆補毎                 笆・333 MB/4.9 GB  6.2 MB/s  12m22s[K[A[1Gpulling manifest [K
pulling 667b0c1932bc:   7% 笆補毎                 笆・334 MB/4.9 GB  6.2 MB/s  12m22s[K[A[1Gpulling manifest [K
pulling 667b0c1932bc:   7% 笆補毎                 笆・334 MB/4.9 GB  6.2 MB/s  12m22s[K[A[1Gpulling manifest [K
pulling 667b0c1932bc:   7% 笆補毎                 笆・335 MB/4.9 GB  6.2 MB/s  12m22s[K[A[1Gpulling manifest [K
pulling 667b0c1932bc:   7% 笆補毎                 笆・336 MB/4.9 GB  6.2 MB/s  12m14s[K[A[1Gpulling manifest [K
pulling 667b0c1932bc:   7% 笆補毎                 笆・336 MB/4.9 GB  6.2 MB/s  12m14s[K[A[1Gpulling manifest [K
pulling 667b0c1932bc:   7% 笆補毎                 笆・336 MB/4.9 GB  6.2 MB/s  12m14s[K[A[1Gpulling manifest [K
pulling 667b0c1932bc:   7% 笆補毎                 笆・337 MB/4.9 GB  6.2 MB/s  12m14s[K[A[1Gpulling manifest [K
pulling 667b0c1932bc:   7% 笆補毎                 笆・338 MB/4.9 GB  6.2 MB/s  12m13s[K[A[1Gpulling manifest [K
pulling 667b0c1932bc:   7% 笆補毎                 笆・339 MB/4.9 GB  6.2 MB/s  12m13s[K[A[1Gpulling manifest [K
pulling 667b0c1932bc:   7% 笆補毎                 笆・340 MB/4.9 GB  6.2 MB/s  12m13s[K[A[1Gpulling manifest [K
pulling 667b0c1932bc:   7% 笆補毎                 笆・340 MB/4.9 GB  6.2 MB/s  12m13s[K[A[1Gpulling manifest [K
pulling 667b0c1932bc:   7% 笆補毎                 笆・341 MB/4.9 GB  6.2 MB/s  12m13s[K[A[1Gpulling manifest [K
pulling 667b0c1932bc:   7% 笆補毎                 笆・341 MB/4.9 GB  6.2 MB/s  12m13s[K[A[1Gpulling manifest [K
pulling 667b0c1932bc:   7% 笆補毎                 笆・341 MB/4.9 GB  6.2 MB/s  12m13s[K[A[1Gpulling manifest [K
pulling 667b0c1932bc:   7% 笆補毎                 笆・342 MB/4.9 GB  6.1 MB/s  12m34s[K[A[1Gpulling manifest [K
pulling 667b0c1932bc:   7% 笆補毎                 笆・343 MB/4.9 GB  6.1 MB/s  12m34s[K[A[1Gpulling manifest [K
pulling 667b0c1932bc:   7% 笆補毎                 笆・343 MB/4.9 GB  6.1 MB/s  12m34s[K[A[1Gpulling manifest [K
pulling 667b0c1932bc:   7% 笆補毎                 笆・343 MB/4.9 GB  6.1 MB/s  12m34s[K[A[1Gpulling manifest [K
pulling 667b0c1932bc:   7% 笆補毎                 笆・344 MB/4.9 GB  6.1 MB/s  12m34s[K[A[1Gpulling manifest [K
pulling 667b0c1932bc:   7% 笆補毎                 笆・345 MB/4.9 GB  6.1 MB/s  12m34s[K[A[1Gpulling manifest [K
pulling 667b0c1932bc:   7% 笆補毎                 笆・346 MB/4.9 GB  6.1 MB/s  12m34s[K[A[1Gpulling manifest [K
pulling 667b0c1932bc:   7% 笆補毎                 笆・346 MB/4.9 GB  6.1 MB/s  12m34s[K[A[1Gpulling manifest [K
pulling 667b0c1932bc:   7% 笆補毎                 笆・346 MB/4.9 GB  6.1 MB/s  12m34s[K[A[1Gpulling manifest [K
pulling 667b0c1932bc:   7% 笆補毎                 笆・348 MB/4.9 GB  6.1 MB/s  12m33s[K[A[1Gpulling manifest [K
pulling 667b0c1932bc:   7% 笆補毎                 笆・348 MB/4.9 GB  6.2 MB/s  12m20s[K[A[1Gpulling manifest [K
pulling 667b0c1932bc:   7% 笆補毎                 笆・349 MB/4.9 GB  6.2 MB/s  12m20s[K[A[1Gpulling manifest [K
pulling 667b0c1932bc:   7% 笆補毎                 笆・350 MB/4.9 GB  6.2 MB/s  12m19s[K[A[1Gpulling manifest [K
pulling 667b0c1932bc:   7% 笆補毎                 笆・350 MB/4.9 GB  6.2 MB/s  12m19s[K[A[1Gpulling manifest [K
pulling 667b0c1932bc:   7% 笆補毎                 笆・351 MB/4.9 GB  6.2 MB/s  12m19s[K[A[1Gpulling manifest [K
pulling 667b0c1932bc:   7% 笆補毎                 笆・352 MB/4.9 GB  6.2 MB/s  12m19s[K[A[1Gpulling manifest [K
pulling 667b0c1932bc:   7% 笆補毎                 笆・353 MB/4.9 GB  6.2 MB/s  12m19s[K[A[1Gpulling manifest [K
pulling 667b0c1932bc:   7% 笆補毎                 笆・353 MB/4.9 GB  6.2 MB/s  12m19s[K[A[1Gpulling manifest [K
pulling 667b0c1932bc:   7% 笆補毎                 笆・354 MB/4.9 GB  6.2 MB/s  12m19s[K[A[1Gpulling manifest [K
pulling 667b0c1932bc:   7% 笆補毎                 笆・355 MB/4.9 GB  6.2 MB/s  12m19s[K[A[1Gpulling manifest [K
pulling 667b0c1932bc:   7% 笆補毎                 笆・355 MB/4.9 GB  6.2 MB/s  12m17s[K[A[1Gpulling manifest [K
pulling 667b0c1932bc:   7% 笆補毎                 笆・356 MB/4.9 GB  6.2 MB/s  12m17s[K[A[1Gpulling manifest [K
pulling 667b0c1932bc:   7% 笆補毎                 笆・356 MB/4.9 GB  6.2 MB/s  12m17s[K[A[1Gpulling manifest [K
pulling 667b0c1932bc:   7% 笆補毎                 笆・356 MB/4.9 GB  6.2 MB/s  12m17s[K[A[1Gpulling manifest [K
pulling 667b0c1932bc:   7% 笆補毎                 笆・357 MB/4.9 GB  6.2 MB/s  12m17s[K[A[1Gpulling manifest [K
pulling 667b0c1932bc:   7% 笆補毎                 笆・358 MB/4.9 GB  6.2 MB/s  12m17s[K[A[1Gpulling manifest [K
pulling 667b0c1932bc:   7% 笆補毎                 笆・359 MB/4.9 GB  6.2 MB/s  12m16s[K[A[1Gpulling manifest [K
pulling 667b0c1932bc:   7% 笆補毎                 笆・359 MB/4.9 GB  6.2 MB/s  12m16s[K[A[1Gpulling manifest [K
pulling 667b0c1932bc:   7% 笆補毎                 笆・360 MB/4.9 GB  6.2 MB/s  12m16s[K[A[1Gpulling manifest [K
pulling 667b0c1932bc:   7% 笆補毎                 笆・360 MB/4.9 GB  6.2 MB/s  12m16s[K[A[1Gpulling manifest [K
pulling 667b0c1932bc:   7% 笆補毎                 笆・361 MB/4.9 GB  6.1 MB/s  12m25s[K[A[1Gpulling manifest [K
pulling 667b0c1932bc:   7% 笆補毎                 笆・362 MB/4.9 GB  6.1 MB/s  12m25s[K[A[1Gpulling manifest [K
pulling 667b0c1932bc:   7% 笆補毎                 笆・363 MB/4.9 GB  6.1 MB/s  12m24s[K[A[1Gpulling manifest [K
pulling 667b0c1932bc:   7% 笆補毎                 笆・363 MB/4.9 GB  6.1 MB/s  12m24s[K[A[1Gpulling manifest [K
pulling 667b0c1932bc:   7% 笆補毎                 笆・364 MB/4.9 GB  6.1 MB/s  12m24s[K[A[1Gpulling manifest [K
pulling 667b0c1932bc:   7% 笆補毎                 笆・365 MB/4.9 GB  6.1 MB/s  12m24s[K[A[1Gpulling manifest [K
pulling 667b0c1932bc:   7% 笆補毎                 笆・365 MB/4.9 GB  6.1 MB/s  12m24s[K[A[1Gpulling manifest [K
pulling 667b0c1932bc:   7% 笆補毎                 笆・366 MB/4.9 GB  6.1 MB/s  12m24s[K[A[1Gpulling manifest [K
pulling 667b0c1932bc:   7% 笆補毎                 笆・366 MB/4.9 GB  6.1 MB/s  12m24s[K[A[1Gpulling manifest [K
pulling 667b0c1932bc:   7% 笆補毎                 笆・367 MB/4.9 GB  6.1 MB/s  12m24s[K[A[1Gpulling manifest [K
pulling 667b0c1932bc:   7% 笆補毎                 笆・368 MB/4.9 GB  6.2 MB/s  12m12s[K[A[1Gpulling manifest [K
pulling 667b0c1932bc:   7% 笆補毎                 笆・368 MB/4.9 GB  6.2 MB/s  12m12s[K[A[1Gpulling manifest [K
pulling 667b0c1932bc:   8% 笆補毎                 笆・369 MB/4.9 GB  6.2 MB/s  12m12s[K[A[1Gpulling manifest [K
pulling 667b0c1932bc:   8% 笆補毎                 笆・370 MB/4.9 GB  6.2 MB/s  12m12s[K[A[1Gpulling manifest [K
pulling 667b0c1932bc:   8% 笆補毎                 笆・370 MB/4.9 GB  6.2 MB/s  12m12s[K[A[1Gpulling manifest [K
pulling 667b0c1932bc:   8% 笆補毎                 笆・370 MB/4.9 GB  6.2 MB/s  12m12s[K[A[1Gpulling manifest [K
pulling 667b0c1932bc:   8% 笆補毎                 笆・370 MB/4.9 GB  6.2 MB/s  12m12s[K[A[1Gpulling manifest [K
pulling 667b0c1932bc:   8% 笆補毎                 笆・371 MB/4.9 GB  6.2 MB/s  12m12s[K[A[1Gpulling manifest [K
pulling 667b0c1932bc:   8% 笆補毎                 笆・372 MB/4.9 GB  6.2 MB/s  12m12s[K[A[1Gpulling manifest [K
pulling 667b0c1932bc:   8% 笆補毎                 笆・372 MB/4.9 GB  6.2 MB/s  12m12s[K[A[1Gpulling manifest [K
pulling 667b0c1932bc:   8% 笆補毎                 笆・373 MB/4.9 GB  6.2 MB/s  12m12s[K[A[1Gpulling manifest [K
pulling 667b0c1932bc:   8% 笆補毎                 笆・373 MB/4.9 GB  6.1 MB/s  12m19s[K[A[1Gpulling manifest [K
pulling 667b0c1932bc:   8% 笆補毎                 笆・374 MB/4.9 GB  6.1 MB/s  12m19s[K[A[1Gpulling manifest [K
pulling 667b0c1932bc:   8% 笆補毎                 笆・374 MB/4.9 GB  6.1 MB/s  12m19s[K[A[1Gpulling manifest [K
pulling 667b0c1932bc:   8% 笆補毎                 笆・375 MB/4.9 GB  6.1 MB/s  12m19s[K[A[1Gpulling manifest [K
pulling 667b0c1932bc:   8% 笆補毎                 笆・376 MB/4.9 GB  6.1 MB/s  12m19s[K[A[1Gpulling manifest [K
pulling 667b0c1932bc:   8% 笆補毎                 笆・376 MB/4.9 GB  6.1 MB/s  12m18s[K[A[1Gpulling manifest [K
pulling 667b0c1932bc:   8% 笆補毎                 笆・377 MB/4.9 GB  6.1 MB/s  12m18s[K[A[1Gpulling manifest [K
pulling 667b0c1932bc:   8% 笆補毎                 笆・378 MB/4.9 GB  6.1 MB/s  12m18s[K[A[1Gpulling manifest [K
pulling 667b0c1932bc:   8% 笆補毎                 笆・378 MB/4.9 GB  6.1 MB/s  12m18s[K[A[1Gpulling manifest [K
pulling 667b0c1932bc:   8% 笆補毎                 笆・379 MB/4.9 GB  6.1 MB/s  12m18s[K[A[1Gpulling manifest [K
pulling 667b0c1932bc:   8% 笆補毎                 笆・380 MB/4.9 GB  6.2 MB/s   12m8s[K[A[1Gpulling manifest [K
pulling 667b0c1932bc:   8% 笆補毎                 笆・380 MB/4.9 GB  6.2 MB/s   12m8s[K[A[1Gpulling manifest [K
pulling 667b0c1932bc:   8% 笆補毎                 笆・381 MB/4.9 GB  6.2 MB/s   12m8s[K[A[1Gpulling manifest [K
pulling 667b0c1932bc:   8% 笆補毎                 笆・382 MB/4.9 GB  6.2 MB/s   12m8s[K[A[1Gpulling manifest [K
pulling 667b0c1932bc:   8% 笆補毎                 笆・382 MB/4.9 GB  6.2 MB/s   12m8s[K[A[1Gpulling manifest [K
pulling 667b0c1932bc:   8% 笆補毎                 笆・382 MB/4.9 GB  6.2 MB/s   12m8s[K[A[1Gpulling manifest [K
pulling 667b0c1932bc:   8% 笆補毎                 笆・383 MB/4.9 GB  6.2 MB/s   12m8s[K[A[1Gpulling manifest [K
pulling 667b0c1932bc:   8% 笆補毎                 笆・384 MB/4.9 GB  6.2 MB/s   12m7s[K[A[1Gpulling manifest [K
pulling 667b0c1932bc:   8% 笆補毎                 笆・385 MB/4.9 GB  6.2 MB/s   12m7s[K[A[1Gpulling manifest [K
pulling 667b0c1932bc:   8% 笆補毎                 笆・385 MB/4.9 GB  6.2 MB/s   12m7s[K[A[1Gpulling manifest [K
pulling 667b0c1932bc:   8% 笆補毎                 笆・385 MB/4.9 GB  6.1 MB/s  12m20s[K[A[1Gpulling manifest [K
pulling 667b0c1932bc:   8% 笆補毎                 笆・386 MB/4.9 GB  6.1 MB/s  12m20s[K[A[1Gpulling manifest [K
pulling 667b0c1932bc:   8% 笆補毎                 笆・387 MB/4.9 GB  6.1 MB/s  12m20s[K[A[1Gpulling manifest [K
pulling 667b0c1932bc:   8% 笆補毎                 笆・388 MB/4.9 GB  6.1 MB/s  12m20s[K[A[1Gpulling manifest [K
pulling 667b0c1932bc:   8% 笆補毎                 笆・388 MB/4.9 GB  6.1 MB/s  12m20s[K[A[1Gpulling manifest [K
pulling 667b0c1932bc:   8% 笆補毎                 笆・389 MB/4.9 GB  6.1 MB/s  12m19s[K[A[1Gpulling manifest [K
pulling 667b0c1932bc:   8% 笆補毎                 笆・389 MB/4.9 GB  6.1 MB/s  12m19s[K[A[1Gpulling manifest [K
pulling 667b0c1932bc:   8% 笆補毎                 笆・390 MB/4.9 GB  6.1 MB/s  12m19s[K[A[1Gpulling manifest [K
pulling 667b0c1932bc:   8% 笆補毎                 笆・391 MB/4.9 GB  6.1 MB/s  12m19s[K[A[1Gpulling manifest [K
pulling 667b0c1932bc:   8% 笆補毎                 笆・391 MB/4.9 GB  6.1 MB/s  12m19s[K[A[1Gpulling manifest [K
pulling 667b0c1932bc:   8% 笆補毎                 笆・392 MB/4.9 GB  6.2 MB/s  12m12s[K[A[1Gpulling manifest [K
pulling 667b0c1932bc:   8% 笆補毎                 笆・392 MB/4.9 GB  6.2 MB/s  12m12s[K[A[1Gpulling manifest [K
pulling 667b0c1932bc:   8% 笆補毎                 笆・393 MB/4.9 GB  6.2 MB/s  12m12s[K[A[1Gpulling manifest [K
pulling 667b0c1932bc:   8% 笆補毎                 笆・394 MB/4.9 GB  6.2 MB/s  12m12s[K[A[1Gpulling manifest [K
pulling 667b0c1932bc:   8% 笆補毎                 笆・395 MB/4.9 GB  6.2 MB/s  12m12s[K[A[1Gpulling manifest [K
pulling 667b0c1932bc:   8% 笆補毎                 笆・395 MB/4.9 GB  6.2 MB/s  12m12s[K[A[1Gpulling manifest [K
pulling 667b0c1932bc:   8% 笆補毎                 笆・395 MB/4.9 GB  6.2 MB/s  12m12s[K[A[1Gpulling manifest [K
pulling 667b0c1932bc:   8% 笆補毎                 笆・396 MB/4.9 GB  6.2 MB/s  12m12s[K[A[1Gpulling manifest [K
pulling 667b0c1932bc:   8% 笆補毎                 笆・397 MB/4.9 GB  6.2 MB/s  12m12s[K[A[1Gpulling manifest [K
pulling 667b0c1932bc:   8% 笆補毎                 笆・397 MB/4.9 GB  6.2 MB/s  12m11s[K[A[1Gpulling manifest [K
pulling 667b0c1932bc:   8% 笆補毎                 笆・398 MB/4.9 GB  6.3 MB/s  11m56s[K[A[1Gpulling manifest [K
pulling 667b0c1932bc:   8% 笆補毎                 笆・398 MB/4.9 GB  6.3 MB/s  11m56s[K[A[1Gpulling manifest [K
pulling 667b0c1932bc:   8% 笆補毎                 笆・399 MB/4.9 GB  6.3 MB/s  11m56s[K[A[1Gpulling manifest [K
pulling 667b0c1932bc:   8% 笆補毎                 笆・400 MB/4.9 GB  6.3 MB/s  11m56s[K[A[1Gpulling manifest [K
pulling 667b0c1932bc:   8% 笆補毎                 笆・400 MB/4.9 GB  6.3 MB/s  11m56s[K[A[1Gpulling manifest [K
pulling 667b0c1932bc:   8% 笆補毎                 笆・401 MB/4.9 GB  6.3 MB/s  11m56s[K[A[1Gpulling manifest [K
pulling 667b0c1932bc:   8% 笆補毎                 笆・402 MB/4.9 GB  6.3 MB/s  11m56s[K[A[1Gpulling manifest [K
pulling 667b0c1932bc:   8% 笆補毎                 笆・402 MB/4.9 GB  6.3 MB/s  11m56s[K[A[1Gpulling manifest [K
pulling 667b0c1932bc:   8% 笆補毎                 笆・403 MB/4.9 GB  6.3 MB/s  11m56s[K[A[1Gpulling manifest [K
pulling 667b0c1932bc:   8% 笆補毎                 笆・404 MB/4.9 GB  6.3 MB/s  11m55s[K[A[1Gpulling manifest [K
pulling 667b0c1932bc:   8% 笆補毎                 笆・404 MB/4.9 GB  6.3 MB/s  11m55s[K[A[1Gpulling manifest [K
pulling 667b0c1932bc:   8% 笆補毎                 笆・404 MB/4.9 GB  6.2 MB/s   12m3s[K[A[1Gpulling manifest [K
pulling 667b0c1932bc:   8% 笆補毎                 笆・406 MB/4.9 GB  6.2 MB/s   12m3s[K[A[1Gpulling manifest [K
pulling 667b0c1932bc:   8% 笆補毎                 笆・406 MB/4.9 GB  6.2 MB/s   12m3s[K[A[1Gpulling manifest [K
pulling 667b0c1932bc:   8% 笆補毎                 笆・407 MB/4.9 GB  6.2 MB/s   12m3s[K[A[1Gpulling manifest [K
pulling 667b0c1932bc:   8% 笆補毎                 笆・407 MB/4.9 GB  6.2 MB/s   12m2s[K[A[1Gpulling manifest [K
pulling 667b0c1932bc:   8% 笆補毎                 笆・408 MB/4.9 GB  6.2 MB/s   12m2s[K[A[1Gpulling manifest [K
pulling 667b0c1932bc:   8% 笆補毎                 笆・409 MB/4.9 GB  6.2 MB/s   12m2s[K[A[1Gpulling manifest [K
pulling 667b0c1932bc:   8% 笆補毎                 笆・410 MB/4.9 GB  6.2 MB/s   12m2s[K[A[1Gpulling manifest [K
pulling 667b0c1932bc:   8% 笆補毎                 笆・410 MB/4.9 GB  6.2 MB/s   12m2s[K[A[1Gpulling manifest [K
pulling 667b0c1932bc:   8% 笆補毎                 笆・411 MB/4.9 GB  6.2 MB/s   12m2s[K[A[1Gpulling manifest [K
pulling 667b0c1932bc:   8% 笆補毎                 笆・412 MB/4.9 GB  6.2 MB/s   12m2s[K[A[1Gpulling manifest [K
pulling 667b0c1932bc:   8% 笆補毎                 笆・412 MB/4.9 GB  6.2 MB/s   12m2s[K[A[1Gpulling manifest [K
pulling 667b0c1932bc:   8% 笆補毎                 笆・413 MB/4.9 GB  6.2 MB/s   12m2s[K[A[1Gpulling manifest [K
pulling 667b0c1932bc:   8% 笆補毎                 笆・413 MB/4.9 GB  6.2 MB/s   12m2s[K[A[1Gpulling manifest [K
pulling 667b0c1932bc:   8% 笆補毎                 笆・414 MB/4.9 GB  6.2 MB/s   12m2s[K[A[1Gpulling manifest [K
pulling 667b0c1932bc:   8% 笆補毎                 笆・414 MB/4.9 GB  6.2 MB/s   12m2s[K[A[1Gpulling manifest [K
pulling 667b0c1932bc:   8% 笆補毎                 笆・414 MB/4.9 GB  6.2 MB/s   12m2s[K[A[1Gpulling manifest [K
pulling 667b0c1932bc:   8% 笆補毎                 笆・415 MB/4.9 GB  6.2 MB/s   12m2s[K[A[1Gpulling manifest [K
pulling 667b0c1932bc:   8% 笆補毎                 笆・416 MB/4.9 GB  6.2 MB/s   12m2s[K[A[1Gpulling manifest [K
pulling 667b0c1932bc:   8% 笆補毎                 笆・417 MB/4.9 GB  6.2 MB/s   12m2s[K[A[1Gpulling manifest [K
pulling 667b0c1932bc:   8% 笆補毎                 笆・417 MB/4.9 GB  6.3 MB/s  11m56s[K[A[1Gpulling manifest [K
pulling 667b0c1932bc:   8% 笆補毎                 笆・417 MB/4.9 GB  6.3 MB/s  11m56s[K[A[1Gpulling manifest [K
pulling 667b0c1932bc:   9% 笆補毎                 笆・418 MB/4.9 GB  6.3 MB/s  11m56s[K[A[1Gpulling manifest [K
pulling 667b0c1932bc:   9% 笆補毎                 笆・418 MB/4.9 GB  6.3 MB/s  11m56s[K[A[1Gpulling manifest [K
pulling 667b0c1932bc:   9% 笆補毎                 笆・419 MB/4.9 GB  6.3 MB/s  11m56s[K[A[1Gpulling manifest [K
pulling 667b0c1932bc:   9% 笆補毎                 笆・421 MB/4.9 GB  6.3 MB/s  11m56s[K[A[1Gpulling manifest [K
pulling 667b0c1932bc:   9% 笆補毎                 笆・421 MB/4.9 GB  6.3 MB/s  11m56s[K[A[1Gpulling manifest [K
pulling 667b0c1932bc:   9% 笆補毎                 笆・422 MB/4.9 GB  6.3 MB/s  11m56s[K[A[1Gpulling manifest [K
pulling 667b0c1932bc:   9% 笆補毎                 笆・422 MB/4.9 GB  6.3 MB/s  11m56s[K[A[1Gpulling manifest [K
pulling 667b0c1932bc:   9% 笆補毎                 笆・422 MB/4.9 GB  6.3 MB/s  11m56s[K[A[1Gpulling manifest [K
pulling 667b0c1932bc:   9% 笆補毎                 笆・423 MB/4.9 GB  6.1 MB/s  12m21s[K[A[1Gpulling manifest [K
pulling 667b0c1932bc:   9% 笆補毎                 笆・423 MB/4.9 GB  6.1 MB/s  12m21s[K[A[1Gpulling manifest [K
pulling 667b0c1932bc:   9% 笆補毎                 笆・424 MB/4.9 GB  6.1 MB/s  12m21s[K[A[1Gpulling manifest [K
pulling 667b0c1932bc:   9% 笆補毎                 笆・424 MB/4.9 GB  6.1 MB/s  12m21s[K[A[1Gpulling manifest [K
pulling 667b0c1932bc:   9% 笆補毎                 笆・425 MB/4.9 GB  6.1 MB/s  12m21s[K[A[1Gpulling manifest [K
pulling 667b0c1932bc:   9% 笆補毎                 笆・425 MB/4.9 GB  6.1 MB/s  12m21s[K[A[1Gpulling manifest [K
pulling 667b0c1932bc:   9% 笆補毎                 笆・426 MB/4.9 GB  6.1 MB/s  12m21s[K[A[1Gpulling manifest [K
pulling 667b0c1932bc:   9% 笆補毎                 笆・427 MB/4.9 GB  6.1 MB/s  12m20s[K[A[1Gpulling manifest [K
pulling 667b0c1932bc:   9% 笆補毎                 笆・428 MB/4.9 GB  6.1 MB/s  12m20s[K[A[1Gpulling manifest [K
pulling 667b0c1932bc:   9% 笆補毎                 笆・429 MB/4.9 GB  6.1 MB/s  12m20s[K[A[1Gpulling manifest [K
pulling 667b0c1932bc:   9% 笆補毎                 笆・430 MB/4.9 GB  6.3 MB/s  11m48s[K[A[1Gpulling manifest [K
pulling 667b0c1932bc:   9% 笆補毎                 笆・430 MB/4.9 GB  6.3 MB/s  11m48s[K[A[1Gpulling manifest [K
pulling 667b0c1932bc:   9% 笆補毎                 笆・430 MB/4.9 GB  6.3 MB/s  11m48s[K[A[1Gpulling manifest [K
pulling 667b0c1932bc:   9% 笆補毎                 笆・431 MB/4.9 GB  6.3 MB/s  11m48s[K[A[1Gpulling manifest [K
pulling 667b0c1932bc:   9% 笆補毎                 笆・432 MB/4.9 GB  6.3 MB/s  11m48s[K[A[1Gpulling manifest [K
pulling 667b0c1932bc:   9% 笆補毎                 笆・432 MB/4.9 GB  6.3 MB/s  11m48s[K[A[1Gpulling manifest [K
pulling 667b0c1932bc:   9% 笆補毎                 笆・433 MB/4.9 GB  6.3 MB/s  11m48s[K[A[1Gpulling manifest [K
pulling 667b0c1932bc:   9% 笆補毎                 笆・433 MB/4.9 GB  6.3 MB/s  11m48s[K[A[1Gpulling manifest [K
pulling 667b0c1932bc:   9% 笆補毎                 笆・434 MB/4.9 GB  6.3 MB/s  11m47s[K[A[1Gpulling manifest [K
pulling 667b0c1932bc:   9% 笆補毎                 笆・435 MB/4.9 GB  6.3 MB/s  11m47s[K[A[1Gpulling manifest [K
pulling 667b0c1932bc:   9% 笆補毎                 笆・436 MB/4.9 GB  6.3 MB/s  11m47s[K[A[1Gpulling manifest [K
pulling 667b0c1932bc:   9% 笆補毎                 笆・436 MB/4.9 GB  6.3 MB/s  11m52s[K[A[1Gpulling manifest [K
pulling 667b0c1932bc:   9% 笆補毎                 笆・437 MB/4.9 GB  6.3 MB/s  11m52s[K[A[1Gpulling manifest [K
pulling 667b0c1932bc:   9% 笆補毎                 笆・438 MB/4.9 GB  6.3 MB/s  11m52s[K[A[1Gpulling manifest [K
pulling 667b0c1932bc:   9% 笆補毎                 笆・438 MB/4.9 GB  6.3 MB/s  11m52s[K[A[1Gpulling manifest [K
pulling 667b0c1932bc:   9% 笆補毎                 笆・439 MB/4.9 GB  6.3 MB/s  11m52s[K[A[1Gpulling manifest [K
pulling 667b0c1932bc:   9% 笆補毎                 笆・440 MB/4.9 GB  6.3 MB/s  11m52s[K[A[1Gpulling manifest [K
pulling 667b0c1932bc:   9% 笆補毎                 笆・440 MB/4.9 GB  6.3 MB/s  11m52s[K[A[1Gpulling manifest [K
pulling 667b0c1932bc:   9% 笆補毎                 笆・441 MB/4.9 GB  6.3 MB/s  11m52s[K[A[1Gpulling manifest [K
pulling 667b0c1932bc:   9% 笆補毎                 笆・441 MB/4.9 GB  6.3 MB/s  11m51s[K[A[1Gpulling manifest [K
pulling 667b0c1932bc:   9% 笆補毎                 笆・442 MB/4.9 GB  6.3 MB/s  11m51s[K[A[1Gpulling manifest [K
pulling 667b0c1932bc:   9% 笆補毎                 笆・442 MB/4.9 GB  6.3 MB/s  11m48s[K[A[1Gpulling manifest [K
pulling 667b0c1932bc:   9% 笆補毎                 笆・443 MB/4.9 GB  6.3 MB/s  11m48s[K[A[1Gpulling manifest [K
pulling 667b0c1932bc:   9% 笆補毎                 笆・444 MB/4.9 GB  6.3 MB/s  11m48s[K[A[1Gpulling manifest [K
pulling 667b0c1932bc:   9% 笆補毎                 笆・445 MB/4.9 GB  6.3 MB/s  11m47s[K[A[1Gpulling manifest [K
pulling 667b0c1932bc:   9% 笆補毎                 笆・445 MB/4.9 GB  6.3 MB/s  11m47s[K[A[1Gpulling manifest [K
pulling 667b0c1932bc:   9% 笆補毎                 笆・446 MB/4.9 GB  6.3 MB/s  11m47s[K[A[1Gpulling manifest [K
pulling 667b0c1932bc:   9% 笆補毎                 笆・447 MB/4.9 GB  6.3 MB/s  11m47s[K[A[1Gpulling manifest [K
pulling 667b0c1932bc:   9% 笆補毎                 笆・447 MB/4.9 GB  6.3 MB/s  11m47s[K[A[1Gpulling manifest [K
pulling 667b0c1932bc:   9% 笆補毎                 笆・447 MB/4.9 GB  6.3 MB/s  11m47s[K[A[1Gpulling manifest [K
pulling 667b0c1932bc:   9% 笆補毎                 笆・447 MB/4.9 GB  6.3 MB/s  11m47s[K[A[1Gpulling manifest [K
pulling 667b0c1932bc:   9% 笆補毎                 笆・448 MB/4.9 GB  6.2 MB/s  11m56s[K[A[1Gpulling manifest [K
pulling 667b0c1932bc:   9% 笆補毎                 笆・449 MB/4.9 GB  6.2 MB/s  11m55s[K[A[1Gpulling manifest [K
pulling 667b0c1932bc:   9% 笆補毎                 笆・450 MB/4.9 GB  6.2 MB/s  11m55s[K[A[1Gpulling manifest [K
pulling 667b0c1932bc:   9% 笆補毎                 笆・450 MB/4.9 GB  6.2 MB/s  11m55s[K[A[1Gpulling manifest [K
pulling 667b0c1932bc:   9% 笆補毎                 笆・450 MB/4.9 GB  6.2 MB/s  11m55s[K[A[1Gpulling manifest [K
pulling 667b0c1932bc:   9% 笆補毎                 笆・451 MB/4.9 GB  6.2 MB/s  11m55s[K[A[1Gpulling manifest [K
pulling 667b0c1932bc:   9% 笆補毎                 笆・451 MB/4.9 GB  6.2 MB/s  11m55s[K[A[1Gpulling manifest [K
pulling 667b0c1932bc:   9% 笆補毎                 笆・453 MB/4.9 GB  6.2 MB/s  11m55s[K[A[1Gpulling manifest [K
pulling 667b0c1932bc:   9% 笆補毎                 笆・454 MB/4.9 GB  6.2 MB/s  11m55s[K[A[1Gpulling manifest [K
pulling 667b0c1932bc:   9% 笆補毎                 笆・454 MB/4.9 GB  6.2 MB/s  11m55s[K[A[1Gpulling manifest [K
pulling 667b0c1932bc:   9% 笆補毎                 笆・455 MB/4.9 GB  6.3 MB/s  11m50s[K[A[1Gpulling manifest [K
pulling 667b0c1932bc:   9% 笆補毎                 笆・455 MB/4.9 GB  6.3 MB/s  11m50s[K[A[1Gpulling manifest [K
pulling 667b0c1932bc:   9% 笆補毎                 笆・456 MB/4.9 GB  6.3 MB/s  11m50s[K[A[1Gpulling manifest [K
pulling 667b0c1932bc:   9% 笆補毎                 笆・456 MB/4.9 GB  6.3 MB/s  11m50s[K[A[1Gpulling manifest [K
pulling 667b0c1932bc:   9% 笆補毎                 笆・456 MB/4.9 GB  6.3 MB/s  11m50s[K[A[1Gpulling manifest [K
pulling 667b0c1932bc:   9% 笆補毎                 笆・456 MB/4.9 GB  6.3 MB/s  11m50s[K[A[1Gpulling manifest [K
pulling 667b0c1932bc:   9% 笆補毎                 笆・458 MB/4.9 GB  6.3 MB/s  11m49s[K[A[1Gpulling manifest [K
pulling 667b0c1932bc:   9% 笆補毎                 笆・458 MB/4.9 GB  6.3 MB/s  11m49s[K[A[1Gpulling manifest [K
pulling 667b0c1932bc:   9% 笆補毎                 笆・458 MB/4.9 GB  6.3 MB/s  11m49s[K[A[1Gpulling manifest [K
pulling 667b0c1932bc:   9% 笆補毎                 笆・459 MB/4.9 GB  6.3 MB/s  11m49s[K[A[1Gpulling manifest [K
pulling 667b0c1932bc:   9% 笆補毎                 笆・460 MB/4.9 GB  6.2 MB/s  11m57s[K[A[1Gpulling manifest [K
pulling 667b0c1932bc:   9% 笆補毎                 笆・461 MB/4.9 GB  6.2 MB/s  11m57s[K[A[1Gpulling manifest [K
pulling 667b0c1932bc:   9% 笆補毎                 笆・461 MB/4.9 GB  6.2 MB/s  11m57s[K[A[1Gpulling manifest [K
pulling 667b0c1932bc:   9% 笆補毎                 笆・462 MB/4.9 GB  6.2 MB/s  11m57s[K[A[1Gpulling manifest [K
pulling 667b0c1932bc:   9% 笆補毎                 笆・462 MB/4.9 GB  6.2 MB/s  11m57s[K[A[1Gpulling manifest [K
pulling 667b0c1932bc:   9% 笆補毎                 笆・463 MB/4.9 GB  6.2 MB/s  11m57s[K[A[1Gpulling manifest [K
pulling 667b0c1932bc:   9% 笆補毎                 笆・464 MB/4.9 GB  6.2 MB/s  11m57s[K[A[1Gpulling manifest [K
pulling 667b0c1932bc:   9% 笆補毎                 笆・464 MB/4.9 GB  6.2 MB/s  11m57s[K[A[1Gpulling manifest [K
pulling 667b0c1932bc:   9% 笆補毎                 笆・465 MB/4.9 GB  6.2 MB/s  11m56s[K[A[1Gpulling manifest [K
pulling 667b0c1932bc:   9% 笆補毎                 笆・466 MB/4.9 GB  6.2 MB/s  11m56s[K[A[1Gpulling manifest [K
pulling 667b0c1932bc:   9% 笆補毎                 笆・466 MB/4.9 GB  6.2 MB/s  11m56s[K[A[1Gpulling manifest [K
pulling 667b0c1932bc:   9% 笆補毎                 笆・466 MB/4.9 GB  6.1 MB/s  12m10s[K[A[1Gpulling manifest [K
pulling 667b0c1932bc:   9% 笆補毎                 笆・467 MB/4.9 GB  6.1 MB/s  12m10s[K[A[1Gpulling manifest [K
pulling 667b0c1932bc:  10% 笆補毎                 笆・468 MB/4.9 GB  6.1 MB/s  12m10s[K[A[1Gpulling manifest [K
pulling 667b0c1932bc:  10% 笆補毎                 笆・468 MB/4.9 GB  6.1 MB/s  12m10s[K[A[1Gpulling manifest [K
pulling 667b0c1932bc:  10% 笆補毎                 笆・469 MB/4.9 GB  6.1 MB/s  12m10s[K[A[1Gpulling manifest [K
pulling 667b0c1932bc:  10% 笆補毎                 笆・470 MB/4.9 GB  6.1 MB/s  12m10s[K[A[1Gpulling manifest [K
pulling 667b0c1932bc:  10% 笆補毎                 笆・470 MB/4.9 GB  6.1 MB/s  12m10s[K[A[1Gpulling manifest [K
pulling 667b0c1932bc:  10% 笆補毎                 笆・470 MB/4.9 GB  6.1 MB/s  12m10s[K[A[1Gpulling manifest [K
pulling 667b0c1932bc:  10% 笆補毎                 笆・470 MB/4.9 GB  6.1 MB/s  12m10s[K[A[1Gpulling manifest [K
pulling 667b0c1932bc:  10% 笆補毎                 笆・471 MB/4.9 GB  6.1 MB/s  12m10s[K[A[1Gpulling manifest [K
pulling 667b0c1932bc:  10% 笆補毎                 笆・473 MB/4.9 GB  6.1 MB/s   12m8s[K[A[1Gpulling manifest [K
pulling 667b0c1932bc:  10% 笆補毎                 笆・473 MB/4.9 GB  6.1 MB/s   12m8s[K[A[1Gpulling manifest [K
pulling 667b0c1932bc:  10% 笆補毎                 笆・473 MB/4.9 GB  6.1 MB/s   12m8s[K[A[1Gpulling manifest [K
pulling 667b0c1932bc:  10% 笆補毎                 笆・473 MB/4.9 GB  6.1 MB/s   12m8s[K[A[1Gpulling manifest [K
pulling 667b0c1932bc:  10% 笆補毎                 笆・475 MB/4.9 GB  6.1 MB/s   12m7s[K[A[1Gpulling manifest [K
pulling 667b0c1932bc:  10% 笆補毎                 笆・475 MB/4.9 GB  6.1 MB/s   12m7s[K[A[1Gpulling manifest [K
pulling 667b0c1932bc:  10% 笆補毎                 笆・476 MB/4.9 GB  6.1 MB/s   12m7s[K[A[1Gpulling manifest [K
pulling 667b0c1932bc:  10% 笆補毎                 笆・476 MB/4.9 GB  6.1 MB/s   12m7s[K[A[1Gpulling manifest [K
pulling 667b0c1932bc:  10% 笆補毎                 笆・476 MB/4.9 GB  6.1 MB/s   12m7s[K[A[1Gpulling manifest [K
pulling 667b0c1932bc:  10% 笆補毎                 笆・478 MB/4.9 GB  6.1 MB/s   12m7s[K[A[1Gpulling manifest [K
pulling 667b0c1932bc:  10% 笆補毎                 笆・478 MB/4.9 GB  6.2 MB/s  11m58s[K[A[1Gpulling manifest [K
pulling 667b0c1932bc:  10% 笆補毎                 笆・479 MB/4.9 GB  6.2 MB/s  11m57s[K[A[1Gpulling manifest [K
pulling 667b0c1932bc:  10% 笆補毎                 笆・479 MB/4.9 GB  6.2 MB/s  11m57s[K[A[1Gpulling manifest [K
pulling 667b0c1932bc:  10% 笆補毎                 笆・480 MB/4.9 GB  6.2 MB/s  11m57s[K[A[1Gpulling manifest [K
pulling 667b0c1932bc:  10% 笆補毎                 笆・480 MB/4.9 GB  6.2 MB/s  11m57s[K[A[1Gpulling manifest [K
pulling 667b0c1932bc:  10% 笆補毎                 笆・482 MB/4.9 GB  6.2 MB/s  11m57s[K[A[1Gpulling manifest [K
pulling 667b0c1932bc:  10% 笆補毎                 笆・482 MB/4.9 GB  6.2 MB/s  11m57s[K[A[1Gpulling manifest [K
pulling 667b0c1932bc:  10% 笆補毎                 笆・483 MB/4.9 GB  6.2 MB/s  11m57s[K[A[1Gpulling manifest [K
pulling 667b0c1932bc:  10% 笆補毎                 笆・483 MB/4.9 GB  6.2 MB/s  11m57s[K[A[1Gpulling manifest [K
pulling 667b0c1932bc:  10% 笆補毎                 笆・483 MB/4.9 GB  6.2 MB/s  11m57s[K[A[1Gpulling manifest [K
pulling 667b0c1932bc:  10% 笆補毎                 笆・484 MB/4.9 GB  6.1 MB/s  12m10s[K[A[1Gpulling manifest [K
pulling 667b0c1932bc:  10% 笆補毎                 笆・485 MB/4.9 GB  6.1 MB/s   12m9s[K[A[1Gpulling manifest [K
pulling 667b0c1932bc:  10% 笆補毎                 笆・486 MB/4.9 GB  6.1 MB/s   12m9s[K[A[1Gpulling manifest [K
pulling 667b0c1932bc:  10% 笆補毎                 笆・486 MB/4.9 GB  6.1 MB/s   12m9s[K[A[1Gpulling manifest [K
pulling 667b0c1932bc:  10% 笆補毎                 笆・487 MB/4.9 GB  6.1 MB/s   12m9s[K[A[1Gpulling manifest [K
pulling 667b0c1932bc:  10% 笆補毎                 笆・487 MB/4.9 GB  6.1 MB/s   12m9s[K[A[1Gpulling manifest [K
pulling 667b0c1932bc:  10% 笆補毎                 笆・488 MB/4.9 GB  6.1 MB/s   12m9s[K[A[1Gpulling manifest [K
pulling 667b0c1932bc:  10% 笆補毎                 笆・488 MB/4.9 GB  6.1 MB/s   12m9s[K[A[1Gpulling manifest [K
pulling 667b0c1932bc:  10% 笆補毎                 笆・489 MB/4.9 GB  6.1 MB/s   12m9s[K[A[1Gpulling manifest [K
pulling 667b0c1932bc:  10% 笆補毎                 笆・490 MB/4.9 GB  6.1 MB/s   12m9s[K[A[1Gpulling manifest [K
pulling 667b0c1932bc:  10% 笆補毎                 笆・490 MB/4.9 GB  6.0 MB/s  12m18s[K[A[1Gpulling manifest [K
pulling 667b0c1932bc:  10% 笆補毎                 笆・491 MB/4.9 GB  6.0 MB/s  12m18s[K[A[1Gpulling manifest [K
pulling 667b0c1932bc:  10% 笆補毎                 笆・492 MB/4.9 GB  6.0 MB/s  12m18s[K[A[1Gpulling manifest [K
pulling 667b0c1932bc:  10% 笆補毎                 笆・492 MB/4.9 GB  6.0 MB/s  12m18s[K[A[1Gpulling manifest [K
pulling 667b0c1932bc:  10% 笆補毎                 笆・493 MB/4.9 GB  6.0 MB/s  12m18s[K[A[1Gpulling manifest [K
pulling 667b0c1932bc:  10% 笆補毎                 笆・493 MB/4.9 GB  6.0 MB/s  12m18s[K[A[1Gpulling manifest [K
pulling 667b0c1932bc:  10% 笆補毎                 笆・495 MB/4.9 GB  6.0 MB/s  12m17s[K[A[1Gpulling manifest [K
pulling 667b0c1932bc:  10% 笆補毎                 笆・495 MB/4.9 GB  6.0 MB/s  12m17s[K[A[1Gpulling manifest [K
pulling 667b0c1932bc:  10% 笆補毎                 笆・496 MB/4.9 GB  6.0 MB/s  12m17s[K[A[1Gpulling manifest [K
pulling 667b0c1932bc:  10% 笆補毎                 笆・496 MB/4.9 GB  6.0 MB/s  12m17s[K[A[1Gpulling manifest [K
pulling 667b0c1932bc:  10% 笆補毎                 笆・497 MB/4.9 GB  6.0 MB/s  12m17s[K[A[1Gpulling manifest [K
pulling 667b0c1932bc:  10% 笆補毎                 笆・498 MB/4.9 GB  6.2 MB/s  11m58s[K[A[1Gpulling manifest [K
pulling 667b0c1932bc:  10% 笆補毎                 笆・499 MB/4.9 GB  6.2 MB/s  11m57s[K[A[1Gpulling manifest [K
pulling 667b0c1932bc:  10% 笆補毎                 笆・499 MB/4.9 GB  6.2 MB/s  11m57s[K[A[1Gpulling manifest [K
pulling 667b0c1932bc:  10% 笆補毎                 笆・500 MB/4.9 GB  6.2 MB/s  11m57s[K[A[1Gpulling manifest [K
pulling 667b0c1932bc:  10% 笆補毎                 笆・500 MB/4.9 GB  6.2 MB/s  11m57s[K[A[1Gpulling manifest [K
pulling 667b0c1932bc:  10% 笆補毎                 笆・501 MB/4.9 GB  6.2 MB/s  11m57s[K[A[1Gpulling manifest [K
pulling 667b0c1932bc:  10% 笆補毎                 笆・502 MB/4.9 GB  6.2 MB/s  11m57s[K[A[1Gpulling manifest [K
pulling 667b0c1932bc:  10% 笆補毎                 笆・502 MB/4.9 GB  6.2 MB/s  11m57s[K[A[1Gpulling manifest [K
pulling 667b0c1932bc:  10% 笆補毎                 笆・503 MB/4.9 GB  6.2 MB/s  11m57s[K[A[1Gpulling manifest [K
pulling 667b0c1932bc:  10% 笆補毎                 笆・504 MB/4.9 GB  6.2 MB/s  11m57s[K[A[1Gpulling manifest [K
pulling 667b0c1932bc:  10% 笆補毎                 笆・504 MB/4.9 GB  6.3 MB/s  11m46s[K[A[1Gpulling manifest [K
pulling 667b0c1932bc:  10% 笆補毎                 笆・505 MB/4.9 GB  6.3 MB/s  11m46s[K[A[1Gpulling manifest [K
pulling 667b0c1932bc:  10% 笆補毎                 笆・505 MB/4.9 GB  6.3 MB/s  11m45s[K[A[1Gpulling manifest [K
pulling 667b0c1932bc:  10% 笆補毎                 笆・505 MB/4.9 GB  6.3 MB/s  11m45s[K[A[1Gpulling manifest [K
pulling 667b0c1932bc:  10% 笆補毎                 笆・506 MB/4.9 GB  6.3 MB/s  11m45s[K[A[1Gpulling manifest [K
pulling 667b0c1932bc:  10% 笆補毎                 笆・508 MB/4.9 GB  6.3 MB/s  11m45s[K[A[1Gpulling manifest [K
pulling 667b0c1932bc:  10% 笆補毎                 笆・508 MB/4.9 GB  6.3 MB/s  11m45s[K[A[1Gpulling manifest [K
pulling 667b0c1932bc:  10% 笆補毎                 笆・508 MB/4.9 GB  6.3 MB/s  11m45s[K[A[1Gpulling manifest [K
pulling 667b0c1932bc:  10% 笆補毎                 笆・509 MB/4.9 GB  6.3 MB/s  11m45s[K[A[1Gpulling manifest [K
pulling 667b0c1932bc:  10% 笆補毎                 笆・510 MB/4.9 GB  6.3 MB/s  11m45s[K[A[1Gpulling manifest [K
pulling 667b0c1932bc:  10% 笆補毎                 笆・511 MB/4.9 GB  6.2 MB/s  11m49s[K[A[1Gpulling manifest [K
pulling 667b0c1932bc:  10% 笆補毎                 笆・511 MB/4.9 GB  6.2 MB/s  11m49s[K[A[1Gpulling manifest [K
pulling 667b0c1932bc:  10% 笆補毎                 笆・511 MB/4.9 GB  6.2 MB/s  11m49s[K[A[1Gpulling manifest [K
pulling 667b0c1932bc:  10% 笆補毎                 笆・511 MB/4.9 GB  6.2 MB/s  11m49s[K[A[1Gpulling manifest [K
pulling 667b0c1932bc:  10% 笆補毎                 笆・513 MB/4.9 GB  6.2 MB/s  11m48s[K[A[1Gpulling manifest [K
pulling 667b0c1932bc:  10% 笆補毎                 笆・513 MB/4.9 GB  6.2 MB/s  11m48s[K[A[1Gpulling manifest [K
pulling 667b0c1932bc:  10% 笆補毎                 笆・513 MB/4.9 GB  6.2 MB/s  11m48s[K[A[1Gpulling manifest [K
pulling 667b0c1932bc:  10% 笆補毎                 笆・515 MB/4.9 GB  6.2 MB/s  11m48s[K[A[1Gpulling manifest [K
pulling 667b0c1932bc:  10% 笆補毎                 笆・516 MB/4.9 GB  6.2 MB/s  11m48s[K[A[1Gpulling manifest [K
pulling 667b0c1932bc:  10% 笆補毎                 笆・516 MB/4.9 GB  6.2 MB/s  11m48s[K[A[1Gpulling manifest [K
pulling 667b0c1932bc:  11% 笆補毎                 笆・517 MB/4.9 GB  6.3 MB/s  11m37s[K[A[1Gpulling manifest [K
pulling 667b0c1932bc:  11% 笆補毎                 笆・518 MB/4.9 GB  6.3 MB/s  11m36s[K[A[1Gpulling manifest [K
pulling 667b0c1932bc:  11% 笆補毎                 笆・518 MB/4.9 GB  6.3 MB/s  11m36s[K[A[1Gpulling manifest [K
pulling 667b0c1932bc:  11% 笆補毎                 笆・518 MB/4.9 GB  6.3 MB/s  11m36s[K[A[1Gpulling manifest [K
pulling 667b0c1932bc:  11% 笆補毎                 笆・520 MB/4.9 GB  6.3 MB/s  11m36s[K[A[1Gpulling manifest [K
pulling 667b0c1932bc:  11% 笆補毎                 笆・520 MB/4.9 GB  6.3 MB/s  11m36s[K[A[1Gpulling manifest [K
pulling 667b0c1932bc:  11% 笆補毎                 笆・520 MB/4.9 GB  6.3 MB/s  11m36s[K[A[1Gpulling manifest [K
pulling 667b0c1932bc:  11% 笆補毎                 笆・521 MB/4.9 GB  6.3 MB/s  11m36s[K[A[1Gpulling manifest [K
pulling 667b0c1932bc:  11% 笆補毎                 笆・521 MB/4.9 GB  6.3 MB/s  11m36s[K[A[1Gpulling manifest [K
pulling 667b0c1932bc:  11% 笆補毎                 笆・521 MB/4.9 GB  6.3 MB/s  11m36s[K[A[1Gpulling manifest [K
pulling 667b0c1932bc:  11% 笆補毎                 笆・522 MB/4.9 GB  6.2 MB/s  11m45s[K[A[1Gpulling manifest [K
pulling 667b0c1932bc:  11% 笆補毎                 笆・522 MB/4.9 GB  6.2 MB/s  11m45s[K[A[1Gpulling manifest [K
pulling 667b0c1932bc:  11% 笆補毎                 笆・523 MB/4.9 GB  6.2 MB/s  11m45s[K[A[1Gpulling manifest [K
pulling 667b0c1932bc:  11% 笆補毎                 笆・524 MB/4.9 GB  6.2 MB/s  11m45s[K[A[1Gpulling manifest [K
pulling 667b0c1932bc:  11% 笆補毎                 笆・524 MB/4.9 GB  6.2 MB/s  11m45s[K[A[1Gpulling manifest [K
pulling 667b0c1932bc:  11% 笆補毎                 笆・525 MB/4.9 GB  6.2 MB/s  11m45s[K[A[1Gpulling manifest [K
pulling 667b0c1932bc:  11% 笆補毎                 笆・525 MB/4.9 GB  6.2 MB/s  11m45s[K[A[1Gpulling manifest [K
pulling 667b0c1932bc:  11% 笆補毎                 笆・526 MB/4.9 GB  6.2 MB/s  11m45s[K[A[1Gpulling manifest [K
pulling 667b0c1932bc:  11% 笆補毎                 笆・526 MB/4.9 GB  6.2 MB/s  11m45s[K[A[1Gpulling manifest [K
pulling 667b0c1932bc:  11% 笆補毎                 笆・527 MB/4.9 GB  6.2 MB/s  11m44s[K[A[1Gpulling manifest [K
pulling 667b0c1932bc:  11% 笆補毎                 笆・528 MB/4.9 GB  6.2 MB/s  11m44s[K[A[1Gpulling manifest [K
pulling 667b0c1932bc:  11% 笆補毎                 笆・528 MB/4.9 GB  6.2 MB/s  11m48s[K[A[1Gpulling manifest [K
pulling 667b0c1932bc:  11% 笆補毎                 笆・529 MB/4.9 GB  6.2 MB/s  11m47s[K[A[1Gpulling manifest [K
pulling 667b0c1932bc:  11% 笆補毎                 笆・530 MB/4.9 GB  6.2 MB/s  11m47s[K[A[1Gpulling manifest [K
pulling 667b0c1932bc:  11% 笆補毎                 笆・530 MB/4.9 GB  6.2 MB/s  11m47s[K[A[1Gpulling manifest [K
pulling 667b0c1932bc:  11% 笆補毎                 笆・531 MB/4.9 GB  6.2 MB/s  11m47s[K[A[1Gpulling manifest [K
pulling 667b0c1932bc:  11% 笆補毎                 笆・531 MB/4.9 GB  6.2 MB/s  11m47s[K[A[1Gpulling manifest [K
pulling 667b0c1932bc:  11% 笆補毎                 笆・531 MB/4.9 GB  6.2 MB/s  11m47s[K[A[1Gpulling manifest [K
pulling 667b0c1932bc:  11% 笆補毎                 笆・532 MB/4.9 GB  6.2 MB/s  11m47s[K[A[1Gpulling manifest [K
pulling 667b0c1932bc:  11% 笆補毎                 笆・533 MB/4.9 GB  6.2 MB/s  11m47s[K[A[1Gpulling manifest [K
pulling 667b0c1932bc:  11% 笆補毎                 笆・534 MB/4.9 GB  6.2 MB/s  11m47s[K[A[1Gpulling manifest [K
pulling 667b0c1932bc:  11% 笆補毎                 笆・535 MB/4.9 GB  6.3 MB/s  11m41s[K[A[1Gpulling manifest [K
pulling 667b0c1932bc:  11% 笆補毎                 笆・535 MB/4.9 GB  6.3 MB/s  11m41s[K[A[1Gpulling manifest [K
pulling 667b0c1932bc:  11% 笆補毎                 笆・536 MB/4.9 GB  6.3 MB/s  11m41s[K[A[1Gpulling manifest [K
pulling 667b0c1932bc:  11% 笆補毎                 笆・537 MB/4.9 GB  6.3 MB/s  11m41s[K[A[1Gpulling manifest [K
pulling 667b0c1932bc:  11% 笆補毎                 笆・537 MB/4.9 GB  6.3 MB/s  11m41s[K[A[1Gpulling manifest [K
pulling 667b0c1932bc:  11% 笆補毎                 笆・538 MB/4.9 GB  6.3 MB/s  11m41s[K[A[1Gpulling manifest [K
pulling 667b0c1932bc:  11% 笆補毎                 笆・539 MB/4.9 GB  6.3 MB/s  11m40s[K[A[1Gpulling manifest [K
pulling 667b0c1932bc:  11% 笆補毎                 笆・539 MB/4.9 GB  6.3 MB/s  11m40s[K[A[1Gpulling manifest [K
pulling 667b0c1932bc:  11% 笆補毎                 笆・540 MB/4.9 GB  6.3 MB/s  11m40s[K[A[1Gpulling manifest [K
pulling 667b0c1932bc:  11% 笆補毎                 笆・540 MB/4.9 GB  6.3 MB/s  11m40s[K[A[1Gpulling manifest [K
pulling 667b0c1932bc:  11% 笆補毎                 笆・540 MB/4.9 GB  6.2 MB/s  11m44s[K[A[1Gpulling manifest [K
pulling 667b0c1932bc:  11% 笆補毎                 笆・541 MB/4.9 GB  6.2 MB/s  11m44s[K[A[1Gpulling manifest [K
pulling 667b0c1932bc:  11% 笆補毎                 笆・542 MB/4.9 GB  6.2 MB/s  11m43s[K[A[1Gpulling manifest [K
pulling 667b0c1932bc:  11% 笆補毎                 笆・543 MB/4.9 GB  6.2 MB/s  11m43s[K[A[1Gpulling manifest [K
pulling 667b0c1932bc:  11% 笆補毎                 笆・544 MB/4.9 GB  6.2 MB/s  11m43s[K[A[1Gpulling manifest [K
pulling 667b0c1932bc:  11% 笆補毎                 笆・545 MB/4.9 GB  6.2 MB/s  11m43s[K[A[1Gpulling manifest [K
pulling 667b0c1932bc:  11% 笆補毎                 笆・545 MB/4.9 GB  6.2 MB/s  11m43s[K[A[1Gpulling manifest [K
pulling 667b0c1932bc:  11% 笆補毎                 笆・545 MB/4.9 GB  6.2 MB/s  11m43s[K[A[1Gpulling manifest [K
pulling 667b0c1932bc:  11% 笆補毎笆・               笆・546 MB/4.9 GB  6.2 MB/s  11m43s[K[A[1Gpulling manifest [K
pulling 667b0c1932bc:  11% 笆補毎笆・               笆・547 MB/4.9 GB  6.2 MB/s  11m43s[K[A[1Gpulling manifest [K
pulling 667b0c1932bc:  11% 笆補毎笆・               笆・548 MB/4.9 GB  6.4 MB/s  11m19s[K[A[1Gpulling manifest [K
pulling 667b0c1932bc:  11% 笆補毎笆・               笆・548 MB/4.9 GB  6.4 MB/s  11m19s[K[A[1Gpulling manifest [K
pulling 667b0c1932bc:  11% 笆補毎笆・               笆・549 MB/4.9 GB  6.4 MB/s  11m19s[K[A[1Gpulling manifest [K
pulling 667b0c1932bc:  11% 笆補毎笆・               笆・549 MB/4.9 GB  6.4 MB/s  11m19s[K[A[1Gpulling manifest [K
pulling 667b0c1932bc:  11% 笆補毎笆・               笆・550 MB/4.9 GB  6.4 MB/s  11m19s[K[A[1Gpulling manifest [K
pulling 667b0c1932bc:  11% 笆補毎笆・               笆・551 MB/4.9 GB  6.4 MB/s  11m19s[K[A[1Gpulling manifest [K
pulling 667b0c1932bc:  11% 笆補毎笆・               笆・552 MB/4.9 GB  6.4 MB/s  11m19s[K[A[1Gpulling manifest [K
pulling 667b0c1932bc:  11% 笆補毎笆・               笆・553 MB/4.9 GB  6.4 MB/s  11m19s[K[A[1Gpulling manifest [K
pulling 667b0c1932bc:  11% 笆補毎笆・               笆・553 MB/4.9 GB  6.4 MB/s  11m19s[K[A[1Gpulling manifest [K
pulling 667b0c1932bc:  11% 笆補毎笆・               笆・554 MB/4.9 GB  6.4 MB/s  11m18s[K[A[1Gpulling manifest [K
pulling 667b0c1932bc:  11% 笆補毎笆・               笆・555 MB/4.9 GB  6.4 MB/s  11m24s[K[A[1Gpulling manifest [K
pulling 667b0c1932bc:  11% 笆補毎笆・               笆・555 MB/4.9 GB  6.4 MB/s  11m24s[K[A[1Gpulling manifest [K
pulling 667b0c1932bc:  11% 笆補毎笆・               笆・556 MB/4.9 GB  6.4 MB/s  11m24s[K[A[1Gpulling manifest [K
pulling 667b0c1932bc:  11% 笆補毎笆・               笆・556 MB/4.9 GB  6.4 MB/s  11m24s[K[A[1Gpulling manifest [K
pulling 667b0c1932bc:  11% 笆補毎笆・               笆・556 MB/4.9 GB  6.4 MB/s  11m24s[K[A[1Gpulling manifest [K
pulling 667b0c1932bc:  11% 笆補毎笆・               笆・558 MB/4.9 GB  6.4 MB/s  11m24s[K[A[1Gpulling manifest [K
pulling 667b0c1932bc:  11% 笆補毎笆・               笆・559 MB/4.9 GB  6.4 MB/s  11m24s[K[A[1Gpulling manifest [K
pulling 667b0c1932bc:  11% 笆補毎笆・               笆・559 MB/4.9 GB  6.4 MB/s  11m24s[K[A[1Gpulling manifest [K
pulling 667b0c1932bc:  11% 笆補毎笆・               笆・560 MB/4.9 GB  6.4 MB/s  11m23s[K[A[1Gpulling manifest [K
pulling 667b0c1932bc:  11% 笆補毎笆・               笆・561 MB/4.9 GB  6.4 MB/s  11m23s[K[A[1Gpulling manifest [K
pulling 667b0c1932bc:  11% 笆補毎笆・               笆・562 MB/4.9 GB  6.4 MB/s  11m23s[K[A[1Gpulling manifest [K
pulling 667b0c1932bc:  11% 笆補毎笆・               笆・562 MB/4.9 GB  6.4 MB/s  11m16s[K[A[1Gpulling manifest [K
pulling 667b0c1932bc:  11% 笆補毎笆・               笆・562 MB/4.9 GB  6.4 MB/s  11m16s[K[A[1Gpulling manifest [K
pulling 667b0c1932bc:  11% 笆補毎笆・               笆・563 MB/4.9 GB  6.4 MB/s  11m16s[K[A[1Gpulling manifest [K
pulling 667b0c1932bc:  11% 笆補毎笆・               笆・564 MB/4.9 GB  6.4 MB/s  11m16s[K[A[1Gpulling manifest [K
pulling 667b0c1932bc:  11% 笆補毎笆・               笆・565 MB/4.9 GB  6.4 MB/s  11m16s[K[A[1Gpulling manifest [K
pulling 667b0c1932bc:  12% 笆補毎笆・               笆・565 MB/4.9 GB  6.4 MB/s  11m16s[K[A[1Gpulling manifest [K
pulling 667b0c1932bc:  12% 笆補毎笆・               笆・566 MB/4.9 GB  6.4 MB/s  11m16s[K[A[1Gpulling manifest [K
pulling 667b0c1932bc:  12% 笆補毎笆・               笆・567 MB/4.9 GB  6.4 MB/s  11m15s[K[A[1Gpulling manifest [K
pulling 667b0c1932bc:  12% 笆補毎笆・               笆・568 MB/4.9 GB  6.4 MB/s  11m15s[K[A[1Gpulling manifest [K
pulling 667b0c1932bc:  12% 笆補毎笆・               笆・568 MB/4.9 GB  6.4 MB/s  11m15s[K[A[1Gpulling manifest [K
pulling 667b0c1932bc:  12% 笆補毎笆・               笆・568 MB/4.9 GB  6.4 MB/s  11m20s[K[A[1Gpulling manifest [K
pulling 667b0c1932bc:  12% 笆補毎笆・               笆・570 MB/4.9 GB  6.4 MB/s  11m20s[K[A[1Gpulling manifest [K
pulling 667b0c1932bc:  12% 笆補毎笆・               笆・570 MB/4.9 GB  6.4 MB/s  11m20s[K[A[1Gpulling manifest [K
pulling 667b0c1932bc:  12% 笆補毎笆・               笆・571 MB/4.9 GB  6.4 MB/s  11m20s[K[A[1Gpulling manifest [K
pulling 667b0c1932bc:  12% 笆補毎笆・               笆・571 MB/4.9 GB  6.4 MB/s  11m20s[K[A[1Gpulling manifest [K
pulling 667b0c1932bc:  12% 笆補毎笆・               笆・572 MB/4.9 GB  6.4 MB/s  11m20s[K[A[1Gpulling manifest [K
pulling 667b0c1932bc:  12% 笆補毎笆・               笆・572 MB/4.9 GB  6.4 MB/s  11m20s[K[A[1Gpulling manifest [K
pulling 667b0c1932bc:  12% 笆補毎笆・               笆・573 MB/4.9 GB  6.4 MB/s  11m20s[K[A[1Gpulling manifest [K
pulling 667b0c1932bc:  12% 笆補毎笆・               笆・573 MB/4.9 GB  6.4 MB/s  11m20s[K[A[1Gpulling manifest [K
pulling 667b0c1932bc:  12% 笆補毎笆・               笆・573 MB/4.9 GB  6.4 MB/s  11m20s[K[A[1Gpulling manifest [K
pulling 667b0c1932bc:  12% 笆補毎笆・               笆・574 MB/4.9 GB  6.3 MB/s  11m27s[K[A[1Gpulling manifest [K
pulling 667b0c1932bc:  12% 笆補毎笆・               笆・575 MB/4.9 GB  6.3 MB/s  11m27s[K[A[1Gpulling manifest [K
pulling 667b0c1932bc:  12% 笆補毎笆・               笆・575 MB/4.9 GB  6.3 MB/s  11m27s[K[A[1Gpulling manifest [K
pulling 667b0c1932bc:  12% 笆補毎笆・               笆・576 MB/4.9 GB  6.3 MB/s  11m27s[K[A[1Gpulling manifest [K
pulling 667b0c1932bc:  12% 笆補毎笆・               笆・577 MB/4.9 GB  6.3 MB/s  11m27s[K[A[1Gpulling manifest [K
pulling 667b0c1932bc:  12% 笆補毎笆・               笆・578 MB/4.9 GB  6.3 MB/s  11m26s[K[A[1Gpulling manifest [K
pulling 667b0c1932bc:  12% 笆補毎笆・               笆・579 MB/4.9 GB  6.3 MB/s  11m26s[K[A[1Gpulling manifest [K
pulling 667b0c1932bc:  12% 笆補毎笆・               笆・580 MB/4.9 GB  6.3 MB/s  11m26s[K[A[1Gpulling manifest [K
pulling 667b0c1932bc:  12% 笆補毎笆・               笆・581 MB/4.9 GB  6.3 MB/s  11m26s[K[A[1Gpulling manifest [K
pulling 667b0c1932bc:  12% 笆補毎笆・               笆・581 MB/4.9 GB  6.3 MB/s  11m26s[K[A[1Gpulling manifest [K
pulling 667b0c1932bc:  12% 笆補毎笆・               笆・582 MB/4.9 GB  6.6 MB/s  10m53s[K[A[1Gpulling manifest [K
pulling 667b0c1932bc:  12% 笆補毎笆・               笆・583 MB/4.9 GB  6.6 MB/s  10m52s[K[A[1Gpulling manifest [K
pulling 667b0c1932bc:  12% 笆補毎笆・               笆・583 MB/4.9 GB  6.6 MB/s  10m52s[K[A[1Gpulling manifest [K
pulling 667b0c1932bc:  12% 笆補毎笆・               笆・584 MB/4.9 GB  6.6 MB/s  10m52s[K[A[1Gpulling manifest [K
pulling 667b0c1932bc:  12% 笆補毎笆・               笆・585 MB/4.9 GB  6.6 MB/s  10m52s[K[A[1Gpulling manifest [K
pulling 667b0c1932bc:  12% 笆補毎笆・               笆・585 MB/4.9 GB  6.6 MB/s  10m52s[K[A[1Gpulling manifest [K
pulling 667b0c1932bc:  12% 笆補毎笆・               笆・586 MB/4.9 GB  6.6 MB/s  10m52s[K[A[1Gpulling manifest [K
pulling 667b0c1932bc:  12% 笆補毎笆・               笆・586 MB/4.9 GB  6.6 MB/s  10m52s[K[A[1Gpulling manifest [K
pulling 667b0c1932bc:  12% 笆補毎笆・               笆・587 MB/4.9 GB  6.6 MB/s  10m52s[K[A[1Gpulling manifest [K
pulling 667b0c1932bc:  12% 笆補毎笆・               笆・588 MB/4.9 GB  6.6 MB/s  10m52s[K[A[1Gpulling manifest [K
pulling 667b0c1932bc:  12% 笆補毎笆・               笆・588 MB/4.9 GB  6.7 MB/s  10m48s[K[A[1Gpulling manifest [K
pulling 667b0c1932bc:  12% 笆補毎笆・               笆・588 MB/4.9 GB  6.7 MB/s  10m48s[K[A[1Gpulling manifest [K
pulling 667b0c1932bc:  12% 笆補毎笆・               笆・589 MB/4.9 GB  6.7 MB/s  10m47s[K[A[1Gpulling manifest [K
pulling 667b0c1932bc:  12% 笆補毎笆・               笆・590 MB/4.9 GB  6.7 MB/s  10m47s[K[A[1Gpulling manifest [K
pulling 667b0c1932bc:  12% 笆補毎笆・               笆・591 MB/4.9 GB  6.7 MB/s  10m47s[K[A[1Gpulling manifest [K
pulling 667b0c1932bc:  12% 笆補毎笆・               笆・591 MB/4.9 GB  6.7 MB/s  10m47s[K[A[1Gpulling manifest [K
pulling 667b0c1932bc:  12% 笆補毎笆・               笆・592 MB/4.9 GB  6.7 MB/s  10m47s[K[A[1Gpulling manifest [K
pulling 667b0c1932bc:  12% 笆補毎笆・               笆・593 MB/4.9 GB  6.7 MB/s  10m47s[K[A[1Gpulling manifest [K
pulling 667b0c1932bc:  12% 笆補毎笆・               笆・593 MB/4.9 GB  6.7 MB/s  10m47s[K[A[1Gpulling manifest [K
pulling 667b0c1932bc:  12% 笆補毎笆・               笆・594 MB/4.9 GB  6.7 MB/s  10m47s[K[A[1Gpulling manifest [K
pulling 667b0c1932bc:  12% 笆補毎笆・               笆・595 MB/4.9 GB  6.7 MB/s  10m47s[K[A[1Gpulling manifest [K
pulling 667b0c1932bc:  12% 笆補毎笆・               笆・595 MB/4.9 GB  6.7 MB/s  10m43s[K[A[1Gpulling manifest [K
pulling 667b0c1932bc:  12% 笆補毎笆・               笆・596 MB/4.9 GB  6.7 MB/s  10m43s[K[A[1Gpulling manifest [K
pulling 667b0c1932bc:  12% 笆補毎笆・               笆・596 MB/4.9 GB  6.7 MB/s  10m43s[K[A[1Gpulling manifest [K
pulling 667b0c1932bc:  12% 笆補毎笆・               笆・597 MB/4.9 GB  6.7 MB/s  10m42s[K[A[1Gpulling manifest [K
pulling 667b0c1932bc:  12% 笆補毎笆・               笆・598 MB/4.9 GB  6.7 MB/s  10m42s[K[A[1Gpulling manifest [K
pulling 667b0c1932bc:  12% 笆補毎笆・               笆・599 MB/4.9 GB  6.7 MB/s  10m42s[K[A[1Gpulling manifest [K
pulling 667b0c1932bc:  12% 笆補毎笆・               笆・599 MB/4.9 GB  6.7 MB/s  10m42s[K[A[1Gpulling manifest [K
pulling 667b0c1932bc:  12% 笆補毎笆・               笆・600 MB/4.9 GB  6.7 MB/s  10m42s[K[A[1Gpulling manifest [K
pulling 667b0c1932bc:  12% 笆補毎笆・               笆・600 MB/4.9 GB  6.7 MB/s  10m42s[K[A[1Gpulling manifest [K
pulling 667b0c1932bc:  12% 笆補毎笆・               笆・601 MB/4.9 GB  6.7 MB/s  10m42s[K[A[1Gpulling manifest [K
pulling 667b0c1932bc:  12% 笆補毎笆・               笆・602 MB/4.9 GB  6.8 MB/s  10m36s[K[A[1Gpulling manifest [K
pulling 667b0c1932bc:  12% 笆補毎笆・               笆・602 MB/4.9 GB  6.8 MB/s  10m36s[K[A[1Gpulling manifest [K
pulling 667b0c1932bc:  12% 笆補毎笆・               笆・603 MB/4.9 GB  6.8 MB/s  10m36s[K[A[1Gpulling manifest [K
pulling 667b0c1932bc:  12% 笆補毎笆・               笆・604 MB/4.9 GB  6.8 MB/s  10m36s[K[A[1Gpulling manifest [K
pulling 667b0c1932bc:  12% 笆補毎笆・               笆・604 MB/4.9 GB  6.8 MB/s  10m36s[K[A[1Gpulling manifest [K
pulling 667b0c1932bc:  12% 笆補毎笆・               笆・605 MB/4.9 GB  6.8 MB/s  10m35s[K[A[1Gpulling manifest [K
pulling 667b0c1932bc:  12% 笆補毎笆・               笆・606 MB/4.9 GB  6.8 MB/s  10m35s[K[A[1Gpulling manifest [K
pulling 667b0c1932bc:  12% 笆補毎笆・               笆・607 MB/4.9 GB  6.8 MB/s  10m35s[K[A[1Gpulling manifest [K
pulling 667b0c1932bc:  12% 笆補毎笆・               笆・607 MB/4.9 GB  6.8 MB/s  10m35s[K[A[1Gpulling manifest [K
pulling 667b0c1932bc:  12% 笆補毎笆・               笆・608 MB/4.9 GB  6.8 MB/s  10m35s[K[A[1Gpulling manifest [K
pulling 667b0c1932bc:  12% 笆補毎笆・               笆・608 MB/4.9 GB  6.7 MB/s  10m44s[K[A[1Gpulling manifest [K
pulling 667b0c1932bc:  12% 笆補毎笆・               笆・610 MB/4.9 GB  6.7 MB/s  10m44s[K[A[1Gpulling manifest [K
pulling 667b0c1932bc:  12% 笆補毎笆・               笆・611 MB/4.9 GB  6.7 MB/s  10m44s[K[A[1Gpulling manifest [K
pulling 667b0c1932bc:  12% 笆補毎笆・               笆・611 MB/4.9 GB  6.7 MB/s  10m44s[K[A[1Gpulling manifest [K
pulling 667b0c1932bc:  12% 笆補毎笆・               笆・612 MB/4.9 GB  6.7 MB/s  10m43s[K[A[1Gpulling manifest [K
pulling 667b0c1932bc:  12% 笆補毎笆・               笆・613 MB/4.9 GB  6.7 MB/s  10m43s[K[A[1Gpulling manifest [K
pulling 667b0c1932bc:  12% 笆補毎笆・               笆・613 MB/4.9 GB  6.7 MB/s  10m43s[K[A[1Gpulling manifest [K
pulling 667b0c1932bc:  12% 笆補毎笆・               笆・614 MB/4.9 GB  6.7 MB/s  10m43s[K[A[1Gpulling manifest [K
pulling 667b0c1932bc:  12% 笆補毎笆・               笆・615 MB/4.9 GB  6.7 MB/s  10m43s[K[A[1Gpulling manifest [K
pulling 667b0c1932bc:  13% 笆補毎笆・               笆・615 MB/4.9 GB  6.7 MB/s  10m43s[K[A[1Gpulling manifest [K
pulling 667b0c1932bc:  13% 笆補毎笆・               笆・615 MB/4.9 GB  6.7 MB/s  10m44s[K[A[1Gpulling manifest [K
pulling 667b0c1932bc:  13% 笆補毎笆・               笆・616 MB/4.9 GB  6.7 MB/s  10m44s[K[A[1Gpulling manifest [K
pulling 667b0c1932bc:  13% 笆補毎笆・               笆・617 MB/4.9 GB  6.7 MB/s  10m44s[K[A[1Gpulling manifest [K
pulling 667b0c1932bc:  13% 笆補毎笆・               笆・617 MB/4.9 GB  6.7 MB/s  10m44s[K[A[1Gpulling manifest [K
pulling 667b0c1932bc:  13% 笆補毎笆・               笆・618 MB/4.9 GB  6.7 MB/s  10m44s[K[A[1Gpulling manifest [K
pulling 667b0c1932bc:  13% 笆補毎笆・               笆・619 MB/4.9 GB  6.7 MB/s  10m44s[K[A[1Gpulling manifest [K
pulling 667b0c1932bc:  13% 笆補毎笆・               笆・620 MB/4.9 GB  6.7 MB/s  10m43s[K[A[1Gpulling manifest [K
pulling 667b0c1932bc:  13% 笆補毎笆・               笆・621 MB/4.9 GB  6.7 MB/s  10m43s[K[A[1Gpulling manifest [K
pulling 667b0c1932bc:  13% 笆補毎笆・               笆・621 MB/4.9 GB  6.7 MB/s  10m43s[K[A[1Gpulling manifest [K
pulling 667b0c1932bc:  13% 笆補毎笆・               笆・622 MB/4.9 GB  6.7 MB/s  10m43s[K[A[1Gpulling manifest [K
pulling 667b0c1932bc:  13% 笆補毎笆・               笆・623 MB/4.9 GB  6.7 MB/s  10m39s[K[A[1Gpulling manifest [K
pulling 667b0c1932bc:  13% 笆補毎笆・               笆・623 MB/4.9 GB  6.7 MB/s  10m38s[K[A[1Gpulling manifest [K
pulling 667b0c1932bc:  13% 笆補毎笆・               笆・624 MB/4.9 GB  6.7 MB/s  10m38s[K[A[1Gpulling manifest [K
pulling 667b0c1932bc:  13% 笆補毎笆・               笆・625 MB/4.9 GB  6.7 MB/s  10m38s[K[A[1Gpulling manifest [K
pulling 667b0c1932bc:  13% 笆補毎笆・               笆・625 MB/4.9 GB  6.7 MB/s  10m38s[K[A[1Gpulling manifest [K
pulling 667b0c1932bc:  13% 笆補毎笆・               笆・626 MB/4.9 GB  6.7 MB/s  10m38s[K[A[1Gpulling manifest [K
pulling 667b0c1932bc:  13% 笆補毎笆・               笆・627 MB/4.9 GB  6.7 MB/s  10m38s[K[A[1Gpulling manifest [K
pulling 667b0c1932bc:  13% 笆補毎笆・               笆・627 MB/4.9 GB  6.7 MB/s  10m38s[K[A[1Gpulling manifest [K
pulling 667b0c1932bc:  13% 笆補毎笆・               笆・628 MB/4.9 GB  6.7 MB/s  10m38s[K[A[1Gpulling manifest [K
pulling 667b0c1932bc:  13% 笆補毎笆・               笆・629 MB/4.9 GB  6.7 MB/s  10m38s[K[A[1Gpulling manifest [K
pulling 667b0c1932bc:  13% 笆補毎笆・               笆・629 MB/4.9 GB  6.7 MB/s  10m38s[K[A[1Gpulling manifest [K
pulling 667b0c1932bc:  13% 笆補毎笆・               笆・630 MB/4.9 GB  6.8 MB/s  10m26s[K[A[1Gpulling manifest [K
pulling 667b0c1932bc:  13% 笆補毎笆・               笆・631 MB/4.9 GB  6.8 MB/s  10m26s[K[A[1Gpulling manifest [K
pulling 667b0c1932bc:  13% 笆補毎笆・               笆・631 MB/4.9 GB  6.8 MB/s  10m26s[K[A[1Gpulling manifest [K
pulling 667b0c1932bc:  13% 笆補毎笆・               笆・631 MB/4.9 GB  6.8 MB/s  10m26s[K[A[1Gpulling manifest [K
pulling 667b0c1932bc:  13% 笆補毎笆・               笆・631 MB/4.9 GB  6.8 MB/s  10m26s[K[A[1Gpulling manifest [K
pulling 667b0c1932bc:  13% 笆補毎笆・               笆・632 MB/4.9 GB  6.8 MB/s  10m26s[K[A[1Gpulling manifest [K
pulling 667b0c1932bc:  13% 笆補毎笆・               笆・632 MB/4.9 GB  6.8 MB/s  10m26s[K[A[1Gpulling manifest [K
pulling 667b0c1932bc:  13% 笆補毎笆・               笆・632 MB/4.9 GB  6.8 MB/s  10m26s[K[A[1Gpulling manifest [K
pulling 667b0c1932bc:  13% 笆補毎笆・               笆・633 MB/4.9 GB  6.8 MB/s  10m26s[K[A[1Gpulling manifest [K
pulling 667b0c1932bc:  13% 笆補毎笆・               笆・633 MB/4.9 GB  6.8 MB/s  10m26s[K[A[1Gpulling manifest [K
pulling 667b0c1932bc:  13% 笆補毎笆・               笆・633 MB/4.9 GB  6.6 MB/s  10m48s[K[A[1Gpulling manifest [K
pulling 667b0c1932bc:  13% 笆補毎笆・               笆・634 MB/4.9 GB  6.6 MB/s  10m48s[K[A[1Gpulling manifest [K
pulling 667b0c1932bc:  13% 笆補毎笆・               笆・635 MB/4.9 GB  6.6 MB/s  10m48s[K[A[1Gpulling manifest [K
pulling 667b0c1932bc:  13% 笆補毎笆・               笆・635 MB/4.9 GB  6.6 MB/s  10m48s[K[A[1Gpulling manifest [K
pulling 667b0c1932bc:  13% 笆補毎笆・               笆・637 MB/4.9 GB  6.6 MB/s  10m48s[K[A[1Gpulling manifest [K
pulling 667b0c1932bc:  13% 笆補毎笆・               笆・638 MB/4.9 GB  6.6 MB/s  10m47s[K[A[1Gpulling manifest [K
pulling 667b0c1932bc:  13% 笆補毎笆・               笆・638 MB/4.9 GB  6.6 MB/s  10m47s[K[A[1Gpulling manifest [K
pulling 667b0c1932bc:  13% 笆補毎笆・               笆・639 MB/4.9 GB  6.6 MB/s  10m47s[K[A[1Gpulling manifest [K
pulling 667b0c1932bc:  13% 笆補毎笆・               笆・640 MB/4.9 GB  6.6 MB/s  10m47s[K[A[1Gpulling manifest [K
pulling 667b0c1932bc:  13% 笆補毎笆・               笆・640 MB/4.9 GB  6.6 MB/s  10m47s[K[A[1Gpulling manifest [K
pulling 667b0c1932bc:  13% 笆補毎笆・               笆・640 MB/4.9 GB  6.5 MB/s  10m57s[K[A[1Gpulling manifest [K
pulling 667b0c1932bc:  13% 笆補毎笆・               笆・641 MB/4.9 GB  6.5 MB/s  10m56s[K[A[1Gpulling manifest [K
pulling 667b0c1932bc:  13% 笆補毎笆・               笆・642 MB/4.9 GB  6.5 MB/s  10m56s[K[A[1Gpulling manifest [K
pulling 667b0c1932bc:  13% 笆補毎笆・               笆・642 MB/4.9 GB  6.5 MB/s  10m56s[K[A[1Gpulling manifest [K
pulling 667b0c1932bc:  13% 笆補毎笆・               笆・643 MB/4.9 GB  6.5 MB/s  10m56s[K[A[1Gpulling manifest [K
pulling 667b0c1932bc:  13% 笆補毎笆・               笆・643 MB/4.9 GB  6.5 MB/s  10m56s[K[A[1Gpulling manifest [K
pulling 667b0c1932bc:  13% 笆補毎笆・               笆・643 MB/4.9 GB  6.5 MB/s  10m56s[K[A[1Gpulling manifest [K
pulling 667b0c1932bc:  13% 笆補毎笆・               笆・645 MB/4.9 GB  6.5 MB/s  10m56s[K[A[1Gpulling manifest [K
pulling 667b0c1932bc:  13% 笆補毎笆・               笆・645 MB/4.9 GB  6.5 MB/s  10m56s[K[A[1Gpulling manifest [K
pulling 667b0c1932bc:  13% 笆補毎笆・               笆・646 MB/4.9 GB  6.5 MB/s  10m56s[K[A[1Gpulling manifest [K
pulling 667b0c1932bc:  13% 笆補毎笆・               笆・646 MB/4.9 GB  6.4 MB/s   11m5s[K[A[1Gpulling manifest [K
pulling 667b0c1932bc:  13% 笆補毎笆・               笆・646 MB/4.9 GB  6.4 MB/s   11m5s[K[A[1Gpulling manifest [K
pulling 667b0c1932bc:  13% 笆補毎笆・               笆・647 MB/4.9 GB  6.4 MB/s   11m5s[K[A[1Gpulling manifest [K
pulling 667b0c1932bc:  13% 笆補毎笆・               笆・648 MB/4.9 GB  6.4 MB/s   11m5s[K[A[1Gpulling manifest [K
pulling 667b0c1932bc:  13% 笆補毎笆・               笆・649 MB/4.9 GB  6.4 MB/s   11m5s[K[A[1Gpulling manifest [K
pulling 667b0c1932bc:  13% 笆補毎笆・               笆・649 MB/4.9 GB  6.4 MB/s   11m4s[K[A[1Gpulling manifest [K
pulling 667b0c1932bc:  13% 笆補毎笆・               笆・650 MB/4.9 GB  6.4 MB/s   11m4s[K[A[1Gpulling manifest [K
pulling 667b0c1932bc:  13% 笆補毎笆・               笆・651 MB/4.9 GB  6.4 MB/s   11m4s[K[A[1Gpulling manifest [K
pulling 667b0c1932bc:  13% 笆補毎笆・               笆・652 MB/4.9 GB  6.4 MB/s   11m4s[K[A[1Gpulling manifest [K
pulling 667b0c1932bc:  13% 笆補毎笆・               笆・652 MB/4.9 GB  6.4 MB/s   11m4s[K[A[1Gpulling manifest [K
pulling 667b0c1932bc:  13% 笆補毎笆・               笆・653 MB/4.9 GB  6.4 MB/s   11m3s[K[A[1Gpulling manifest [K
pulling 667b0c1932bc:  13% 笆補毎笆・               笆・653 MB/4.9 GB  6.4 MB/s   11m3s[K[A[1Gpulling manifest [K
pulling 667b0c1932bc:  13% 笆補毎笆・               笆・654 MB/4.9 GB  6.4 MB/s   11m3s[K[A[1Gpulling manifest [K
pulling 667b0c1932bc:  13% 笆補毎笆・               笆・655 MB/4.9 GB  6.4 MB/s   11m3s[K[A[1Gpulling manifest [K
pulling 667b0c1932bc:  13% 笆補毎笆・               笆・655 MB/4.9 GB  6.4 MB/s   11m3s[K[A[1Gpulling manifest [K
pulling 667b0c1932bc:  13% 笆補毎笆・               笆・656 MB/4.9 GB  6.4 MB/s   11m3s[K[A[1Gpulling manifest [K
pulling 667b0c1932bc:  13% 笆補毎笆・               笆・657 MB/4.9 GB  6.4 MB/s   11m3s[K[A[1Gpulling manifest [K
pulling 667b0c1932bc:  13% 笆補毎笆・               笆・657 MB/4.9 GB  6.4 MB/s   11m3s[K[A[1Gpulling manifest [K
pulling 667b0c1932bc:  13% 笆補毎笆・               笆・658 MB/4.9 GB  6.4 MB/s   11m3s[K[A[1Gpulling manifest [K
pulling 667b0c1932bc:  13% 笆補毎笆・               笆・658 MB/4.9 GB  6.4 MB/s   11m3s[K[A[1Gpulling manifest [K
pulling 667b0c1932bc:  13% 笆補毎笆・               笆・658 MB/4.9 GB  6.4 MB/s   11m3s[K[A[1Gpulling manifest [K
pulling 667b0c1932bc:  13% 笆補毎笆・               笆・660 MB/4.9 GB  6.4 MB/s   11m3s[K[A[1Gpulling manifest [K
pulling 667b0c1932bc:  13% 笆補毎笆・               笆・661 MB/4.9 GB  6.4 MB/s   11m3s[K[A[1Gpulling manifest [K
pulling 667b0c1932bc:  13% 笆補毎笆・               笆・661 MB/4.9 GB  6.4 MB/s   11m3s[K[A[1Gpulling manifest [K
pulling 667b0c1932bc:  13% 笆補毎笆・               笆・662 MB/4.9 GB  6.4 MB/s   11m3s[K[A[1Gpulling manifest [K
pulling 667b0c1932bc:  13% 笆補毎笆・               笆・662 MB/4.9 GB  6.4 MB/s   11m3s[K[A[1Gpulling manifest [K
pulling 667b0c1932bc:  13% 笆補毎笆・               笆・662 MB/4.9 GB  6.4 MB/s   11m3s[K[A[1Gpulling manifest [K
pulling 667b0c1932bc:  13% 笆補毎笆・               笆・663 MB/4.9 GB  6.4 MB/s   11m3s[K[A[1Gpulling manifest [K
pulling 667b0c1932bc:  13% 笆補毎笆・               笆・664 MB/4.9 GB  6.4 MB/s   11m3s[K[A[1Gpulling manifest [K
pulling 667b0c1932bc:  14% 笆補毎笆・               笆・664 MB/4.9 GB  6.4 MB/s   11m3s[K[A[1Gpulling manifest [K
pulling 667b0c1932bc:  14% 笆補毎笆・               笆・665 MB/4.9 GB  6.4 MB/s   11m3s[K[A[1Gpulling manifest [K
pulling 667b0c1932bc:  14% 笆補毎笆・               笆・666 MB/4.9 GB  6.4 MB/s   11m2s[K[A[1Gpulling manifest [K
pulling 667b0c1932bc:  14% 笆補毎笆・               笆・667 MB/4.9 GB  6.4 MB/s   11m2s[K[A[1Gpulling manifest [K
pulling 667b0c1932bc:  14% 笆補毎笆・               笆・668 MB/4.9 GB  6.4 MB/s   11m2s[K[A[1Gpulling manifest [K
pulling 667b0c1932bc:  14% 笆補毎笆・               笆・668 MB/4.9 GB  6.4 MB/s   11m1s[K[A[1Gpulling manifest [K
pulling 667b0c1932bc:  14% 笆補毎笆・               笆・669 MB/4.9 GB  6.4 MB/s   11m1s[K[A[1Gpulling manifest [K
pulling 667b0c1932bc:  14% 笆補毎笆・               笆・670 MB/4.9 GB  6.4 MB/s   11m1s[K[A[1Gpulling manifest [K
pulling 667b0c1932bc:  14% 笆補毎笆・               笆・670 MB/4.9 GB  6.4 MB/s   11m1s[K[A[1Gpulling manifest [K
pulling 667b0c1932bc:  14% 笆補毎笆・               笆・671 MB/4.9 GB  6.4 MB/s   11m1s[K[A[1Gpulling manifest [K
pulling 667b0c1932bc:  14% 笆補毎笆・               笆・671 MB/4.9 GB  6.4 MB/s   11m1s[K[A[1Gpulling manifest [K
pulling 667b0c1932bc:  14% 笆補毎笆・               笆・671 MB/4.9 GB  6.4 MB/s   11m1s[K[A[1Gpulling manifest [K
pulling 667b0c1932bc:  14% 笆補毎笆・               笆・672 MB/4.9 GB  6.3 MB/s  11m12s[K[A[1Gpulling manifest [K
pulling 667b0c1932bc:  14% 笆補毎笆・               笆・673 MB/4.9 GB  6.3 MB/s  11m12s[K[A[1Gpulling manifest [K
pulling 667b0c1932bc:  14% 笆補毎笆・               笆・674 MB/4.9 GB  6.3 MB/s  11m12s[K[A[1Gpulling manifest [K
pulling 667b0c1932bc:  14% 笆補毎笆・               笆・674 MB/4.9 GB  6.3 MB/s  11m12s[K[A[1Gpulling manifest [K
pulling 667b0c1932bc:  14% 笆補毎笆・               笆・675 MB/4.9 GB  6.3 MB/s  11m11s[K[A[1Gpulling manifest [K
pulling 667b0c1932bc:  14% 笆補毎笆・               笆・676 MB/4.9 GB  6.3 MB/s  11m11s[K[A[1Gpulling manifest [K
pulling 667b0c1932bc:  14% 笆補毎笆・               笆・677 MB/4.9 GB  6.3 MB/s  11m11s[K[A[1Gpulling manifest [K
pulling 667b0c1932bc:  14% 笆補毎笆・               笆・677 MB/4.9 GB  6.3 MB/s  11m11s[K[A[1Gpulling manifest [K
pulling 667b0c1932bc:  14% 笆補毎笆・               笆・678 MB/4.9 GB  6.3 MB/s  11m11s[K[A[1Gpulling manifest [K
pulling 667b0c1932bc:  14% 笆補毎笆・               笆・678 MB/4.9 GB  6.3 MB/s  11m11s[K[A[1Gpulling manifest [K
pulling 667b0c1932bc:  14% 笆補毎笆・               笆・679 MB/4.9 GB  6.3 MB/s  11m13s[K[A[1Gpulling manifest [K
pulling 667b0c1932bc:  14% 笆補毎笆・               笆・679 MB/4.9 GB  6.3 MB/s  11m13s[K[A[1Gpulling manifest [K
pulling 667b0c1932bc:  14% 笆補毎笆・               笆・679 MB/4.9 GB  6.3 MB/s  11m13s[K[A[1Gpulling manifest [K
pulling 667b0c1932bc:  14% 笆補毎笆・               笆・680 MB/4.9 GB  6.3 MB/s  11m13s[K[A[1Gpulling manifest [K
pulling 667b0c1932bc:  14% 笆補毎笆・               笆・680 MB/4.9 GB  6.3 MB/s  11m13s[K[A[1Gpulling manifest [K
pulling 667b0c1932bc:  14% 笆補毎笆・               笆・681 MB/4.9 GB  6.3 MB/s  11m13s[K[A[1Gpulling manifest [K
pulling 667b0c1932bc:  14% 笆補毎笆・               笆・681 MB/4.9 GB  6.3 MB/s  11m13s[K[A[1Gpulling manifest [K
pulling 667b0c1932bc:  14% 笆補毎笆・               笆・682 MB/4.9 GB  6.3 MB/s  11m12s[K[A[1Gpulling manifest [K
pulling 667b0c1932bc:  14% 笆補毎笆・               笆・682 MB/4.9 GB  6.3 MB/s  11m12s[K[A[1Gpulling manifest [K
pulling 667b0c1932bc:  14% 笆補毎笆・               笆・683 MB/4.9 GB  6.3 MB/s  11m12s[K[A[1Gpulling manifest [K
pulling 667b0c1932bc:  14% 笆補毎笆・               笆・684 MB/4.9 GB  6.1 MB/s  11m37s[K[A[1Gpulling manifest [K
pulling 667b0c1932bc:  14% 笆補毎笆・               笆・685 MB/4.9 GB  6.1 MB/s  11m37s[K[A[1Gpulling manifest [K
pulling 667b0c1932bc:  14% 笆補毎笆・               笆・685 MB/4.9 GB  6.1 MB/s  11m37s[K[A[1Gpulling manifest [K
pulling 667b0c1932bc:  14% 笆補毎笆・               笆・686 MB/4.9 GB  6.1 MB/s  11m37s[K[A[1Gpulling manifest [K
pulling 667b0c1932bc:  14% 笆補毎笆・               笆・687 MB/4.9 GB  6.1 MB/s  11m37s[K[A[1Gpulling manifest [K
pulling 667b0c1932bc:  14% 笆補毎笆・               笆・688 MB/4.9 GB  6.1 MB/s  11m37s[K[A[1Gpulling manifest [K
pulling 667b0c1932bc:  14% 笆補毎笆・               笆・688 MB/4.9 GB  6.1 MB/s  11m37s[K[A[1Gpulling manifest [K
pulling 667b0c1932bc:  14% 笆補毎笆・               笆・689 MB/4.9 GB  6.1 MB/s  11m36s[K[A[1Gpulling manifest [K
pulling 667b0c1932bc:  14% 笆補毎笆・               笆・690 MB/4.9 GB  6.1 MB/s  11m36s[K[A[1Gpulling manifest [K
pulling 667b0c1932bc:  14% 笆補毎笆・               笆・691 MB/4.9 GB  6.1 MB/s  11m36s[K[A[1Gpulling manifest [K
pulling 667b0c1932bc:  14% 笆補毎笆・               笆・691 MB/4.9 GB  6.1 MB/s  11m36s[K[A[1Gpulling manifest [K
pulling 667b0c1932bc:  14% 笆補毎笆・               笆・691 MB/4.9 GB  6.4 MB/s  10m57s[K[A[1Gpulling manifest [K
pulling 667b0c1932bc:  14% 笆補毎笆・               笆・692 MB/4.9 GB  6.4 MB/s  10m57s[K[A[1Gpulling manifest [K
pulling 667b0c1932bc:  14% 笆補毎笆・               笆・692 MB/4.9 GB  6.4 MB/s  10m57s[K[A[1Gpulling manifest [K
pulling 667b0c1932bc:  14% 笆補毎笆・               笆・693 MB/4.9 GB  6.4 MB/s  10m57s[K[A[1Gpulling manifest [K
pulling 667b0c1932bc:  14% 笆補毎笆・               笆・693 MB/4.9 GB  6.4 MB/s  10m57s[K[A[1Gpulling manifest [K
pulling 667b0c1932bc:  14% 笆補毎笆・               笆・694 MB/4.9 GB  6.4 MB/s  10m57s[K[A[1Gpulling manifest [K
pulling 667b0c1932bc:  14% 笆補毎笆・               笆・695 MB/4.9 GB  6.4 MB/s  10m57s[K[A[1Gpulling manifest [K
pulling 667b0c1932bc:  14% 笆補毎笆・               笆・695 MB/4.9 GB  6.4 MB/s  10m57s[K[A[1Gpulling manifest [K
pulling 667b0c1932bc:  14% 笆補毎笆・               笆・696 MB/4.9 GB  6.4 MB/s  10m57s[K[A[1Gpulling manifest [K
pulling 667b0c1932bc:  14% 笆補毎笆・               笆・696 MB/4.9 GB  6.4 MB/s  10m57s[K[A[1Gpulling manifest [K
pulling 667b0c1932bc:  14% 笆補毎笆・               笆・697 MB/4.9 GB  6.3 MB/s  11m13s[K[A[1Gpulling manifest [K
pulling 667b0c1932bc:  14% 笆補毎笆・               笆・698 MB/4.9 GB  6.3 MB/s  11m13s[K[A[1Gpulling manifest [K
pulling 667b0c1932bc:  14% 笆補毎笆・               笆・699 MB/4.9 GB  6.3 MB/s  11m13s[K[A[1Gpulling manifest [K
pulling 667b0c1932bc:  14% 笆補毎笆・               笆・699 MB/4.9 GB  6.3 MB/s  11m13s[K[A[1Gpulling manifest [K
pulling 667b0c1932bc:  14% 笆補毎笆・               笆・700 MB/4.9 GB  6.3 MB/s  11m13s[K[A[1Gpulling manifest [K
pulling 667b0c1932bc:  14% 笆補毎笆・               笆・701 MB/4.9 GB  6.3 MB/s  11m13s[K[A[1Gpulling manifest [K
pulling 667b0c1932bc:  14% 笆補毎笆・               笆・702 MB/4.9 GB  6.3 MB/s  11m12s[K[A[1Gpulling manifest [K
pulling 667b0c1932bc:  14% 笆補毎笆・               笆・702 MB/4.9 GB  6.3 MB/s  11m12s[K[A[1Gpulling manifest [K
pulling 667b0c1932bc:  14% 笆補毎笆・               笆・703 MB/4.9 GB  6.3 MB/s  11m12s[K[A[1Gpulling manifest [K
pulling 667b0c1932bc:  14% 笆補毎笆・               笆・704 MB/4.9 GB  6.3 MB/s  11m12s[K[A[1Gpulling manifest [K
pulling 667b0c1932bc:  14% 笆補毎笆・               笆・705 MB/4.9 GB  6.5 MB/s  10m46s[K[A[1Gpulling manifest [K
pulling 667b0c1932bc:  14% 笆補毎笆・               笆・706 MB/4.9 GB  6.5 MB/s  10m46s[K[A[1Gpulling manifest [K
pulling 667b0c1932bc:  14% 笆補毎笆・               笆・707 MB/4.9 GB  6.5 MB/s  10m46s[K[A[1Gpulling manifest [K
pulling 667b0c1932bc:  14% 笆補毎笆・               笆・707 MB/4.9 GB  6.5 MB/s  10m46s[K[A[1Gpulling manifest [K
pulling 667b0c1932bc:  14% 笆補毎笆・               笆・708 MB/4.9 GB  6.5 MB/s  10m45s[K[A[1Gpulling manifest [K
pulling 667b0c1932bc:  14% 笆補毎笆・               笆・709 MB/4.9 GB  6.5 MB/s  10m45s[K[A[1Gpulling manifest [K
pulling 667b0c1932bc:  14% 笆補毎笆・               笆・709 MB/4.9 GB  6.5 MB/s  10m45s[K[A[1Gpulling manifest [K
pulling 667b0c1932bc:  14% 笆補毎笆・               笆・711 MB/4.9 GB  6.5 MB/s  10m45s[K[A[1Gpulling manifest [K
pulling 667b0c1932bc:  14% 笆補毎笆・               笆・711 MB/4.9 GB  6.5 MB/s  10m45s[K[A[1Gpulling manifest [K
pulling 667b0c1932bc:  14% 笆補毎笆・               笆・712 MB/4.9 GB  6.5 MB/s  10m45s[K[A[1Gpulling manifest [K
pulling 667b0c1932bc:  14% 笆補毎笆・               笆・713 MB/4.9 GB  6.6 MB/s  10m35s[K[A[1Gpulling manifest [K
pulling 667b0c1932bc:  15% 笆補毎笆・               笆・713 MB/4.9 GB  6.6 MB/s  10m35s[K[A[1Gpulling manifest [K
pulling 667b0c1932bc:  15% 笆補毎笆・               笆・714 MB/4.9 GB  6.6 MB/s  10m34s[K[A[1Gpulling manifest [K
pulling 667b0c1932bc:  15% 笆補毎笆・               笆・715 MB/4.9 GB  6.6 MB/s  10m34s[K[A[1Gpulling manifest [K
pulling 667b0c1932bc:  15% 笆補毎笆・               笆・715 MB/4.9 GB  6.6 MB/s  10m34s[K[A[1Gpulling manifest [K
pulling 667b0c1932bc:  15% 笆補毎笆・               笆・715 MB/4.9 GB  6.6 MB/s  10m34s[K[A[1Gpulling manifest [K
pulling 667b0c1932bc:  15% 笆補毎笆・               笆・715 MB/4.9 GB  6.6 MB/s  10m34s[K[A[1Gpulling manifest [K
pulling 667b0c1932bc:  15% 笆補毎笆・               笆・716 MB/4.9 GB  6.6 MB/s  10m34s[K[A[1Gpulling manifest [K
pulling 667b0c1932bc:  15% 笆補毎笆・               笆・716 MB/4.9 GB  6.6 MB/s  10m34s[K[A[1Gpulling manifest [K
pulling 667b0c1932bc:  15% 笆補毎笆・               笆・716 MB/4.9 GB  6.6 MB/s  10m34s[K[A[1Gpulling manifest [K
pulling 667b0c1932bc:  15% 笆補毎笆・               笆・717 MB/4.9 GB  6.4 MB/s  10m55s[K[A[1Gpulling manifest [K
pulling 667b0c1932bc:  15% 笆補毎笆・               笆・717 MB/4.9 GB  6.4 MB/s  10m55s[K[A[1Gpulling manifest [K
pulling 667b0c1932bc:  15% 笆補毎笆・               笆・719 MB/4.9 GB  6.4 MB/s  10m55s[K[A[1Gpulling manifest [K
pulling 667b0c1932bc:  15% 笆補毎笆・               笆・720 MB/4.9 GB  6.4 MB/s  10m55s[K[A[1Gpulling manifest [K
pulling 667b0c1932bc:  15% 笆補毎笆・               笆・720 MB/4.9 GB  6.4 MB/s  10m55s[K[A[1Gpulling manifest [K
pulling 667b0c1932bc:  15% 笆補毎笆・               笆・721 MB/4.9 GB  6.4 MB/s  10m55s[K[A[1Gpulling manifest [K
pulling 667b0c1932bc:  15% 笆補毎笆・               笆・722 MB/4.9 GB  6.4 MB/s  10m54s[K[A[1Gpulling manifest [K
pulling 667b0c1932bc:  15% 笆補毎笆・               笆・723 MB/4.9 GB  6.4 MB/s  10m54s[K[A[1Gpulling manifest [K
pulling 667b0c1932bc:  15% 笆補毎笆・               笆・723 MB/4.9 GB  6.4 MB/s  10m54s[K[A[1Gpulling manifest [K
pulling 667b0c1932bc:  15% 笆補毎笆・               笆・723 MB/4.9 GB  6.4 MB/s  10m54s[K[A[1Gpulling manifest [K
pulling 667b0c1932bc:  15% 笆補毎笆・               笆・724 MB/4.9 GB  6.4 MB/s  10m54s[K[A[1Gpulling manifest [K
pulling 667b0c1932bc:  15% 笆補毎笆・               笆・725 MB/4.9 GB  6.5 MB/s  10m47s[K[A[1Gpulling manifest [K
pulling 667b0c1932bc:  15% 笆補毎笆・               笆・725 MB/4.9 GB  6.5 MB/s  10m47s[K[A[1Gpulling manifest [K
pulling 667b0c1932bc:  15% 笆補毎笆・               笆・726 MB/4.9 GB  6.5 MB/s  10m47s[K[A[1Gpulling manifest [K
pulling 667b0c1932bc:  15% 笆補毎笆・               笆・727 MB/4.9 GB  6.5 MB/s  10m47s[K[A[1Gpulling manifest [K
pulling 667b0c1932bc:  15% 笆補毎笆・               笆・727 MB/4.9 GB  6.5 MB/s  10m47s[K[A[1Gpulling manifest [K
pulling 667b0c1932bc:  15% 笆補毎笆・               笆・727 MB/4.9 GB  6.5 MB/s  10m47s[K[A[1Gpulling manifest [K
pulling 667b0c1932bc:  15% 笆補毎笆・               笆・727 MB/4.9 GB  6.5 MB/s  10m47s[K[A[1Gpulling manifest [K
pulling 667b0c1932bc:  15% 笆補毎笆・               笆・729 MB/4.9 GB  6.5 MB/s  10m47s[K[A[1Gpulling manifest [K
pulling 667b0c1932bc:  15% 笆補毎笆・               笆・730 MB/4.9 GB  6.5 MB/s  10m47s[K[A[1Gpulling manifest [K
pulling 667b0c1932bc:  15% 笆補毎笆・               笆・730 MB/4.9 GB  6.5 MB/s  10m47s[K[A[1Gpulling manifest [K
pulling 667b0c1932bc:  15% 笆補毎笆・               笆・730 MB/4.9 GB  6.5 MB/s  10m46s[K[A[1Gpulling manifest [K
pulling 667b0c1932bc:  15% 笆補毎笆・               笆・731 MB/4.9 GB  6.5 MB/s  10m46s[K[A[1Gpulling manifest [K
pulling 667b0c1932bc:  15% 笆補毎笆・               笆・732 MB/4.9 GB  6.5 MB/s  10m46s[K[A[1Gpulling manifest [K
pulling 667b0c1932bc:  15% 笆補毎笆・               笆・734 MB/4.9 GB  6.5 MB/s  10m46s[K[A[1Gpulling manifest [K
pulling 667b0c1932bc:  15% 笆補毎笆・               笆・734 MB/4.9 GB  6.5 MB/s  10m46s[K[A[1Gpulling manifest [K
pulling 667b0c1932bc:  15% 笆補毎笆・               笆・735 MB/4.9 GB  6.5 MB/s  10m46s[K[A[1Gpulling manifest [K
pulling 667b0c1932bc:  15% 笆補毎笆・               笆・735 MB/4.9 GB  6.5 MB/s  10m45s[K[A[1Gpulling manifest [K
pulling 667b0c1932bc:  15% 笆補毎笆・               笆・736 MB/4.9 GB  6.5 MB/s  10m45s[K[A[1Gpulling manifest [K
pulling 667b0c1932bc:  15% 笆補毎笆・               笆・737 MB/4.9 GB  6.5 MB/s  10m45s[K[A[1Gpulling manifest [K
pulling 667b0c1932bc:  15% 笆補毎笆・               笆・737 MB/4.9 GB  6.5 MB/s  10m45s[K[A[1Gpulling manifest [K
pulling 667b0c1932bc:  15% 笆補毎笆・               笆・737 MB/4.9 GB  6.5 MB/s  10m46s[K[A[1Gpulling manifest [K
pulling 667b0c1932bc:  15% 笆補毎笆・               笆・738 MB/4.9 GB  6.5 MB/s  10m46s[K[A[1Gpulling manifest [K
pulling 667b0c1932bc:  15% 笆補毎笆・               笆・739 MB/4.9 GB  6.5 MB/s  10m46s[K[A[1Gpulling manifest [K
pulling 667b0c1932bc:  15% 笆補毎笆・               笆・740 MB/4.9 GB  6.5 MB/s  10m45s[K[A[1Gpulling manifest [K
pulling 667b0c1932bc:  15% 笆補毎笆・               笆・740 MB/4.9 GB  6.5 MB/s  10m45s[K[A[1Gpulling manifest [K
pulling 667b0c1932bc:  15% 笆補毎笆・               笆・741 MB/4.9 GB  6.5 MB/s  10m45s[K[A[1Gpulling manifest [K
pulling 667b0c1932bc:  15% 笆補毎笆・               笆・742 MB/4.9 GB  6.5 MB/s  10m45s[K[A[1Gpulling manifest [K
pulling 667b0c1932bc:  15% 笆補毎笆・               笆・742 MB/4.9 GB  6.5 MB/s  10m45s[K[A[1Gpulling manifest [K
pulling 667b0c1932bc:  15% 笆補毎笆・               笆・742 MB/4.9 GB  6.5 MB/s  10m45s[K[A[1Gpulling manifest [K
pulling 667b0c1932bc:  15% 笆補毎笆・               笆・743 MB/4.9 GB  6.5 MB/s  10m45s[K[A[1Gpulling manifest [K
pulling 667b0c1932bc:  15% 笆補毎笆・               笆・744 MB/4.9 GB  6.6 MB/s  10m32s[K[A[1Gpulling manifest [K
pulling 667b0c1932bc:  15% 笆補毎笆・               笆・746 MB/4.9 GB  6.6 MB/s  10m32s[K[A[1Gpulling manifest [K
pulling 667b0c1932bc:  15% 笆補毎笆・               笆・746 MB/4.9 GB  6.6 MB/s  10m32s[K[A[1Gpulling manifest [K
pulling 667b0c1932bc:  15% 笆補毎笆・               笆・747 MB/4.9 GB  6.6 MB/s  10m31s[K[A[1Gpulling manifest [K
pulling 667b0c1932bc:  15% 笆補毎笆・               笆・747 MB/4.9 GB  6.6 MB/s  10m31s[K[A[1Gpulling manifest [K
pulling 667b0c1932bc:  15% 笆補毎笆・               笆・747 MB/4.9 GB  6.6 MB/s  10m31s[K[A[1Gpulling manifest [K
pulling 667b0c1932bc:  15% 笆補毎笆・               笆・749 MB/4.9 GB  6.6 MB/s  10m31s[K[A[1Gpulling manifest [K
pulling 667b0c1932bc:  15% 笆補毎笆・               笆・750 MB/4.9 GB  6.6 MB/s  10m31s[K[A[1Gpulling manifest [K
pulling 667b0c1932bc:  15% 笆補毎笆・               笆・750 MB/4.9 GB  6.6 MB/s  10m31s[K[A[1Gpulling manifest [K
pulling 667b0c1932bc:  15% 笆補毎笆・               笆・751 MB/4.9 GB  6.6 MB/s  10m31s[K[A[1Gpulling manifest [K
pulling 667b0c1932bc:  15% 笆補毎笆・               笆・751 MB/4.9 GB  6.7 MB/s  10m26s[K[A[1Gpulling manifest [K
pulling 667b0c1932bc:  15% 笆補毎笆・               笆・751 MB/4.9 GB  6.7 MB/s  10m26s[K[A[1Gpulling manifest [K
pulling 667b0c1932bc:  15% 笆補毎笆・               笆・752 MB/4.9 GB  6.7 MB/s  10m26s[K[A[1Gpulling manifest [K
pulling 667b0c1932bc:  15% 笆補毎笆・               笆・753 MB/4.9 GB  6.7 MB/s  10m26s[K[A[1Gpulling manifest [K
pulling 667b0c1932bc:  15% 笆補毎笆・               笆・753 MB/4.9 GB  6.7 MB/s  10m26s[K[A[1Gpulling manifest [K
pulling 667b0c1932bc:  15% 笆補毎笆・               笆・755 MB/4.9 GB  6.7 MB/s  10m26s[K[A[1Gpulling manifest [K
pulling 667b0c1932bc:  15% 笆補毎笆・               笆・756 MB/4.9 GB  6.7 MB/s  10m26s[K[A[1Gpulling manifest [K
pulling 667b0c1932bc:  15% 笆補毎笆・               笆・756 MB/4.9 GB  6.7 MB/s  10m25s[K[A[1Gpulling manifest [K
pulling 667b0c1932bc:  15% 笆補毎笆・               笆・757 MB/4.9 GB  6.7 MB/s  10m25s[K[A[1Gpulling manifest [K
pulling 667b0c1932bc:  15% 笆補毎笆・               笆・758 MB/4.9 GB  6.7 MB/s  10m25s[K[A[1Gpulling manifest [K
pulling 667b0c1932bc:  15% 笆補毎笆・               笆・759 MB/4.9 GB  6.7 MB/s  10m25s[K[A[1Gpulling manifest [K
pulling 667b0c1932bc:  15% 笆補毎笆・               笆・760 MB/4.9 GB  6.9 MB/s   10m1s[K[A[1Gpulling manifest [K
pulling 667b0c1932bc:  15% 笆補毎笆・               笆・760 MB/4.9 GB  6.9 MB/s   10m1s[K[A[1Gpulling manifest [K
pulling 667b0c1932bc:  15% 笆補毎笆・               笆・761 MB/4.9 GB  6.9 MB/s   10m1s[K[A[1Gpulling manifest [K
pulling 667b0c1932bc:  15% 笆補毎笆・               笆・762 MB/4.9 GB  6.9 MB/s   10m1s[K[A[1Gpulling manifest [K
pulling 667b0c1932bc:  15% 笆補毎笆・               笆・762 MB/4.9 GB  6.9 MB/s   10m1s[K[A[1Gpulling manifest [K
pulling 667b0c1932bc:  15% 笆補毎笆・               笆・762 MB/4.9 GB  6.9 MB/s   10m1s[K[A[1Gpulling manifest [K
pulling 667b0c1932bc:  16% 笆補毎笆・               笆・763 MB/4.9 GB  6.9 MB/s   10m1s[K[A[1Gpulling manifest [K
pulling 667b0c1932bc:  16% 笆補毎笆・               笆・765 MB/4.9 GB  6.9 MB/s   10m1s[K[A[1Gpulling manifest [K
pulling 667b0c1932bc:  16% 笆補毎笆・               笆・765 MB/4.9 GB  6.9 MB/s   10m1s[K[A[1Gpulling manifest [K
pulling 667b0c1932bc:  16% 笆補毎笆・               笆・765 MB/4.9 GB  6.9 MB/s   10m1s[K[A[1Gpulling manifest [K
pulling 667b0c1932bc:  16% 笆補毎笆・               笆・766 MB/4.9 GB  6.8 MB/s   10m9s[K[A[1Gpulling manifest [K
pulling 667b0c1932bc:  16% 笆補毎笆・               笆・767 MB/4.9 GB  6.8 MB/s   10m9s[K[A[1Gpulling manifest [K
pulling 667b0c1932bc:  16% 笆補毎笆・               笆・768 MB/4.9 GB  6.8 MB/s   10m9s[K[A[1Gpulling manifest [K
pulling 667b0c1932bc:  16% 笆補毎笆・               笆・769 MB/4.9 GB  6.8 MB/s   10m9s[K[A[1Gpulling manifest [K
pulling 667b0c1932bc:  16% 笆補毎笆・               笆・770 MB/4.9 GB  6.8 MB/s   10m9s[K[A[1Gpulling manifest [K
pulling 667b0c1932bc:  16% 笆補毎笆・               笆・770 MB/4.9 GB  6.8 MB/s   10m9s[K[A[1Gpulling manifest [K
pulling 667b0c1932bc:  16% 笆補毎笆・               笆・771 MB/4.9 GB  6.8 MB/s   10m8s[K[A[1Gpulling manifest [K
pulling 667b0c1932bc:  16% 笆補毎笆・               笆・771 MB/4.9 GB  6.8 MB/s   10m8s[K[A[1Gpulling manifest [K
pulling 667b0c1932bc:  16% 笆補毎笆・               笆・772 MB/4.9 GB  6.8 MB/s   10m8s[K[A[1Gpulling manifest [K
pulling 667b0c1932bc:  16% 笆補毎笆・               笆・774 MB/4.9 GB  6.8 MB/s   10m8s[K[A[1Gpulling manifest [K
pulling 667b0c1932bc:  16% 笆補毎笆・               笆・774 MB/4.9 GB  6.8 MB/s   10m8s[K[A[1Gpulling manifest [K
pulling 667b0c1932bc:  16% 笆補毎笆・               笆・775 MB/4.9 GB  6.8 MB/s   10m8s[K[A[1Gpulling manifest [K
pulling 667b0c1932bc:  16% 笆補毎笆・               笆・775 MB/4.9 GB  6.8 MB/s   10m8s[K[A[1Gpulling manifest [K
pulling 667b0c1932bc:  16% 笆補毎笆・               笆・776 MB/4.9 GB  6.8 MB/s   10m8s[K[A[1Gpulling manifest [K
pulling 667b0c1932bc:  16% 笆補毎笆・               笆・777 MB/4.9 GB  6.8 MB/s   10m7s[K[A[1Gpulling manifest [K
pulling 667b0c1932bc:  16% 笆補毎笆・               笆・778 MB/4.9 GB  6.8 MB/s   10m7s[K[A[1Gpulling manifest [K
pulling 667b0c1932bc:  16% 笆補毎笆・               笆・779 MB/4.9 GB  6.8 MB/s   10m7s[K[A[1Gpulling manifest [K
pulling 667b0c1932bc:  16% 笆補毎笆・               笆・780 MB/4.9 GB  6.8 MB/s   10m7s[K[A[1Gpulling manifest [K
pulling 667b0c1932bc:  16% 笆補毎笆・               笆・781 MB/4.9 GB  6.8 MB/s   10m7s[K[A[1Gpulling manifest [K
pulling 667b0c1932bc:  16% 笆補毎笆・               笆・781 MB/4.9 GB  6.8 MB/s   10m7s[K[A[1Gpulling manifest [K
pulling 667b0c1932bc:  16% 笆補毎笆・               笆・781 MB/4.9 GB  7.1 MB/s   9m39s[K[A[1Gpulling manifest [K
pulling 667b0c1932bc:  16% 笆補毎笆・               笆・782 MB/4.9 GB  7.1 MB/s   9m39s[K[A[1Gpulling manifest [K
pulling 667b0c1932bc:  16% 笆補毎笆・               笆・783 MB/4.9 GB  7.1 MB/s   9m39s[K[A[1Gpulling manifest [K
pulling 667b0c1932bc:  16% 笆補毎笆・               笆・784 MB/4.9 GB  7.1 MB/s   9m38s[K[A[1Gpulling manifest [K
pulling 667b0c1932bc:  16% 笆補毎笆・               笆・785 MB/4.9 GB  7.1 MB/s   9m38s[K[A[1Gpulling manifest [K
pulling 667b0c1932bc:  16% 笆補毎笆・               笆・785 MB/4.9 GB  7.1 MB/s   9m38s[K[A[1Gpulling manifest [K
pulling 667b0c1932bc:  16% 笆補毎笆・               笆・785 MB/4.9 GB  7.1 MB/s   9m38s[K[A[1Gpulling manifest [K
pulling 667b0c1932bc:  16% 笆補毎笆・               笆・786 MB/4.9 GB  7.1 MB/s   9m38s[K[A[1Gpulling manifest [K
pulling 667b0c1932bc:  16% 笆補毎笆・               笆・786 MB/4.9 GB  7.1 MB/s   9m38s[K[A[1Gpulling manifest [K
pulling 667b0c1932bc:  16% 笆補毎笆・               笆・787 MB/4.9 GB  7.1 MB/s   9m38s[K[A[1Gpulling manifest [K
pulling 667b0c1932bc:  16% 笆補毎笆・               笆・788 MB/4.9 GB  7.1 MB/s   9m44s[K[A[1Gpulling manifest [K
pulling 667b0c1932bc:  16% 笆補毎笆・               笆・788 MB/4.9 GB  7.1 MB/s   9m44s[K[A[1Gpulling manifest [K
pulling 667b0c1932bc:  16% 笆補毎笆・               笆・788 MB/4.9 GB  7.1 MB/s   9m44s[K[A[1Gpulling manifest [K
pulling 667b0c1932bc:  16% 笆補毎笆・               笆・791 MB/4.9 GB  7.1 MB/s   9m44s[K[A[1Gpulling manifest [K
pulling 667b0c1932bc:  16% 笆補毎笆・               笆・791 MB/4.9 GB  7.1 MB/s   9m44s[K[A[1Gpulling manifest [K
pulling 667b0c1932bc:  16% 笆補毎笆・               笆・792 MB/4.9 GB  7.1 MB/s   9m44s[K[A[1Gpulling manifest [K
pulling 667b0c1932bc:  16% 笆補毎笆・               笆・792 MB/4.9 GB  7.1 MB/s   9m44s[K[A[1Gpulling manifest [K
pulling 667b0c1932bc:  16% 笆補毎笆・               笆・793 MB/4.9 GB  7.1 MB/s   9m44s[K[A[1Gpulling manifest [K
pulling 667b0c1932bc:  16% 笆補毎笆・               笆・794 MB/4.9 GB  7.1 MB/s   9m44s[K[A[1Gpulling manifest [K
pulling 667b0c1932bc:  16% 笆補毎笆・               笆・794 MB/4.9 GB  7.1 MB/s   9m44s[K[A[1Gpulling manifest [K
pulling 667b0c1932bc:  16% 笆補毎笆・               笆・795 MB/4.9 GB  7.1 MB/s   9m43s[K[A[1Gpulling manifest [K
pulling 667b0c1932bc:  16% 笆補毎笆・               笆・796 MB/4.9 GB  7.2 MB/s   9m29s[K[A[1Gpulling manifest [K
pulling 667b0c1932bc:  16% 笆補毎笆・               笆・796 MB/4.9 GB  7.2 MB/s   9m29s[K[A[1Gpulling manifest [K
pulling 667b0c1932bc:  16% 笆補毎笆・               笆・796 MB/4.9 GB  7.2 MB/s   9m29s[K[A[1Gpulling manifest [K
pulling 667b0c1932bc:  16% 笆補毎笆・               笆・798 MB/4.9 GB  7.2 MB/s   9m28s[K[A[1Gpulling manifest [K
pulling 667b0c1932bc:  16% 笆補毎笆・               笆・799 MB/4.9 GB  7.2 MB/s   9m28s[K[A[1Gpulling manifest [K
pulling 667b0c1932bc:  16% 笆補毎笆・               笆・799 MB/4.9 GB  7.2 MB/s   9m28s[K[A[1Gpulling manifest [K
pulling 667b0c1932bc:  16% 笆補毎笆・               笆・799 MB/4.9 GB  7.2 MB/s   9m28s[K[A[1Gpulling manifest [K
pulling 667b0c1932bc:  16% 笆補毎笆・               笆・799 MB/4.9 GB  7.2 MB/s   9m28s[K[A[1Gpulling manifest [K
pulling 667b0c1932bc:  16% 笆補毎笆・               笆・800 MB/4.9 GB  7.2 MB/s   9m28s[K[A[1Gpulling manifest [K
pulling 667b0c1932bc:  16% 笆補毎笆・               笆・801 MB/4.9 GB  7.2 MB/s   9m28s[K[A[1Gpulling manifest [K
pulling 667b0c1932bc:  16% 笆補毎笆・               笆・802 MB/4.9 GB  7.1 MB/s   9m39s[K[A[1Gpulling manifest [K
pulling 667b0c1932bc:  16% 笆補毎笆・               笆・802 MB/4.9 GB  7.1 MB/s   9m39s[K[A[1Gpulling manifest [K
pulling 667b0c1932bc:  16% 笆補毎笆・               笆・804 MB/4.9 GB  7.1 MB/s   9m39s[K[A[1Gpulling manifest [K
pulling 667b0c1932bc:  16% 笆補毎笆・               笆・804 MB/4.9 GB  7.1 MB/s   9m38s[K[A[1Gpulling manifest [K
pulling 667b0c1932bc:  16% 笆補毎笆・               笆・805 MB/4.9 GB  7.1 MB/s   9m38s[K[A[1Gpulling manifest [K
pulling 667b0c1932bc:  16% 笆補毎笆・               笆・805 MB/4.9 GB  7.1 MB/s   9m38s[K[A[1Gpulling manifest [K
pulling 667b0c1932bc:  16% 笆補毎笆・               笆・805 MB/4.9 GB  7.1 MB/s   9m38s[K[A[1Gpulling manifest [K
pulling 667b0c1932bc:  16% 笆補毎笆・               笆・806 MB/4.9 GB  7.1 MB/s   9m38s[K[A[1Gpulling manifest [K
pulling 667b0c1932bc:  16% 笆補毎笆・               笆・807 MB/4.9 GB  7.1 MB/s   9m38s[K[A[1Gpulling manifest [K
pulling 667b0c1932bc:  16% 笆補毎笆・               笆・807 MB/4.9 GB  7.1 MB/s   9m38s[K[A[1Gpulling manifest [K
pulling 667b0c1932bc:  16% 笆補毎笆・               笆・807 MB/4.9 GB  7.0 MB/s   9m46s[K[A[1Gpulling manifest [K
pulling 667b0c1932bc:  16% 笆補毎笆・               笆・808 MB/4.9 GB  7.0 MB/s   9m46s[K[A[1Gpulling manifest [K
pulling 667b0c1932bc:  16% 笆補毎笆・               笆・809 MB/4.9 GB  7.0 MB/s   9m46s[K[A[1Gpulling manifest [K
pulling 667b0c1932bc:  16% 笆補毎笆・               笆・809 MB/4.9 GB  7.0 MB/s   9m46s[K[A[1Gpulling manifest [K
pulling 667b0c1932bc:  16% 笆補毎笆・               笆・809 MB/4.9 GB  7.0 MB/s   9m46s[K[A[1Gpulling manifest [K
pulling 667b0c1932bc:  16% 笆補毎笆・               笆・811 MB/4.9 GB  7.0 MB/s   9m45s[K[A[1Gpulling manifest [K
pulling 667b0c1932bc:  17% 笆補毎笆・               笆・812 MB/4.9 GB  7.0 MB/s   9m45s[K[A[1Gpulling manifest [K
pulling 667b0c1932bc:  17% 笆補毎笆・               笆・813 MB/4.9 GB  7.0 MB/s   9m45s[K[A[1Gpulling manifest [K
pulling 667b0c1932bc:  17% 笆補毎笆・               笆・814 MB/4.9 GB  7.0 MB/s   9m45s[K[A[1Gpulling manifest [K
pulling 667b0c1932bc:  17% 笆補毎笆・               笆・814 MB/4.9 GB  7.0 MB/s   9m45s[K[A[1Gpulling manifest [K
pulling 667b0c1932bc:  17% 笆補毎笆・               笆・815 MB/4.9 GB  7.1 MB/s   9m38s[K[A[1Gpulling manifest [K
pulling 667b0c1932bc:  17% 笆補毎笆・               笆・816 MB/4.9 GB  7.1 MB/s   9m38s[K[A[1Gpulling manifest [K
pulling 667b0c1932bc:  17% 笆補毎笆・               笆・816 MB/4.9 GB  7.1 MB/s   9m38s[K[A[1Gpulling manifest [K
pulling 667b0c1932bc:  17% 笆補毎笆・               笆・817 MB/4.9 GB  7.1 MB/s   9m37s[K[A[1Gpulling manifest [K
pulling 667b0c1932bc:  17% 笆補毎笆・               笆・817 MB/4.9 GB  7.1 MB/s   9m37s[K[A[1Gpulling manifest [K
pulling 667b0c1932bc:  17% 笆補毎笆・               笆・818 MB/4.9 GB  7.1 MB/s   9m37s[K[A[1Gpulling manifest [K
pulling 667b0c1932bc:  17% 笆補毎笆・               笆・819 MB/4.9 GB  7.1 MB/s   9m37s[K[A[1Gpulling manifest [K
pulling 667b0c1932bc:  17% 笆補毎笆遺毎               笆・820 MB/4.9 GB  7.1 MB/s   9m37s[K[A[1Gpulling manifest [K
pulling 667b0c1932bc:  17% 笆補毎笆遺毎               笆・821 MB/4.9 GB  7.1 MB/s   9m37s[K[A[1Gpulling manifest [K
pulling 667b0c1932bc:  17% 笆補毎笆遺毎               笆・822 MB/4.9 GB  7.1 MB/s   9m37s[K[A[1Gpulling manifest [K
pulling 667b0c1932bc:  17% 笆補毎笆遺毎               笆・823 MB/4.9 GB  7.1 MB/s   9m40s[K[A[1Gpulling manifest [K
pulling 667b0c1932bc:  17% 笆補毎笆遺毎               笆・824 MB/4.9 GB  7.1 MB/s   9m40s[K[A[1Gpulling manifest [K
pulling 667b0c1932bc:  17% 笆補毎笆遺毎               笆・824 MB/4.9 GB  7.1 MB/s   9m40s[K[A[1Gpulling manifest [K
pulling 667b0c1932bc:  17% 笆補毎笆遺毎               笆・824 MB/4.9 GB  7.1 MB/s   9m40s[K[A[1Gpulling manifest [K
pulling 667b0c1932bc:  17% 笆補毎笆遺毎               笆・825 MB/4.9 GB  7.1 MB/s   9m40s[K[A[1Gpulling manifest [K
pulling 667b0c1932bc:  17% 笆補毎笆遺毎               笆・826 MB/4.9 GB  7.1 MB/s   9m39s[K[A[1Gpulling manifest [K
pulling 667b0c1932bc:  17% 笆補毎笆遺毎               笆・826 MB/4.9 GB  7.1 MB/s   9m39s[K[A[1Gpulling manifest [K
pulling 667b0c1932bc:  17% 笆補毎笆遺毎               笆・827 MB/4.9 GB  7.1 MB/s   9m39s[K[A[1Gpulling manifest [K
pulling 667b0c1932bc:  17% 笆補毎笆遺毎               笆・828 MB/4.9 GB  7.1 MB/s   9m39s[K[A[1Gpulling manifest [K
pulling 667b0c1932bc:  17% 笆補毎笆遺毎               笆・829 MB/4.9 GB  7.1 MB/s   9m39s[K[A[1Gpulling manifest [K
pulling 667b0c1932bc:  17% 笆補毎笆遺毎               笆・829 MB/4.9 GB  7.1 MB/s   9m39s[K[A[1Gpulling manifest [K
pulling 667b0c1932bc:  17% 笆補毎笆遺毎               笆・830 MB/4.9 GB  7.1 MB/s   9m36s[K[A[1Gpulling manifest [K
pulling 667b0c1932bc:  17% 笆補毎笆遺毎               笆・831 MB/4.9 GB  7.1 MB/s   9m36s[K[A[1Gpulling manifest [K
pulling 667b0c1932bc:  17% 笆補毎笆遺毎               笆・832 MB/4.9 GB  7.1 MB/s   9m36s[K[A[1Gpulling manifest [K
pulling 667b0c1932bc:  17% 笆補毎笆遺毎               笆・833 MB/4.9 GB  7.1 MB/s   9m35s[K[A[1Gpulling manifest [K
pulling 667b0c1932bc:  17% 笆補毎笆遺毎               笆・833 MB/4.9 GB  7.1 MB/s   9m35s[K[A[1Gpulling manifest [K
pulling 667b0c1932bc:  17% 笆補毎笆遺毎               笆・833 MB/4.9 GB  7.1 MB/s   9m35s[K[A[1Gpulling manifest [K
pulling 667b0c1932bc:  17% 笆補毎笆遺毎               笆・835 MB/4.9 GB  7.1 MB/s   9m35s[K[A[1Gpulling manifest [K
pulling 667b0c1932bc:  17% 笆補毎笆遺毎               笆・836 MB/4.9 GB  7.1 MB/s   9m35s[K[A[1Gpulling manifest [K
pulling 667b0c1932bc:  17% 笆補毎笆遺毎               笆・836 MB/4.9 GB  7.1 MB/s   9m35s[K[A[1Gpulling manifest [K
pulling 667b0c1932bc:  17% 笆補毎笆遺毎               笆・837 MB/4.9 GB  7.1 MB/s   9m35s[K[A[1Gpulling manifest [K
pulling 667b0c1932bc:  17% 笆補毎笆遺毎               笆・838 MB/4.9 GB  7.1 MB/s   9m38s[K[A[1Gpulling manifest [K
pulling 667b0c1932bc:  17% 笆補毎笆遺毎               笆・838 MB/4.9 GB  7.1 MB/s   9m38s[K[A[1Gpulling manifest [K
pulling 667b0c1932bc:  17% 笆補毎笆遺毎               笆・839 MB/4.9 GB  7.1 MB/s   9m37s[K[A[1Gpulling manifest [K
pulling 667b0c1932bc:  17% 笆補毎笆遺毎               笆・839 MB/4.9 GB  7.1 MB/s   9m37s[K[A[1Gpulling manifest [K
pulling 667b0c1932bc:  17% 笆補毎笆遺毎               笆・839 MB/4.9 GB  7.1 MB/s   9m37s[K[A[1Gpulling manifest [K
pulling 667b0c1932bc:  17% 笆補毎笆遺毎               笆・841 MB/4.9 GB  7.1 MB/s   9m37s[K[A[1Gpulling manifest [K
pulling 667b0c1932bc:  17% 笆補毎笆遺毎               笆・841 MB/4.9 GB  7.1 MB/s   9m37s[K[A[1Gpulling manifest [K
pulling 667b0c1932bc:  17% 笆補毎笆遺毎               笆・841 MB/4.9 GB  7.1 MB/s   9m37s[K[A[1Gpulling manifest [K
pulling 667b0c1932bc:  17% 笆補毎笆遺毎               笆・841 MB/4.9 GB  7.1 MB/s   9m37s[K[A[1Gpulling manifest [K
pulling 667b0c1932bc:  17% 笆補毎笆遺毎               笆・844 MB/4.9 GB  7.1 MB/s   9m37s[K[A[1Gpulling manifest [K
pulling 667b0c1932bc:  17% 笆補毎笆遺毎               笆・844 MB/4.9 GB  7.0 MB/s   9m45s[K[A[1Gpulling manifest [K
pulling 667b0c1932bc:  17% 笆補毎笆遺毎               笆・844 MB/4.9 GB  7.0 MB/s   9m45s[K[A[1Gpulling manifest [K
pulling 667b0c1932bc:  17% 笆補毎笆遺毎               笆・844 MB/4.9 GB  7.0 MB/s   9m45s[K[A[1Gpulling manifest [K
pulling 667b0c1932bc:  17% 笆補毎笆遺毎               笆・844 MB/4.9 GB  7.0 MB/s   9m45s[K[A[1Gpulling manifest [K
pulling 667b0c1932bc:  17% 笆補毎笆遺毎               笆・845 MB/4.9 GB  7.0 MB/s   9m45s[K[A[1Gpulling manifest [K
pulling 667b0c1932bc:  17% 笆補毎笆遺毎               笆・846 MB/4.9 GB  7.0 MB/s   9m45s[K[A[1Gpulling manifest [K
pulling 667b0c1932bc:  17% 笆補毎笆遺毎               笆・847 MB/4.9 GB  7.0 MB/s   9m45s[K[A[1Gpulling manifest [K
pulling 667b0c1932bc:  17% 笆補毎笆遺毎               笆・848 MB/4.9 GB  7.0 MB/s   9m45s[K[A[1Gpulling manifest [K
pulling 667b0c1932bc:  17% 笆補毎笆遺毎               笆・850 MB/4.9 GB  7.0 MB/s   9m44s[K[A[1Gpulling manifest [K
pulling 667b0c1932bc:  17% 笆補毎笆遺毎               笆・850 MB/4.9 GB  7.0 MB/s   9m44s[K[A[1Gpulling manifest [K
pulling 667b0c1932bc:  17% 笆補毎笆遺毎               笆・851 MB/4.9 GB  7.0 MB/s   9m39s[K[A[1Gpulling manifest [K
pulling 667b0c1932bc:  17% 笆補毎笆遺毎               笆・852 MB/4.9 GB  7.0 MB/s   9m39s[K[A[1Gpulling manifest [K
pulling 667b0c1932bc:  17% 笆補毎笆遺毎               笆・852 MB/4.9 GB  7.0 MB/s   9m39s[K[A[1Gpulling manifest [K
pulling 667b0c1932bc:  17% 笆補毎笆遺毎               笆・853 MB/4.9 GB  7.0 MB/s   9m38s[K[A[1Gpulling manifest [K
pulling 667b0c1932bc:  17% 笆補毎笆遺毎               笆・853 MB/4.9 GB  7.0 MB/s   9m38s[K[A[1Gpulling manifest [K
pulling 667b0c1932bc:  17% 笆補毎笆遺毎               笆・854 MB/4.9 GB  7.0 MB/s   9m38s[K[A[1Gpulling manifest [K
pulling 667b0c1932bc:  17% 笆補毎笆遺毎               笆・855 MB/4.9 GB  7.0 MB/s   9m38s[K[A[1Gpulling manifest [K
pulling 667b0c1932bc:  17% 笆補毎笆遺毎               笆・856 MB/4.9 GB  7.0 MB/s   9m38s[K[A[1Gpulling manifest [K
pulling 667b0c1932bc:  17% 笆補毎笆遺毎               笆・856 MB/4.9 GB  7.0 MB/s   9m38s[K[A[1Gpulling manifest [K
pulling 667b0c1932bc:  17% 笆補毎笆遺毎               笆・857 MB/4.9 GB  7.0 MB/s   9m38s[K[A[1Gpulling manifest [K
pulling 667b0c1932bc:  17% 笆補毎笆遺毎               笆・858 MB/4.9 GB  7.0 MB/s   9m38s[K[A[1Gpulling manifest [K
pulling 667b0c1932bc:  17% 笆補毎笆遺毎               笆・859 MB/4.9 GB  7.0 MB/s   9m38s[K[A[1Gpulling manifest [K
pulling 667b0c1932bc:  17% 笆補毎笆遺毎               笆・860 MB/4.9 GB  7.0 MB/s   9m38s[K[A[1Gpulling manifest [K
pulling 667b0c1932bc:  17% 笆補毎笆遺毎               笆・860 MB/4.9 GB  7.0 MB/s   9m38s[K[A[1Gpulling manifest [K
pulling 667b0c1932bc:  17% 笆補毎笆遺毎               笆・861 MB/4.9 GB  7.0 MB/s   9m38s[K[A[1Gpulling manifest [K
pulling 667b0c1932bc:  18% 笆補毎笆遺毎               笆・861 MB/4.9 GB  7.0 MB/s   9m38s[K[A[1Gpulling manifest [K
pulling 667b0c1932bc:  18% 笆補毎笆遺毎               笆・862 MB/4.9 GB  7.0 MB/s   9m38s[K[A[1Gpulling manifest [K
pulling 667b0c1932bc:  18% 笆補毎笆遺毎               笆・862 MB/4.9 GB  7.0 MB/s   9m38s[K[A[1Gpulling manifest [K
pulling 667b0c1932bc:  18% 笆補毎笆遺毎               笆・863 MB/4.9 GB  7.0 MB/s   9m38s[K[A[1Gpulling manifest [K
pulling 667b0c1932bc:  18% 笆補毎笆遺毎               笆・864 MB/4.9 GB  7.0 MB/s   9m38s[K[A[1Gpulling manifest [K
pulling 667b0c1932bc:  18% 笆補毎笆遺毎               笆・864 MB/4.9 GB  7.0 MB/s   9m38s[K[A[1Gpulling manifest [K
pulling 667b0c1932bc:  18% 笆補毎笆遺毎               笆・865 MB/4.9 GB  7.0 MB/s   9m38s[K[A[1Gpulling manifest [K
pulling 667b0c1932bc:  18% 笆補毎笆遺毎               笆・866 MB/4.9 GB  7.0 MB/s   9m38s[K[A[1Gpulling manifest [K
pulling 667b0c1932bc:  18% 笆補毎笆遺毎               笆・867 MB/4.9 GB  7.0 MB/s   9m38s[K[A[1Gpulling manifest [K
pulling 667b0c1932bc:  18% 笆補毎笆遺毎               笆・867 MB/4.9 GB  7.0 MB/s   9m38s[K[A[1Gpulling manifest [K
pulling 667b0c1932bc:  18% 笆補毎笆遺毎               笆・869 MB/4.9 GB  7.0 MB/s   9m38s[K[A[1Gpulling manifest [K
pulling 667b0c1932bc:  18% 笆補毎笆遺毎               笆・869 MB/4.9 GB  7.0 MB/s   9m38s[K[A[1Gpulling manifest [K
pulling 667b0c1932bc:  18% 笆補毎笆遺毎               笆・870 MB/4.9 GB  7.0 MB/s   9m37s[K[A[1Gpulling manifest [K
pulling 667b0c1932bc:  18% 笆補毎笆遺毎               笆・871 MB/4.9 GB  7.0 MB/s   9m37s[K[A[1Gpulling manifest [K
pulling 667b0c1932bc:  18% 笆補毎笆遺毎               笆・872 MB/4.9 GB  7.0 MB/s   9m37s[K[A[1Gpulling manifest [K
pulling 667b0c1932bc:  18% 笆補毎笆遺毎               笆・872 MB/4.9 GB  7.0 MB/s   9m37s[K[A[1Gpulling manifest [K
pulling 667b0c1932bc:  18% 笆補毎笆遺毎               笆・873 MB/4.9 GB  7.3 MB/s   9m16s[K[A[1Gpulling manifest [K
pulling 667b0c1932bc:  18% 笆補毎笆遺毎               笆・874 MB/4.9 GB  7.3 MB/s   9m16s[K[A[1Gpulling manifest [K
pulling 667b0c1932bc:  18% 笆補毎笆遺毎               笆・875 MB/4.9 GB  7.3 MB/s   9m16s[K[A[1Gpulling manifest [K
pulling 667b0c1932bc:  18% 笆補毎笆遺毎               笆・876 MB/4.9 GB  7.3 MB/s   9m16s[K[A[1Gpulling manifest [K
pulling 667b0c1932bc:  18% 笆補毎笆遺毎               笆・876 MB/4.9 GB  7.3 MB/s   9m16s[K[A[1Gpulling manifest [K
pulling 667b0c1932bc:  18% 笆補毎笆遺毎               笆・877 MB/4.9 GB  7.3 MB/s   9m16s[K[A[1Gpulling manifest [K
pulling 667b0c1932bc:  18% 笆補毎笆遺毎               笆・878 MB/4.9 GB  7.3 MB/s   9m16s[K[A[1Gpulling manifest [K
pulling 667b0c1932bc:  18% 笆補毎笆遺毎               笆・879 MB/4.9 GB  7.3 MB/s   9m16s[K[A[1Gpulling manifest [K
pulling 667b0c1932bc:  18% 笆補毎笆遺毎               笆・880 MB/4.9 GB  7.3 MB/s   9m16s[K[A[1Gpulling manifest [K
pulling 667b0c1932bc:  18% 笆補毎笆遺毎               笆・880 MB/4.9 GB  7.3 MB/s   9m16s[K[A[1Gpulling manifest [K
pulling 667b0c1932bc:  18% 笆補毎笆遺毎               笆・880 MB/4.9 GB  7.2 MB/s   9m17s[K[A[1Gpulling manifest [K
pulling 667b0c1932bc:  18% 笆補毎笆遺毎               笆・880 MB/4.9 GB  7.2 MB/s   9m17s[K[A[1Gpulling manifest [K
pulling 667b0c1932bc:  18% 笆補毎笆遺毎               笆・883 MB/4.9 GB  7.2 MB/s   9m17s[K[A[1Gpulling manifest [K
pulling 667b0c1932bc:  18% 笆補毎笆遺毎               笆・883 MB/4.9 GB  7.2 MB/s   9m17s[K[A[1Gpulling manifest [K
pulling 667b0c1932bc:  18% 笆補毎笆遺毎               笆・884 MB/4.9 GB  7.2 MB/s   9m17s[K[A[1Gpulling manifest [K
pulling 667b0c1932bc:  18% 笆補毎笆遺毎               笆・884 MB/4.9 GB  7.2 MB/s   9m17s[K[A[1Gpulling manifest [K
pulling 667b0c1932bc:  18% 笆補毎笆遺毎               笆・884 MB/4.9 GB  7.2 MB/s   9m17s[K[A[1Gpulling manifest [K
pulling 667b0c1932bc:  18% 笆補毎笆遺毎               笆・885 MB/4.9 GB  7.2 MB/s   9m17s[K[A[1Gpulling manifest [K
pulling 667b0c1932bc:  18% 笆補毎笆遺毎               笆・886 MB/4.9 GB  7.2 MB/s   9m16s[K[A[1Gpulling manifest [K
pulling 667b0c1932bc:  18% 笆補毎笆遺毎               笆・888 MB/4.9 GB  7.2 MB/s   9m16s[K[A[1Gpulling manifest [K
pulling 667b0c1932bc:  18% 笆補毎笆遺毎               笆・889 MB/4.9 GB  7.3 MB/s   9m10s[K[A[1Gpulling manifest [K
pulling 667b0c1932bc:  18% 笆補毎笆遺毎               笆・889 MB/4.9 GB  7.3 MB/s   9m10s[K[A[1Gpulling manifest [K
pulling 667b0c1932bc:  18% 笆補毎笆遺毎               笆・889 MB/4.9 GB  7.3 MB/s   9m10s[K[A[1Gpulling manifest [K
pulling 667b0c1932bc:  18% 笆補毎笆遺毎               笆・890 MB/4.9 GB  7.3 MB/s   9m10s[K[A[1Gpulling manifest [K
pulling 667b0c1932bc:  18% 笆補毎笆遺毎               笆・892 MB/4.9 GB  7.3 MB/s   9m10s[K[A[1Gpulling manifest [K
pulling 667b0c1932bc:  18% 笆補毎笆遺毎               笆・892 MB/4.9 GB  7.3 MB/s   9m10s[K[A[1Gpulling manifest [K
pulling 667b0c1932bc:  18% 笆補毎笆遺毎               笆・892 MB/4.9 GB  7.3 MB/s    9m9s[K[A[1Gpulling manifest [K
pulling 667b0c1932bc:  18% 笆補毎笆遺毎               笆・893 MB/4.9 GB  7.3 MB/s    9m9s[K[A[1Gpulling manifest [K
pulling 667b0c1932bc:  18% 笆補毎笆遺毎               笆・893 MB/4.9 GB  7.3 MB/s    9m9s[K[A[1Gpulling manifest [K
pulling 667b0c1932bc:  18% 笆補毎笆遺毎               笆・895 MB/4.9 GB  7.3 MB/s    9m9s[K[A[1Gpulling manifest [K
pulling 667b0c1932bc:  18% 笆補毎笆遺毎               笆・895 MB/4.9 GB  7.3 MB/s   9m12s[K[A[1Gpulling manifest [K
pulling 667b0c1932bc:  18% 笆補毎笆遺毎               笆・896 MB/4.9 GB  7.3 MB/s   9m12s[K[A[1Gpulling manifest [K
pulling 667b0c1932bc:  18% 笆補毎笆遺毎               笆・897 MB/4.9 GB  7.3 MB/s   9m12s[K[A[1Gpulling manifest [K
pulling 667b0c1932bc:  18% 笆補毎笆遺毎               笆・898 MB/4.9 GB  7.3 MB/s   9m12s[K[A[1Gpulling manifest [K
pulling 667b0c1932bc:  18% 笆補毎笆遺毎               笆・899 MB/4.9 GB  7.3 MB/s   9m12s[K[A[1Gpulling manifest [K
pulling 667b0c1932bc:  18% 笆補毎笆遺毎               笆・900 MB/4.9 GB  7.3 MB/s   9m12s[K[A[1Gpulling manifest [K
pulling 667b0c1932bc:  18% 笆補毎笆遺毎               笆・900 MB/4.9 GB  7.3 MB/s   9m12s[K[A[1Gpulling manifest [K
pulling 667b0c1932bc:  18% 笆補毎笆遺毎               笆・900 MB/4.9 GB  7.3 MB/s   9m11s[K[A[1Gpulling manifest [K
pulling 667b0c1932bc:  18% 笆補毎笆遺毎               笆・901 MB/4.9 GB  7.3 MB/s   9m11s[K[A[1Gpulling manifest [K
pulling 667b0c1932bc:  18% 笆補毎笆遺毎               笆・903 MB/4.9 GB  7.3 MB/s   9m11s[K[A[1Gpulling manifest [K
pulling 667b0c1932bc:  18% 笆補毎笆遺毎               笆・903 MB/4.9 GB  7.3 MB/s   9m11s[K[A[1Gpulling manifest [K
pulling 667b0c1932bc:  18% 笆補毎笆遺毎               笆・904 MB/4.9 GB  7.3 MB/s    9m6s[K[A[1Gpulling manifest [K
pulling 667b0c1932bc:  18% 笆補毎笆遺毎               笆・905 MB/4.9 GB  7.3 MB/s    9m6s[K[A[1Gpulling manifest [K
pulling 667b0c1932bc:  18% 笆補毎笆遺毎               笆・905 MB/4.9 GB  7.3 MB/s    9m6s[K[A[1Gpulling manifest [K
pulling 667b0c1932bc:  18% 笆補毎笆遺毎               笆・905 MB/4.9 GB  7.3 MB/s    9m6s[K[A[1Gpulling manifest [K
pulling 667b0c1932bc:  18% 笆補毎笆遺毎               笆・905 MB/4.9 GB  7.3 MB/s    9m6s[K[A[1Gpulling manifest [K
pulling 667b0c1932bc:  18% 笆補毎笆遺毎               笆・907 MB/4.9 GB  7.3 MB/s    9m6s[K[A[1Gpulling manifest [K
pulling 667b0c1932bc:  18% 笆補毎笆遺毎               笆・907 MB/4.9 GB  7.3 MB/s    9m6s[K[A[1Gpulling manifest [K
pulling 667b0c1932bc:  18% 笆補毎笆遺毎               笆・909 MB/4.9 GB  7.3 MB/s    9m6s[K[A[1Gpulling manifest [K
pulling 667b0c1932bc:  18% 笆補毎笆遺毎               笆・909 MB/4.9 GB  7.3 MB/s    9m5s[K[A[1Gpulling manifest [K
pulling 667b0c1932bc:  19% 笆補毎笆遺毎               笆・910 MB/4.9 GB  7.3 MB/s    9m5s[K[A[1Gpulling manifest [K
pulling 667b0c1932bc:  19% 笆補毎笆遺毎               笆・911 MB/4.9 GB  7.4 MB/s   8m59s[K[A[1Gpulling manifest [K
pulling 667b0c1932bc:  19% 笆補毎笆遺毎               笆・911 MB/4.9 GB  7.4 MB/s   8m59s[K[A[1Gpulling manifest [K
pulling 667b0c1932bc:  19% 笆補毎笆遺毎               笆・912 MB/4.9 GB  7.4 MB/s   8m59s[K[A[1Gpulling manifest [K
pulling 667b0c1932bc:  19% 笆補毎笆遺毎               笆・912 MB/4.9 GB  7.4 MB/s   8m59s[K[A[1Gpulling manifest [K
pulling 667b0c1932bc:  19% 笆補毎笆遺毎               笆・913 MB/4.9 GB  7.4 MB/s   8m59s[K[A[1Gpulling manifest [K
pulling 667b0c1932bc:  19% 笆補毎笆遺毎               笆・914 MB/4.9 GB  7.4 MB/s   8m59s[K[A[1Gpulling manifest [K
pulling 667b0c1932bc:  19% 笆補毎笆遺毎               笆・915 MB/4.9 GB  7.4 MB/s   8m59s[K[A[1Gpulling manifest [K
pulling 667b0c1932bc:  19% 笆補毎笆遺毎               笆・916 MB/4.9 GB  7.4 MB/s   8m59s[K[A[1Gpulling manifest [K
pulling 667b0c1932bc:  19% 笆補毎笆遺毎               笆・916 MB/4.9 GB  7.4 MB/s   8m58s[K[A[1Gpulling manifest [K
pulling 667b0c1932bc:  19% 笆補毎笆遺毎               笆・916 MB/4.9 GB  7.4 MB/s   8m58s[K[A[1Gpulling manifest [K
pulling 667b0c1932bc:  19% 笆補毎笆遺毎               笆・917 MB/4.9 GB  7.3 MB/s    9m6s[K[A[1Gpulling manifest [K
pulling 667b0c1932bc:  19% 笆補毎笆遺毎               笆・919 MB/4.9 GB  7.3 MB/s    9m6s[K[A[1Gpulling manifest [K
pulling 667b0c1932bc:  19% 笆補毎笆遺毎               笆・919 MB/4.9 GB  7.3 MB/s    9m6s[K[A[1Gpulling manifest [K
pulling 667b0c1932bc:  19% 笆補毎笆遺毎               笆・919 MB/4.9 GB  7.3 MB/s    9m6s[K[A[1Gpulling manifest [K
pulling 667b0c1932bc:  19% 笆補毎笆遺毎               笆・920 MB/4.9 GB  7.3 MB/s    9m6s[K[A[1Gpulling manifest [K
pulling 667b0c1932bc:  19% 笆補毎笆遺毎               笆・921 MB/4.9 GB  7.3 MB/s    9m5s[K[A[1Gpulling manifest [K
pulling 667b0c1932bc:  19% 笆補毎笆遺毎               笆・921 MB/4.9 GB  7.3 MB/s    9m5s[K[A[1Gpulling manifest [K
pulling 667b0c1932bc:  19% 笆補毎笆遺毎               笆・922 MB/4.9 GB  7.3 MB/s    9m5s[K[A[1Gpulling manifest [K
pulling 667b0c1932bc:  19% 笆補毎笆遺毎               笆・923 MB/4.9 GB  7.3 MB/s    9m5s[K[A[1Gpulling manifest [K
pulling 667b0c1932bc:  19% 笆補毎笆遺毎               笆・923 MB/4.9 GB  7.3 MB/s    9m5s[K[A[1Gpulling manifest [K
pulling 667b0c1932bc:  19% 笆補毎笆遺毎               笆・924 MB/4.9 GB  7.3 MB/s    9m5s[K[A[1Gpulling manifest [K
pulling 667b0c1932bc:  19% 笆補毎笆遺毎               笆・926 MB/4.9 GB  7.3 MB/s    9m5s[K[A[1Gpulling manifest [K
pulling 667b0c1932bc:  19% 笆補毎笆遺毎               笆・926 MB/4.9 GB  7.3 MB/s    9m5s[K[A[1Gpulling manifest [K
pulling 667b0c1932bc:  19% 笆補毎笆遺毎               笆・927 MB/4.9 GB  7.3 MB/s    9m5s[K[A[1Gpulling manifest [K
pulling 667b0c1932bc:  19% 笆補毎笆遺毎               笆・927 MB/4.9 GB  7.3 MB/s    9m4s[K[A[1Gpulling manifest [K
pulling 667b0c1932bc:  19% 笆補毎笆遺毎               笆・927 MB/4.9 GB  7.3 MB/s    9m4s[K[A[1Gpulling manifest [K
pulling 667b0c1932bc:  19% 笆補毎笆遺毎               笆・929 MB/4.9 GB  7.3 MB/s    9m4s[K[A[1Gpulling manifest [K
pulling 667b0c1932bc:  19% 笆補毎笆遺毎               笆・930 MB/4.9 GB  7.3 MB/s    9m4s[K[A[1Gpulling manifest [K
pulling 667b0c1932bc:  19% 笆補毎笆遺毎               笆・930 MB/4.9 GB  7.3 MB/s    9m4s[K[A[1Gpulling manifest [K
pulling 667b0c1932bc:  19% 笆補毎笆遺毎               笆・931 MB/4.9 GB  7.3 MB/s    9m4s[K[A[1Gpulling manifest [K
pulling 667b0c1932bc:  19% 笆補毎笆遺毎               笆・932 MB/4.9 GB  7.5 MB/s   8m49s[K[A[1Gpulling manifest [K
pulling 667b0c1932bc:  19% 笆補毎笆遺毎               笆・933 MB/4.9 GB  7.5 MB/s   8m49s[K[A[1Gpulling manifest [K
pulling 667b0c1932bc:  19% 笆補毎笆遺毎               笆・933 MB/4.9 GB  7.5 MB/s   8m49s[K[A[1Gpulling manifest [K
pulling 667b0c1932bc:  19% 笆補毎笆遺毎               笆・934 MB/4.9 GB  7.5 MB/s   8m49s[K[A[1Gpulling manifest [K
pulling 667b0c1932bc:  19% 笆補毎笆遺毎               笆・934 MB/4.9 GB  7.5 MB/s   8m49s[K[A[1Gpulling manifest [K
pulling 667b0c1932bc:  19% 笆補毎笆遺毎               笆・935 MB/4.9 GB  7.5 MB/s   8m49s[K[A[1Gpulling manifest [K
pulling 667b0c1932bc:  19% 笆補毎笆遺毎               笆・936 MB/4.9 GB  7.5 MB/s   8m49s[K[A[1Gpulling manifest [K
pulling 667b0c1932bc:  19% 笆補毎笆遺毎               笆・936 MB/4.9 GB  7.5 MB/s   8m49s[K[A[1Gpulling manifest [K
pulling 667b0c1932bc:  19% 笆補毎笆遺毎               笆・937 MB/4.9 GB  7.5 MB/s   8m48s[K[A[1Gpulling manifest [K
pulling 667b0c1932bc:  19% 笆補毎笆遺毎               笆・938 MB/4.9 GB  7.5 MB/s   8m48s[K[A[1Gpulling manifest [K
pulling 667b0c1932bc:  19% 笆補毎笆遺毎               笆・938 MB/4.9 GB  7.5 MB/s   8m48s[K[A[1Gpulling manifest [K
pulling 667b0c1932bc:  19% 笆補毎笆遺毎               笆・939 MB/4.9 GB  7.4 MB/s   8m58s[K[A[1Gpulling manifest [K
pulling 667b0c1932bc:  19% 笆補毎笆遺毎               笆・940 MB/4.9 GB  7.4 MB/s   8m58s[K[A[1Gpulling manifest [K
pulling 667b0c1932bc:  19% 笆補毎笆遺毎               笆・941 MB/4.9 GB  7.4 MB/s   8m57s[K[A[1Gpulling manifest [K
pulling 667b0c1932bc:  19% 笆補毎笆遺毎               笆・942 MB/4.9 GB  7.4 MB/s   8m57s[K[A[1Gpulling manifest [K
pulling 667b0c1932bc:  19% 笆補毎笆遺毎               笆・942 MB/4.9 GB  7.4 MB/s   8m57s[K[A[1Gpulling manifest [K
pulling 667b0c1932bc:  19% 笆補毎笆遺毎               笆・943 MB/4.9 GB  7.4 MB/s   8m57s[K[A[1Gpulling manifest [K
pulling 667b0c1932bc:  19% 笆補毎笆遺毎               笆・943 MB/4.9 GB  7.4 MB/s   8m57s[K[A[1Gpulling manifest [K
pulling 667b0c1932bc:  19% 笆補毎笆遺毎               笆・944 MB/4.9 GB  7.4 MB/s   8m57s[K[A[1Gpulling manifest [K
pulling 667b0c1932bc:  19% 笆補毎笆遺毎               笆・944 MB/4.9 GB  7.4 MB/s   8m57s[K[A[1Gpulling manifest [K
pulling 667b0c1932bc:  19% 笆補毎笆遺毎               笆・945 MB/4.9 GB  7.4 MB/s   8m57s[K[A[1Gpulling manifest [K
pulling 667b0c1932bc:  19% 笆補毎笆遺毎               笆・946 MB/4.9 GB  7.2 MB/s    9m9s[K[A[1Gpulling manifest [K
pulling 667b0c1932bc:  19% 笆補毎笆遺毎               笆・946 MB/4.9 GB  7.2 MB/s    9m9s[K[A[1Gpulling manifest [K
pulling 667b0c1932bc:  19% 笆補毎笆遺毎               笆・947 MB/4.9 GB  7.2 MB/s    9m9s[K[A[1Gpulling manifest [K
pulling 667b0c1932bc:  19% 笆補毎笆遺毎               笆・948 MB/4.9 GB  7.2 MB/s    9m9s[K[A[1Gpulling manifest [K
pulling 667b0c1932bc:  19% 笆補毎笆遺毎               笆・949 MB/4.9 GB  7.2 MB/s    9m8s[K[A[1Gpulling manifest [K
pulling 667b0c1932bc:  19% 笆補毎笆遺毎               笆・950 MB/4.9 GB  7.2 MB/s    9m8s[K[A[1Gpulling manifest [K
pulling 667b0c1932bc:  19% 笆補毎笆遺毎               笆・950 MB/4.9 GB  7.2 MB/s    9m8s[K[A[1Gpulling manifest [K
pulling 667b0c1932bc:  19% 笆補毎笆遺毎               笆・951 MB/4.9 GB  7.2 MB/s    9m8s[K[A[1Gpulling manifest [K
pulling 667b0c1932bc:  19% 笆補毎笆遺毎               笆・952 MB/4.9 GB  7.2 MB/s    9m8s[K[A[1Gpulling manifest [K
pulling 667b0c1932bc:  19% 笆補毎笆遺毎               笆・954 MB/4.9 GB  7.2 MB/s    9m8s[K[A[1Gpulling manifest [K
pulling 667b0c1932bc:  19% 笆補毎笆遺毎               笆・954 MB/4.9 GB  7.3 MB/s    9m4s[K[A[1Gpulling manifest [K
pulling 667b0c1932bc:  19% 笆補毎笆遺毎               笆・955 MB/4.9 GB  7.3 MB/s    9m4s[K[A[1Gpulling manifest [K
pulling 667b0c1932bc:  19% 笆補毎笆遺毎               笆・956 MB/4.9 GB  7.3 MB/s    9m4s[K[A[1Gpulling manifest [K
pulling 667b0c1932bc:  19% 笆補毎笆遺毎               笆・957 MB/4.9 GB  7.3 MB/s    9m3s[K[A[1Gpulling manifest [K
pulling 667b0c1932bc:  19% 笆補毎笆遺毎               笆・957 MB/4.9 GB  7.3 MB/s    9m3s[K[A[1Gpulling manifest [K
pulling 667b0c1932bc:  19% 笆補毎笆遺毎               笆・957 MB/4.9 GB  7.3 MB/s    9m3s[K[A[1Gpulling manifest [K
pulling 667b0c1932bc:  19% 笆補毎笆遺毎               笆・958 MB/4.9 GB  7.3 MB/s    9m3s[K[A[1Gpulling manifest [K
pulling 667b0c1932bc:  19% 笆補毎笆遺毎               笆・958 MB/4.9 GB  7.3 MB/s    9m3s[K[A[1Gpulling manifest [K
pulling 667b0c1932bc:  20% 笆補毎笆遺毎               笆・960 MB/4.9 GB  7.3 MB/s    9m3s[K[A[1Gpulling manifest [K
pulling 667b0c1932bc:  20% 笆補毎笆遺毎               笆・960 MB/4.9 GB  7.3 MB/s    9m3s[K[A[1Gpulling manifest [K
pulling 667b0c1932bc:  20% 笆補毎笆遺毎               笆・961 MB/4.9 GB  7.2 MB/s    9m6s[K[A[1Gpulling manifest [K
pulling 667b0c1932bc:  20% 笆補毎笆遺毎               笆・961 MB/4.9 GB  7.2 MB/s    9m6s[K[A[1Gpulling manifest [K
pulling 667b0c1932bc:  20% 笆補毎笆遺毎               笆・961 MB/4.9 GB  7.2 MB/s    9m6s[K[A[1Gpulling manifest [K
pulling 667b0c1932bc:  20% 笆補毎笆遺毎               笆・963 MB/4.9 GB  7.2 MB/s    9m6s[K[A[1Gpulling manifest [K
pulling 667b0c1932bc:  20% 笆補毎笆遺毎               笆・964 MB/4.9 GB  7.2 MB/s    9m5s[K[A[1Gpulling manifest [K
pulling 667b0c1932bc:  20% 笆補毎笆遺毎               笆・964 MB/4.9 GB  7.2 MB/s    9m5s[K[A[1Gpulling manifest [K
pulling 667b0c1932bc:  20% 笆補毎笆遺毎               笆・966 MB/4.9 GB  7.2 MB/s    9m5s[K[A[1Gpulling manifest [K
pulling 667b0c1932bc:  20% 笆補毎笆遺毎               笆・967 MB/4.9 GB  7.2 MB/s    9m5s[K[A[1Gpulling manifest [K
pulling 667b0c1932bc:  20% 笆補毎笆遺毎               笆・967 MB/4.9 GB  7.2 MB/s    9m5s[K[A[1Gpulling manifest [K
pulling 667b0c1932bc:  20% 笆補毎笆遺毎               笆・968 MB/4.9 GB  7.2 MB/s    9m5s[K[A[1Gpulling manifest [K
pulling 667b0c1932bc:  20% 笆補毎笆遺毎               笆・969 MB/4.9 GB  7.2 MB/s    9m6s[K[A[1Gpulling manifest [K
pulling 667b0c1932bc:  20% 笆補毎笆遺毎               笆・969 MB/4.9 GB  7.2 MB/s    9m6s[K[A[1Gpulling manifest [K
pulling 667b0c1932bc:  20% 笆補毎笆遺毎               笆・970 MB/4.9 GB  7.2 MB/s    9m6s[K[A[1Gpulling manifest [K
pulling 667b0c1932bc:  20% 笆補毎笆遺毎               笆・970 MB/4.9 GB  7.2 MB/s    9m6s[K[A[1Gpulling manifest [K
pulling 667b0c1932bc:  20% 笆補毎笆遺毎               笆・970 MB/4.9 GB  7.2 MB/s    9m6s[K[A[1Gpulling manifest [K
pulling 667b0c1932bc:  20% 笆補毎笆遺毎               笆・971 MB/4.9 GB  7.2 MB/s    9m6s[K[A[1Gpulling manifest [K
pulling 667b0c1932bc:  20% 笆補毎笆遺毎               笆・973 MB/4.9 GB  7.2 MB/s    9m5s[K[A[1Gpulling manifest [K
pulling 667b0c1932bc:  20% 笆補毎笆遺毎               笆・973 MB/4.9 GB  7.2 MB/s    9m5s[K[A[1Gpulling manifest [K
pulling 667b0c1932bc:  20% 笆補毎笆遺毎               笆・974 MB/4.9 GB  7.2 MB/s    9m5s[K[A[1Gpulling manifest [K
pulling 667b0c1932bc:  20% 笆補毎笆遺毎               笆・975 MB/4.9 GB  7.2 MB/s    9m5s[K[A[1Gpulling manifest [K
pulling 667b0c1932bc:  20% 笆補毎笆遺毎               笆・975 MB/4.9 GB  7.2 MB/s    9m5s[K[A[1Gpulling manifest [K
pulling 667b0c1932bc:  20% 笆補毎笆遺毎               笆・976 MB/4.9 GB  7.2 MB/s    9m5s[K[A[1Gpulling manifest [K
pulling 667b0c1932bc:  20% 笆補毎笆遺毎               笆・977 MB/4.9 GB  7.2 MB/s    9m5s[K[A[1Gpulling manifest [K
pulling 667b0c1932bc:  20% 笆補毎笆遺毎               笆・977 MB/4.9 GB  7.2 MB/s    9m5s[K[A[1Gpulling manifest [K
pulling 667b0c1932bc:  20% 笆補毎笆遺毎               笆・978 MB/4.9 GB  7.2 MB/s    9m5s[K[A[1Gpulling manifest [K
pulling 667b0c1932bc:  20% 笆補毎笆遺毎               笆・979 MB/4.9 GB  7.2 MB/s    9m5s[K[A[1Gpulling manifest [K
pulling 667b0c1932bc:  20% 笆補毎笆遺毎               笆・979 MB/4.9 GB  7.2 MB/s    9m5s[K[A[1Gpulling manifest [K
pulling 667b0c1932bc:  20% 笆補毎笆遺毎               笆・980 MB/4.9 GB  7.2 MB/s    9m5s[K[A[1Gpulling manifest [K
pulling 667b0c1932bc:  20% 笆補毎笆遺毎               笆・981 MB/4.9 GB  7.2 MB/s    9m4s[K[A[1Gpulling manifest [K
pulling 667b0c1932bc:  20% 笆補毎笆遺毎               笆・982 MB/4.9 GB  7.2 MB/s    9m4s[K[A[1Gpulling manifest [K
pulling 667b0c1932bc:  20% 笆補毎笆遺毎               笆・983 MB/4.9 GB  7.2 MB/s    9m4s[K[A[1Gpulling manifest [K
pulling 667b0c1932bc:  20% 笆補毎笆遺毎               笆・984 MB/4.9 GB  7.4 MB/s   8m52s[K[A[1Gpulling manifest [K
pulling 667b0c1932bc:  20% 笆補毎笆遺毎               笆・984 MB/4.9 GB  7.4 MB/s   8m52s[K[A[1Gpulling manifest [K
pulling 667b0c1932bc:  20% 笆補毎笆遺毎               笆・985 MB/4.9 GB  7.4 MB/s   8m52s[K[A[1Gpulling manifest [K
pulling 667b0c1932bc:  20% 笆補毎笆遺毎               笆・985 MB/4.9 GB  7.4 MB/s   8m52s[K[A[1Gpulling manifest [K
pulling 667b0c1932bc:  20% 笆補毎笆遺毎               笆・985 MB/4.9 GB  7.4 MB/s   8m52s[K[A[1Gpulling manifest [K
pulling 667b0c1932bc:  20% 笆補毎笆遺毎               笆・987 MB/4.9 GB  7.4 MB/s   8m52s[K[A[1Gpulling manifest [K
pulling 667b0c1932bc:  20% 笆補毎笆遺毎               笆・988 MB/4.9 GB  7.4 MB/s   8m52s[K[A[1Gpulling manifest [K
pulling 667b0c1932bc:  20% 笆補毎笆遺毎               笆・988 MB/4.9 GB  7.4 MB/s   8m52s[K[A[1Gpulling manifest [K
pulling 667b0c1932bc:  20% 笆補毎笆遺毎               笆・989 MB/4.9 GB  7.4 MB/s   8m52s[K[A[1Gpulling manifest [K
pulling 667b0c1932bc:  20% 笆補毎笆遺毎               笆・990 MB/4.9 GB  7.4 MB/s   8m52s[K[A[1Gpulling manifest [K
pulling 667b0c1932bc:  20% 笆補毎笆遺毎               笆・991 MB/4.9 GB  7.4 MB/s   8m54s[K[A[1Gpulling manifest [K
pulling 667b0c1932bc:  20% 笆補毎笆遺毎               笆・992 MB/4.9 GB  7.4 MB/s   8m53s[K[A[1Gpulling manifest [K
pulling 667b0c1932bc:  20% 笆補毎笆遺毎               笆・993 MB/4.9 GB  7.4 MB/s   8m53s[K[A[1Gpulling manifest [K
pulling 667b0c1932bc:  20% 笆補毎笆遺毎               笆・994 MB/4.9 GB  7.4 MB/s   8m53s[K[A[1Gpulling manifest [K
pulling 667b0c1932bc:  20% 笆補毎笆遺毎               笆・995 MB/4.9 GB  7.4 MB/s   8m53s[K[A[1Gpulling manifest [K
pulling 667b0c1932bc:  20% 笆補毎笆遺毎               笆・996 MB/4.9 GB  7.4 MB/s   8m53s[K[A[1Gpulling manifest [K
pulling 667b0c1932bc:  20% 笆補毎笆遺毎               笆・996 MB/4.9 GB  7.4 MB/s   8m53s[K[A[1Gpulling manifest [K
pulling 667b0c1932bc:  20% 笆補毎笆遺毎               笆・997 MB/4.9 GB  7.4 MB/s   8m53s[K[A[1Gpulling manifest [K
pulling 667b0c1932bc:  20% 笆補毎笆遺毎               笆・998 MB/4.9 GB  7.4 MB/s   8m53s[K[A[1Gpulling manifest [K
pulling 667b0c1932bc:  20% 笆補毎笆遺毎               笆・998 MB/4.9 GB  7.4 MB/s   8m53s[K[A[1Gpulling manifest [K
pulling 667b0c1932bc:  20% 笆補毎笆遺毎               笆・998 MB/4.9 GB  7.3 MB/s   8m53s[K[A[1Gpulling manifest [K
pulling 667b0c1932bc:  20% 笆補毎笆遺毎               笆・1.0 GB/4.9 GB  7.3 MB/s   8m53s[K[A[1Gpulling manifest [K
pulling 667b0c1932bc:  20% 笆補毎笆遺毎               笆・1.0 GB/4.9 GB  7.3 MB/s   8m53s[K[A[1Gpulling manifest [K
pulling 667b0c1932bc:  20% 笆補毎笆遺毎               笆・1.0 GB/4.9 GB  7.3 MB/s   8m53s[K[A[1Gpulling manifest [K
pulling 667b0c1932bc:  20% 笆補毎笆遺毎               笆・1.0 GB/4.9 GB  7.3 MB/s   8m53s[K[A[1Gpulling manifest [K
pulling 667b0c1932bc:  20% 笆補毎笆遺毎               笆・1.0 GB/4.9 GB  7.3 MB/s   8m53s[K[A[1Gpulling manifest [K
pulling 667b0c1932bc:  20% 笆補毎笆遺毎               笆・1.0 GB/4.9 GB  7.3 MB/s   8m52s[K[A[1Gpulling manifest [K
pulling 667b0c1932bc:  20% 笆補毎笆遺毎               笆・1.0 GB/4.9 GB  7.3 MB/s   8m52s[K[A[1Gpulling manifest [K
pulling 667b0c1932bc:  20% 笆補毎笆遺毎               笆・1.0 GB/4.9 GB  7.3 MB/s   8m52s[K[A[1Gpulling manifest [K
pulling 667b0c1932bc:  20% 笆補毎笆遺毎               笆・1.0 GB/4.9 GB  7.3 MB/s   8m52s[K[A[1Gpulling manifest [K
pulling 667b0c1932bc:  20% 笆補毎笆遺毎               笆・1.0 GB/4.9 GB  7.5 MB/s   8m42s[K[A[1Gpulling manifest [K
pulling 667b0c1932bc:  20% 笆補毎笆遺毎               笆・1.0 GB/4.9 GB  7.5 MB/s   8m42s[K[A[1Gpulling manifest [K
pulling 667b0c1932bc:  20% 笆補毎笆遺毎               笆・1.0 GB/4.9 GB  7.5 MB/s   8m42s[K[A[1Gpulling manifest [K
pulling 667b0c1932bc:  21% 笆補毎笆遺毎               笆・1.0 GB/4.9 GB  7.5 MB/s   8m42s[K[A[1Gpulling manifest [K
pulling 667b0c1932bc:  21% 笆補毎笆遺毎               笆・1.0 GB/4.9 GB  7.5 MB/s   8m42s[K[A[1Gpulling manifest [K
pulling 667b0c1932bc:  21% 笆補毎笆遺毎               笆・1.0 GB/4.9 GB  7.5 MB/s   8m42s[K[A[1Gpulling manifest [K
pulling 667b0c1932bc:  21% 笆補毎笆遺毎               笆・1.0 GB/4.9 GB  7.5 MB/s   8m42s[K[A[1Gpulling manifest [K
pulling 667b0c1932bc:  21% 笆補毎笆遺毎               笆・1.0 GB/4.9 GB  7.5 MB/s   8m42s[K[A[1Gpulling manifest [K
pulling 667b0c1932bc:  21% 笆補毎笆遺毎               笆・1.0 GB/4.9 GB  7.5 MB/s   8m42s[K[A[1Gpulling manifest [K
pulling 667b0c1932bc:  21% 笆補毎笆遺毎               笆・1.0 GB/4.9 GB  7.5 MB/s   8m42s[K[A[1Gpulling manifest [K
pulling 667b0c1932bc:  21% 笆補毎笆遺毎               笆・1.0 GB/4.9 GB  7.5 MB/s   8m41s[K[A[1Gpulling manifest [K
pulling 667b0c1932bc:  21% 笆補毎笆遺毎               笆・1.0 GB/4.9 GB  7.6 MB/s   8m34s[K[A[1Gpulling manifest [K
pulling 667b0c1932bc:  21% 笆補毎笆遺毎               笆・1.0 GB/4.9 GB  7.6 MB/s   8m34s[K[A[1Gpulling manifest [K
pulling 667b0c1932bc:  21% 笆補毎笆遺毎               笆・1.0 GB/4.9 GB  7.6 MB/s   8m34s[K[A[1Gpulling manifest [K
pulling 667b0c1932bc:  21% 笆補毎笆遺毎               笆・1.0 GB/4.9 GB  7.6 MB/s   8m34s[K[A[1Gpulling manifest [K
pulling 667b0c1932bc:  21% 笆補毎笆遺毎               笆・1.0 GB/4.9 GB  7.6 MB/s   8m34s[K[A[1Gpulling manifest [K
pulling 667b0c1932bc:  21% 笆補毎笆遺毎               笆・1.0 GB/4.9 GB  7.6 MB/s   8m34s[K[A[1Gpulling manifest [K
pulling 667b0c1932bc:  21% 笆補毎笆遺毎               笆・1.0 GB/4.9 GB  7.6 MB/s   8m34s[K[A[1Gpulling manifest [K
pulling 667b0c1932bc:  21% 笆補毎笆遺毎               笆・1.0 GB/4.9 GB  7.6 MB/s   8m34s[K[A[1Gpulling manifest [K
pulling 667b0c1932bc:  21% 笆補毎笆遺毎               笆・1.0 GB/4.9 GB  7.6 MB/s   8m34s[K[A[1Gpulling manifest [K
pulling 667b0c1932bc:  21% 笆補毎笆遺毎               笆・1.0 GB/4.9 GB  7.6 MB/s   8m34s[K[A[1Gpulling manifest [K
pulling 667b0c1932bc:  21% 笆補毎笆遺毎               笆・1.0 GB/4.9 GB  7.4 MB/s   8m46s[K[A[1Gpulling manifest [K
pulling 667b0c1932bc:  21% 笆補毎笆遺毎               笆・1.0 GB/4.9 GB  7.4 MB/s   8m46s[K[A[1Gpulling manifest [K
pulling 667b0c1932bc:  21% 笆補毎笆遺毎               笆・1.0 GB/4.9 GB  7.4 MB/s   8m46s[K[A[1Gpulling manifest [K
pulling 667b0c1932bc:  21% 笆補毎笆遺毎               笆・1.0 GB/4.9 GB  7.4 MB/s   8m46s[K[A[1Gpulling manifest [K
pulling 667b0c1932bc:  21% 笆補毎笆遺毎               笆・1.0 GB/4.9 GB  7.4 MB/s   8m46s[K[A[1Gpulling manifest [K
pulling 667b0c1932bc:  21% 笆補毎笆遺毎               笆・1.0 GB/4.9 GB  7.4 MB/s   8m46s[K[A[1Gpulling manifest [K
pulling 667b0c1932bc:  21% 笆補毎笆遺毎               笆・1.0 GB/4.9 GB  7.4 MB/s   8m45s[K[A[1Gpulling manifest [K
pulling 667b0c1932bc:  21% 笆補毎笆遺毎               笆・1.0 GB/4.9 GB  7.4 MB/s   8m45s[K[A[1Gpulling manifest [K
pulling 667b0c1932bc:  21% 笆補毎笆遺毎               笆・1.0 GB/4.9 GB  7.4 MB/s   8m45s[K[A[1Gpulling manifest [K
pulling 667b0c1932bc:  21% 笆補毎笆遺毎               笆・1.0 GB/4.9 GB  7.4 MB/s   8m45s[K[A[1Gpulling manifest [K
pulling 667b0c1932bc:  21% 笆補毎笆遺毎               笆・1.0 GB/4.9 GB  7.6 MB/s   8m29s[K[A[1Gpulling manifest [K
pulling 667b0c1932bc:  21% 笆補毎笆遺毎               笆・1.0 GB/4.9 GB  7.6 MB/s   8m29s[K[A[1Gpulling manifest [K
pulling 667b0c1932bc:  21% 笆補毎笆遺毎               笆・1.0 GB/4.9 GB  7.6 MB/s   8m29s[K[A[1Gpulling manifest [K
pulling 667b0c1932bc:  21% 笆補毎笆遺毎               笆・1.0 GB/4.9 GB  7.6 MB/s   8m28s[K[A[1Gpulling manifest [K
pulling 667b0c1932bc:  21% 笆補毎笆遺毎               笆・1.0 GB/4.9 GB  7.6 MB/s   8m28s[K[A[1Gpulling manifest [K
pulling 667b0c1932bc:  21% 笆補毎笆遺毎               笆・1.0 GB/4.9 GB  7.6 MB/s   8m28s[K[A[1Gpulling manifest [K
pulling 667b0c1932bc:  21% 笆補毎笆遺毎               笆・1.0 GB/4.9 GB  7.6 MB/s   8m28s[K[A[1Gpulling manifest [K
pulling 667b0c1932bc:  21% 笆補毎笆遺毎               笆・1.0 GB/4.9 GB  7.6 MB/s   8m28s[K[A[1Gpulling manifest [K
pulling 667b0c1932bc:  21% 笆補毎笆遺毎               笆・1.0 GB/4.9 GB  7.6 MB/s   8m28s[K[A[1Gpulling manifest [K
pulling 667b0c1932bc:  21% 笆補毎笆遺毎               笆・1.0 GB/4.9 GB  7.6 MB/s   8m28s[K[A[1Gpulling manifest [K
pulling 667b0c1932bc:  21% 笆補毎笆遺毎               笆・1.0 GB/4.9 GB  7.6 MB/s   8m31s[K[A[1Gpulling manifest [K
pulling 667b0c1932bc:  21% 笆補毎笆遺毎               笆・1.0 GB/4.9 GB  7.6 MB/s   8m31s[K[A[1Gpulling manifest [K
pulling 667b0c1932bc:  21% 笆補毎笆遺毎               笆・1.0 GB/4.9 GB  7.6 MB/s   8m31s[K[A[1Gpulling manifest [K
pulling 667b0c1932bc:  21% 笆補毎笆遺毎               笆・1.0 GB/4.9 GB  7.6 MB/s   8m31s[K[A[1Gpulling manifest [K
pulling 667b0c1932bc:  21% 笆補毎笆遺毎               笆・1.0 GB/4.9 GB  7.6 MB/s   8m31s[K[A[1Gpulling manifest [K
pulling 667b0c1932bc:  21% 笆補毎笆遺毎               笆・1.0 GB/4.9 GB  7.6 MB/s   8m31s[K[A[1Gpulling manifest [K
pulling 667b0c1932bc:  21% 笆補毎笆遺毎               笆・1.0 GB/4.9 GB  7.6 MB/s   8m31s[K[A[1Gpulling manifest [K
pulling 667b0c1932bc:  21% 笆補毎笆遺毎               笆・1.0 GB/4.9 GB  7.6 MB/s   8m31s[K[A[1Gpulling manifest [K
pulling 667b0c1932bc:  21% 笆補毎笆遺毎               笆・1.0 GB/4.9 GB  7.6 MB/s   8m31s[K[A[1Gpulling manifest [K
pulling 667b0c1932bc:  21% 笆補毎笆遺毎               笆・1.0 GB/4.9 GB  7.6 MB/s   8m31s[K[A[1Gpulling manifest [K
pulling 667b0c1932bc:  21% 笆補毎笆遺毎               笆・1.0 GB/4.9 GB  7.7 MB/s   8m26s[K[A[1Gpulling manifest [K
pulling 667b0c1932bc:  21% 笆補毎笆遺毎               笆・1.0 GB/4.9 GB  7.7 MB/s   8m25s[K[A[1Gpulling manifest [K
pulling 667b0c1932bc:  21% 笆補毎笆遺毎               笆・1.0 GB/4.9 GB  7.7 MB/s   8m25s[K[A[1Gpulling manifest [K
pulling 667b0c1932bc:  21% 笆補毎笆遺毎               笆・1.0 GB/4.9 GB  7.7 MB/s   8m25s[K[A[1Gpulling manifest [K
pulling 667b0c1932bc:  21% 笆補毎笆遺毎               笆・1.0 GB/4.9 GB  7.7 MB/s   8m25s[K[A[1Gpulling manifest [K
pulling 667b0c1932bc:  21% 笆補毎笆遺毎               笆・1.0 GB/4.9 GB  7.7 MB/s   8m25s[K[A[1Gpulling manifest [K
pulling 667b0c1932bc:  21% 笆補毎笆遺毎               笆・1.0 GB/4.9 GB  7.7 MB/s   8m25s[K[A[1Gpulling manifest [K
pulling 667b0c1932bc:  21% 笆補毎笆遺毎               笆・1.0 GB/4.9 GB  7.7 MB/s   8m25s[K[A[1Gpulling manifest [K
pulling 667b0c1932bc:  21% 笆補毎笆遺毎               笆・1.0 GB/4.9 GB  7.7 MB/s   8m25s[K[A[1Gpulling manifest [K
pulling 667b0c1932bc:  21% 笆補毎笆遺毎               笆・1.1 GB/4.9 GB  7.7 MB/s   8m25s[K[A[1Gpulling manifest [K
pulling 667b0c1932bc:  21% 笆補毎笆遺毎               笆・1.1 GB/4.9 GB  7.7 MB/s   8m25s[K[A[1Gpulling manifest [K
pulling 667b0c1932bc:  21% 笆補毎笆遺毎               笆・1.1 GB/4.9 GB  7.5 MB/s   8m35s[K[A[1Gpulling manifest [K
pulling 667b0c1932bc:  21% 笆補毎笆遺毎               笆・1.1 GB/4.9 GB  7.5 MB/s   8m35s[K[A[1Gpulling manifest [K
pulling 667b0c1932bc:  21% 笆補毎笆遺毎               笆・1.1 GB/4.9 GB  7.5 MB/s   8m35s[K[A[1Gpulling manifest [K
pulling 667b0c1932bc:  21% 笆補毎笆遺毎               笆・1.1 GB/4.9 GB  7.5 MB/s   8m34s[K[A[1Gpulling manifest [K
pulling 667b0c1932bc:  21% 笆補毎笆遺毎               笆・1.1 GB/4.9 GB  7.5 MB/s   8m34s[K[A[1Gpulling manifest [K
pulling 667b0c1932bc:  21% 笆補毎笆遺毎               笆・1.1 GB/4.9 GB  7.5 MB/s   8m34s[K[A[1Gpulling manifest [K
pulling 667b0c1932bc:  21% 笆補毎笆遺毎               笆・1.1 GB/4.9 GB  7.5 MB/s   8m34s[K[A[1Gpulling manifest [K
pulling 667b0c1932bc:  22% 笆補毎笆遺毎               笆・1.1 GB/4.9 GB  7.5 MB/s   8m34s[K[A[1Gpulling manifest [K
pulling 667b0c1932bc:  22% 笆補毎笆遺毎               笆・1.1 GB/4.9 GB  7.5 MB/s   8m34s[K[A[1Gpulling manifest [K
pulling 667b0c1932bc:  22% 笆補毎笆遺毎               笆・1.1 GB/4.9 GB  7.5 MB/s   8m34s[K[A[1Gpulling manifest [K
pulling 667b0c1932bc:  22% 笆補毎笆遺毎               笆・1.1 GB/4.9 GB  7.7 MB/s   8m24s[K[A[1Gpulling manifest [K
pulling 667b0c1932bc:  22% 笆補毎笆遺毎               笆・1.1 GB/4.9 GB  7.7 MB/s   8m24s[K[A[1Gpulling manifest [K
pulling 667b0c1932bc:  22% 笆補毎笆遺毎               笆・1.1 GB/4.9 GB  7.7 MB/s   8m24s[K[A[1Gpulling manifest [K
pulling 667b0c1932bc:  22% 笆補毎笆遺毎               笆・1.1 GB/4.9 GB  7.7 MB/s   8m24s[K[A[1Gpulling manifest [K
pulling 667b0c1932bc:  22% 笆補毎笆遺毎               笆・1.1 GB/4.9 GB  7.7 MB/s   8m24s[K[A[1Gpulling manifest [K
pulling 667b0c1932bc:  22% 笆補毎笆遺毎               笆・1.1 GB/4.9 GB  7.7 MB/s   8m24s[K[A[1Gpulling manifest [K
pulling 667b0c1932bc:  22% 笆補毎笆遺毎               笆・1.1 GB/4.9 GB  7.7 MB/s   8m24s[K[A[1Gpulling manifest [K
pulling 667b0c1932bc:  22% 笆補毎笆遺毎               笆・1.1 GB/4.9 GB  7.7 MB/s   8m23s[K[A[1Gpulling manifest [K
pulling 667b0c1932bc:  22% 笆補毎笆遺毎               笆・1.1 GB/4.9 GB  7.7 MB/s   8m23s[K[A[1Gpulling manifest [K
pulling 667b0c1932bc:  22% 笆補毎笆遺毎               笆・1.1 GB/4.9 GB  7.7 MB/s   8m23s[K[A[1Gpulling manifest [K
pulling 667b0c1932bc:  22% 笆補毎笆遺毎               笆・1.1 GB/4.9 GB  7.6 MB/s   8m29s[K[A[1Gpulling manifest [K
pulling 667b0c1932bc:  22% 笆補毎笆遺毎               笆・1.1 GB/4.9 GB  7.6 MB/s   8m28s[K[A[1Gpulling manifest [K
pulling 667b0c1932bc:  22% 笆補毎笆遺毎               笆・1.1 GB/4.9 GB  7.6 MB/s   8m28s[K[A[1Gpulling manifest [K
pulling 667b0c1932bc:  22% 笆補毎笆遺毎               笆・1.1 GB/4.9 GB  7.6 MB/s   8m28s[K[A[1Gpulling manifest [K
pulling 667b0c1932bc:  22% 笆補毎笆遺毎               笆・1.1 GB/4.9 GB  7.6 MB/s   8m28s[K[A[1Gpulling manifest [K
pulling 667b0c1932bc:  22% 笆補毎笆遺毎               笆・1.1 GB/4.9 GB  7.6 MB/s   8m28s[K[A[1Gpulling manifest [K
pulling 667b0c1932bc:  22% 笆補毎笆遺毎               笆・1.1 GB/4.9 GB  7.6 MB/s   8m28s[K[A[1Gpulling manifest [K
pulling 667b0c1932bc:  22% 笆補毎笆遺毎               笆・1.1 GB/4.9 GB  7.6 MB/s   8m28s[K[A[1Gpulling manifest [K
pulling 667b0c1932bc:  22% 笆補毎笆遺毎               笆・1.1 GB/4.9 GB  7.6 MB/s   8m28s[K[A[1Gpulling manifest [K
pulling 667b0c1932bc:  22% 笆補毎笆遺毎               笆・1.1 GB/4.9 GB  7.6 MB/s   8m28s[K[A[1Gpulling manifest [K
pulling 667b0c1932bc:  22% 笆補毎笆遺毎               笆・1.1 GB/4.9 GB  7.6 MB/s   8m27s[K[A[1Gpulling manifest [K
pulling 667b0c1932bc:  22% 笆補毎笆遺毎               笆・1.1 GB/4.9 GB  7.6 MB/s   8m26s[K[A[1Gpulling manifest [K
pulling 667b0c1932bc:  22% 笆補毎笆遺毎               笆・1.1 GB/4.9 GB  7.6 MB/s   8m26s[K[A[1Gpulling manifest [K
pulling 667b0c1932bc:  22% 笆補毎笆遺毎               笆・1.1 GB/4.9 GB  7.6 MB/s   8m26s[K[A[1Gpulling manifest [K
pulling 667b0c1932bc:  22% 笆補毎笆遺毎               笆・1.1 GB/4.9 GB  7.6 MB/s   8m26s[K[A[1Gpulling manifest [K
pulling 667b0c1932bc:  22% 笆補毎笆遺毎               笆・1.1 GB/4.9 GB  7.6 MB/s   8m26s[K[A[1Gpulling manifest [K
pulling 667b0c1932bc:  22% 笆補毎笆遺毎               笆・1.1 GB/4.9 GB  7.6 MB/s   8m26s[K[A[1Gpulling manifest [K
pulling 667b0c1932bc:  22% 笆補毎笆遺毎               笆・1.1 GB/4.9 GB  7.6 MB/s   8m26s[K[A[1Gpulling manifest [K
pulling 667b0c1932bc:  22% 笆補毎笆遺毎               笆・1.1 GB/4.9 GB  7.6 MB/s   8m26s[K[A[1Gpulling manifest [K
pulling 667b0c1932bc:  22% 笆補毎笆遺毎               笆・1.1 GB/4.9 GB  7.6 MB/s   8m26s[K[A[1Gpulling manifest [K
pulling 667b0c1932bc:  22% 笆補毎笆遺毎               笆・1.1 GB/4.9 GB  7.8 MB/s   8m13s[K[A[1Gpulling manifest [K
pulling 667b0c1932bc:  22% 笆補毎笆遺毎               笆・1.1 GB/4.9 GB  7.8 MB/s   8m13s[K[A[1Gpulling manifest [K
pulling 667b0c1932bc:  22% 笆補毎笆遺毎               笆・1.1 GB/4.9 GB  7.8 MB/s   8m13s[K[A[1Gpulling manifest [K
pulling 667b0c1932bc:  22% 笆補毎笆遺毎               笆・1.1 GB/4.9 GB  7.8 MB/s   8m13s[K[A[1Gpulling manifest [K
pulling 667b0c1932bc:  22% 笆補毎笆遺毎               笆・1.1 GB/4.9 GB  7.8 MB/s   8m13s[K[A[1Gpulling manifest [K
pulling 667b0c1932bc:  22% 笆補毎笆遺毎               笆・1.1 GB/4.9 GB  7.8 MB/s   8m13s[K[A[1Gpulling manifest [K
pulling 667b0c1932bc:  22% 笆補毎笆遺毎               笆・1.1 GB/4.9 GB  7.8 MB/s   8m13s[K[A[1Gpulling manifest [K
pulling 667b0c1932bc:  22% 笆補毎笆遺毎               笆・1.1 GB/4.9 GB  7.8 MB/s   8m13s[K[A[1Gpulling manifest [K
pulling 667b0c1932bc:  22% 笆補毎笆遺毎               笆・1.1 GB/4.9 GB  7.8 MB/s   8m13s[K[A[1Gpulling manifest [K
pulling 667b0c1932bc:  22% 笆補毎笆遺毎               笆・1.1 GB/4.9 GB  7.8 MB/s   8m13s[K[A[1Gpulling manifest [K
pulling 667b0c1932bc:  22% 笆補毎笆遺毎               笆・1.1 GB/4.9 GB  7.8 MB/s   8m13s[K[A[1Gpulling manifest [K
pulling 667b0c1932bc:  22% 笆補毎笆遺毎               笆・1.1 GB/4.9 GB  7.7 MB/s   8m19s[K[A[1Gpulling manifest [K
pulling 667b0c1932bc:  22% 笆補毎笆遺毎               笆・1.1 GB/4.9 GB  7.7 MB/s   8m19s[K[A[1Gpulling manifest [K
pulling 667b0c1932bc:  22% 笆補毎笆遺毎               笆・1.1 GB/4.9 GB  7.7 MB/s   8m19s[K[A[1Gpulling manifest [K
pulling 667b0c1932bc:  22% 笆補毎笆遺毎               笆・1.1 GB/4.9 GB  7.7 MB/s   8m19s[K[A[1Gpulling manifest [K
pulling 667b0c1932bc:  22% 笆補毎笆遺毎               笆・1.1 GB/4.9 GB  7.7 MB/s   8m19s[K[A[1Gpulling manifest [K
pulling 667b0c1932bc:  22% 笆補毎笆遺毎笆・             笆・1.1 GB/4.9 GB  7.7 MB/s   8m19s[K[A[1Gpulling manifest [K
pulling 667b0c1932bc:  22% 笆補毎笆遺毎笆・             笆・1.1 GB/4.9 GB  7.7 MB/s   8m19s[K[A[1Gpulling manifest [K
pulling 667b0c1932bc:  22% 笆補毎笆遺毎笆・             笆・1.1 GB/4.9 GB  7.7 MB/s   8m19s[K[A[1Gpulling manifest [K
pulling 667b0c1932bc:  22% 笆補毎笆遺毎笆・             笆・1.1 GB/4.9 GB  7.7 MB/s   8m19s[K[A[1Gpulling manifest [K
pulling 667b0c1932bc:  22% 笆補毎笆遺毎笆・             笆・1.1 GB/4.9 GB  7.7 MB/s   8m19s[K[A[1Gpulling manifest [K
pulling 667b0c1932bc:  22% 笆補毎笆遺毎笆・             笆・1.1 GB/4.9 GB  7.5 MB/s   8m32s[K[A[1Gpulling manifest [K
pulling 667b0c1932bc:  22% 笆補毎笆遺毎笆・             笆・1.1 GB/4.9 GB  7.5 MB/s   8m32s[K[A[1Gpulling manifest [K
pulling 667b0c1932bc:  22% 笆補毎笆遺毎笆・             笆・1.1 GB/4.9 GB  7.5 MB/s   8m32s[K[A[1Gpulling manifest [K
pulling 667b0c1932bc:  22% 笆補毎笆遺毎笆・             笆・1.1 GB/4.9 GB  7.5 MB/s   8m32s[K[A[1Gpulling manifest [K
pulling 667b0c1932bc:  22% 笆補毎笆遺毎笆・             笆・1.1 GB/4.9 GB  7.5 MB/s   8m32s[K[A[1Gpulling manifest [K
pulling 667b0c1932bc:  22% 笆補毎笆遺毎笆・             笆・1.1 GB/4.9 GB  7.5 MB/s   8m32s[K[A[1Gpulling manifest [K
pulling 667b0c1932bc:  22% 笆補毎笆遺毎笆・             笆・1.1 GB/4.9 GB  7.5 MB/s   8m32s[K[A[1Gpulling manifest [K
pulling 667b0c1932bc:  22% 笆補毎笆遺毎笆・             笆・1.1 GB/4.9 GB  7.5 MB/s   8m32s[K[A[1Gpulling manifest [K
pulling 667b0c1932bc:  22% 笆補毎笆遺毎笆・             笆・1.1 GB/4.9 GB  7.5 MB/s   8m31s[K[A[1Gpulling manifest [K
pulling 667b0c1932bc:  22% 笆補毎笆遺毎笆・             笆・1.1 GB/4.9 GB  7.5 MB/s   8m31s[K[A[1Gpulling manifest [K
pulling 667b0c1932bc:  22% 笆補毎笆遺毎笆・             笆・1.1 GB/4.9 GB  7.4 MB/s   8m34s[K[A[1Gpulling manifest [K
pulling 667b0c1932bc:  22% 笆補毎笆遺毎笆・             笆・1.1 GB/4.9 GB  7.4 MB/s   8m34s[K[A[1Gpulling manifest [K
pulling 667b0c1932bc:  23% 笆補毎笆遺毎笆・             笆・1.1 GB/4.9 GB  7.4 MB/s   8m34s[K[A[1Gpulling manifest [K
pulling 667b0c1932bc:  23% 笆補毎笆遺毎笆・             笆・1.1 GB/4.9 GB  7.4 MB/s   8m34s[K[A[1Gpulling manifest [K
pulling 667b0c1932bc:  23% 笆補毎笆遺毎笆・             笆・1.1 GB/4.9 GB  7.4 MB/s   8m34s[K[A[1Gpulling manifest [K
pulling 667b0c1932bc:  23% 笆補毎笆遺毎笆・             笆・1.1 GB/4.9 GB  7.4 MB/s   8m34s[K[A[1Gpulling manifest [K
pulling 667b0c1932bc:  23% 笆補毎笆遺毎笆・             笆・1.1 GB/4.9 GB  7.4 MB/s   8m34s[K[A[1Gpulling manifest [K
pulling 667b0c1932bc:  23% 笆補毎笆遺毎笆・             笆・1.1 GB/4.9 GB  7.4 MB/s   8m34s[K[A[1Gpulling manifest [K
pulling 667b0c1932bc:  23% 笆補毎笆遺毎笆・             笆・1.1 GB/4.9 GB  7.4 MB/s   8m33s[K[A[1Gpulling manifest [K
pulling 667b0c1932bc:  23% 笆補毎笆遺毎笆・             笆・1.1 GB/4.9 GB  7.4 MB/s   8m33s[K[A[1Gpulling manifest [K
pulling 667b0c1932bc:  23% 笆補毎笆遺毎笆・             笆・1.1 GB/4.9 GB  7.5 MB/s   8m30s[K[A[1Gpulling manifest [K
pulling 667b0c1932bc:  23% 笆補毎笆遺毎笆・             笆・1.1 GB/4.9 GB  7.5 MB/s   8m29s[K[A[1Gpulling manifest [K
pulling 667b0c1932bc:  23% 笆補毎笆遺毎笆・             笆・1.1 GB/4.9 GB  7.5 MB/s   8m29s[K[A[1Gpulling manifest [K
pulling 667b0c1932bc:  23% 笆補毎笆遺毎笆・             笆・1.1 GB/4.9 GB  7.5 MB/s   8m29s[K[A[1Gpulling manifest [K
pulling 667b0c1932bc:  23% 笆補毎笆遺毎笆・             笆・1.1 GB/4.9 GB  7.5 MB/s   8m29s[K[A[1Gpulling manifest [K
pulling 667b0c1932bc:  23% 笆補毎笆遺毎笆・             笆・1.1 GB/4.9 GB  7.5 MB/s   8m29s[K[A[1Gpulling manifest [K
pulling 667b0c1932bc:  23% 笆補毎笆遺毎笆・             笆・1.1 GB/4.9 GB  7.5 MB/s   8m29s[K[A[1Gpulling manifest [K
pulling 667b0c1932bc:  23% 笆補毎笆遺毎笆・             笆・1.1 GB/4.9 GB  7.5 MB/s   8m29s[K[A[1Gpulling manifest [K
pulling 667b0c1932bc:  23% 笆補毎笆遺毎笆・             笆・1.1 GB/4.9 GB  7.5 MB/s   8m29s[K[A[1Gpulling manifest [K
pulling 667b0c1932bc:  23% 笆補毎笆遺毎笆・             笆・1.1 GB/4.9 GB  7.5 MB/s   8m29s[K[A[1Gpulling manifest [K
pulling 667b0c1932bc:  23% 笆補毎笆遺毎笆・             笆・1.1 GB/4.9 GB  7.4 MB/s   8m30s[K[A[1Gpulling manifest [K
pulling 667b0c1932bc:  23% 笆補毎笆遺毎笆・             笆・1.1 GB/4.9 GB  7.4 MB/s   8m30s[K[A[1Gpulling manifest [K
pulling 667b0c1932bc:  23% 笆補毎笆遺毎笆・             笆・1.1 GB/4.9 GB  7.4 MB/s   8m30s[K[A[1Gpulling manifest [K
pulling 667b0c1932bc:  23% 笆補毎笆遺毎笆・             笆・1.1 GB/4.9 GB  7.4 MB/s   8m30s[K[A[1Gpulling manifest [K
pulling 667b0c1932bc:  23% 笆補毎笆遺毎笆・             笆・1.1 GB/4.9 GB  7.4 MB/s   8m30s[K[A[1Gpulling manifest [K
pulling 667b0c1932bc:  23% 笆補毎笆遺毎笆・             笆・1.1 GB/4.9 GB  7.4 MB/s   8m30s[K[A[1Gpulling manifest [K
pulling 667b0c1932bc:  23% 笆補毎笆遺毎笆・             笆・1.1 GB/4.9 GB  7.4 MB/s   8m29s[K[A[1Gpulling manifest [K
pulling 667b0c1932bc:  23% 笆補毎笆遺毎笆・             笆・1.1 GB/4.9 GB  7.4 MB/s   8m29s[K[A[1Gpulling manifest [K
pulling 667b0c1932bc:  23% 笆補毎笆遺毎笆・             笆・1.1 GB/4.9 GB  7.4 MB/s   8m29s[K[A[1Gpulling manifest [K
pulling 667b0c1932bc:  23% 笆補毎笆遺毎笆・             笆・1.1 GB/4.9 GB  7.4 MB/s   8m29s[K[A[1Gpulling manifest [K
pulling 667b0c1932bc:  23% 笆補毎笆遺毎笆・             笆・1.1 GB/4.9 GB  7.4 MB/s   8m29s[K[A[1Gpulling manifest [K
pulling 667b0c1932bc:  23% 笆補毎笆遺毎笆・             笆・1.1 GB/4.9 GB  7.5 MB/s   8m28s[K[A[1Gpulling manifest [K
pulling 667b0c1932bc:  23% 笆補毎笆遺毎笆・             笆・1.1 GB/4.9 GB  7.5 MB/s   8m28s[K[A[1Gpulling manifest [K
pulling 667b0c1932bc:  23% 笆補毎笆遺毎笆・             笆・1.1 GB/4.9 GB  7.5 MB/s   8m28s[K[A[1Gpulling manifest [K
pulling 667b0c1932bc:  23% 笆補毎笆遺毎笆・             笆・1.1 GB/4.9 GB  7.5 MB/s   8m27s[K[A[1Gpulling manifest [K
pulling 667b0c1932bc:  23% 笆補毎笆遺毎笆・             笆・1.1 GB/4.9 GB  7.5 MB/s   8m27s[K[A[1Gpulling manifest [K
pulling 667b0c1932bc:  23% 笆補毎笆遺毎笆・             笆・1.1 GB/4.9 GB  7.5 MB/s   8m27s[K[A[1Gpulling manifest [K
pulling 667b0c1932bc:  23% 笆補毎笆遺毎笆・             笆・1.1 GB/4.9 GB  7.5 MB/s   8m27s[K[A[1Gpulling manifest [K
pulling 667b0c1932bc:  23% 笆補毎笆遺毎笆・             笆・1.1 GB/4.9 GB  7.5 MB/s   8m27s[K[A[1Gpulling manifest [K
pulling 667b0c1932bc:  23% 笆補毎笆遺毎笆・             笆・1.1 GB/4.9 GB  7.5 MB/s   8m27s[K[A[1Gpulling manifest [K
pulling 667b0c1932bc:  23% 笆補毎笆遺毎笆・             笆・1.1 GB/4.9 GB  7.5 MB/s   8m27s[K[A[1Gpulling manifest [K
pulling 667b0c1932bc:  23% 笆補毎笆遺毎笆・             笆・1.1 GB/4.9 GB  7.7 MB/s   8m14s[K[A[1Gpulling manifest [K
pulling 667b0c1932bc:  23% 笆補毎笆遺毎笆・             笆・1.1 GB/4.9 GB  7.7 MB/s   8m14s[K[A[1Gpulling manifest [K
pulling 667b0c1932bc:  23% 笆補毎笆遺毎笆・             笆・1.1 GB/4.9 GB  7.7 MB/s   8m14s[K[A[1Gpulling manifest [K
pulling 667b0c1932bc:  23% 笆補毎笆遺毎笆・             笆・1.1 GB/4.9 GB  7.7 MB/s   8m13s[K[A[1Gpulling manifest [K
pulling 667b0c1932bc:  23% 笆補毎笆遺毎笆・             笆・1.1 GB/4.9 GB  7.7 MB/s   8m13s[K[A[1Gpulling manifest [K
pulling 667b0c1932bc:  23% 笆補毎笆遺毎笆・             笆・1.1 GB/4.9 GB  7.7 MB/s   8m13s[K[A[1Gpulling manifest [K
pulling 667b0c1932bc:  23% 笆補毎笆遺毎笆・             笆・1.1 GB/4.9 GB  7.7 MB/s   8m13s[K[A[1Gpulling manifest [K
pulling 667b0c1932bc:  23% 笆補毎笆遺毎笆・             笆・1.1 GB/4.9 GB  7.7 MB/s   8m13s[K[A[1Gpulling manifest [K
pulling 667b0c1932bc:  23% 笆補毎笆遺毎笆・             笆・1.1 GB/4.9 GB  7.7 MB/s   8m13s[K[A[1Gpulling manifest [K
pulling 667b0c1932bc:  23% 笆補毎笆遺毎笆・             笆・1.1 GB/4.9 GB  7.7 MB/s   8m13s[K[A[1Gpulling manifest [K
pulling 667b0c1932bc:  23% 笆補毎笆遺毎笆・             笆・1.1 GB/4.9 GB  7.6 MB/s   8m19s[K[A[1Gpulling manifest [K
pulling 667b0c1932bc:  23% 笆補毎笆遺毎笆・             笆・1.1 GB/4.9 GB  7.6 MB/s   8m18s[K[A[1Gpulling manifest [K
pulling 667b0c1932bc:  23% 笆補毎笆遺毎笆・             笆・1.1 GB/4.9 GB  7.6 MB/s   8m18s[K[A[1Gpulling manifest [K
pulling 667b0c1932bc:  23% 笆補毎笆遺毎笆・             笆・1.1 GB/4.9 GB  7.6 MB/s   8m18s[K[A[1Gpulling manifest [K
pulling 667b0c1932bc:  23% 笆補毎笆遺毎笆・             笆・1.1 GB/4.9 GB  7.6 MB/s   8m18s[K[A[1Gpulling manifest [K
pulling 667b0c1932bc:  23% 笆補毎笆遺毎笆・             笆・1.1 GB/4.9 GB  7.6 MB/s   8m18s[K[A[1Gpulling manifest [K
pulling 667b0c1932bc:  23% 笆補毎笆遺毎笆・             笆・1.1 GB/4.9 GB  7.6 MB/s   8m18s[K[A[1Gpulling manifest [K
pulling 667b0c1932bc:  23% 笆補毎笆遺毎笆・             笆・1.1 GB/4.9 GB  7.6 MB/s   8m18s[K[A[1Gpulling manifest [K
pulling 667b0c1932bc:  23% 笆補毎笆遺毎笆・             笆・1.1 GB/4.9 GB  7.6 MB/s   8m18s[K[A[1Gpulling manifest [K
pulling 667b0c1932bc:  23% 笆補毎笆遺毎笆・             笆・1.2 GB/4.9 GB  7.6 MB/s   8m18s[K[A[1Gpulling manifest [K
pulling 667b0c1932bc:  23% 笆補毎笆遺毎笆・             笆・1.2 GB/4.9 GB  7.5 MB/s   8m25s[K[A[1Gpulling manifest [K
pulling 667b0c1932bc:  23% 笆補毎笆遺毎笆・             笆・1.2 GB/4.9 GB  7.5 MB/s   8m25s[K[A[1Gpulling manifest [K
pulling 667b0c1932bc:  23% 笆補毎笆遺毎笆・             笆・1.2 GB/4.9 GB  7.5 MB/s   8m25s[K[A[1Gpulling manifest [K
pulling 667b0c1932bc:  23% 笆補毎笆遺毎笆・             笆・1.2 GB/4.9 GB  7.5 MB/s   8m24s[K[A[1Gpulling manifest [K
pulling 667b0c1932bc:  23% 笆補毎笆遺毎笆・             笆・1.2 GB/4.9 GB  7.5 MB/s   8m24s[K[A[1Gpulling manifest [K
pulling 667b0c1932bc:  23% 笆補毎笆遺毎笆・             笆・1.2 GB/4.9 GB  7.5 MB/s   8m24s[K[A[1Gpulling manifest [K
pulling 667b0c1932bc:  23% 笆補毎笆遺毎笆・             笆・1.2 GB/4.9 GB  7.5 MB/s   8m24s[K[A[1Gpulling manifest [K
pulling 667b0c1932bc:  23% 笆補毎笆遺毎笆・             笆・1.2 GB/4.9 GB  7.5 MB/s   8m24s[K[A[1Gpulling manifest [K
pulling 667b0c1932bc:  23% 笆補毎笆遺毎笆・             笆・1.2 GB/4.9 GB  7.5 MB/s   8m24s[K[A[1Gpulling manifest [K
pulling 667b0c1932bc:  24% 笆補毎笆遺毎笆・             笆・1.2 GB/4.9 GB  7.5 MB/s   8m24s[K[A[1Gpulling manifest [K
pulling 667b0c1932bc:  24% 笆補毎笆遺毎笆・             笆・1.2 GB/4.9 GB  7.5 MB/s   8m20s[K[A[1Gpulling manifest [K
pulling 667b0c1932bc:  24% 笆補毎笆遺毎笆・             笆・1.2 GB/4.9 GB  7.5 MB/s   8m20s[K[A[1Gpulling manifest [K
pulling 667b0c1932bc:  24% 笆補毎笆遺毎笆・             笆・1.2 GB/4.9 GB  7.5 MB/s   8m20s[K[A[1Gpulling manifest [K
pulling 667b0c1932bc:  24% 笆補毎笆遺毎笆・             笆・1.2 GB/4.9 GB  7.5 MB/s   8m20s[K[A[1Gpulling manifest [K
pulling 667b0c1932bc:  24% 笆補毎笆遺毎笆・             笆・1.2 GB/4.9 GB  7.5 MB/s   8m20s[K[A[1Gpulling manifest [K
pulling 667b0c1932bc:  24% 笆補毎笆遺毎笆・             笆・1.2 GB/4.9 GB  7.5 MB/s   8m20s[K[A[1Gpulling manifest [K
pulling 667b0c1932bc:  24% 笆補毎笆遺毎笆・             笆・1.2 GB/4.9 GB  7.5 MB/s   8m20s[K[A[1Gpulling manifest [K
pulling 667b0c1932bc:  24% 笆補毎笆遺毎笆・             笆・1.2 GB/4.9 GB  7.5 MB/s   8m20s[K[A[1Gpulling manifest [K
pulling 667b0c1932bc:  24% 笆補毎笆遺毎笆・             笆・1.2 GB/4.9 GB  7.5 MB/s   8m19s[K[A[1Gpulling manifest [K
pulling 667b0c1932bc:  24% 笆補毎笆遺毎笆・             笆・1.2 GB/4.9 GB  7.5 MB/s   8m19s[K[A[1Gpulling manifest [K
pulling 667b0c1932bc:  24% 笆補毎笆遺毎笆・             笆・1.2 GB/4.9 GB  7.5 MB/s   8m19s[K[A[1Gpulling manifest [K
pulling 667b0c1932bc:  24% 笆補毎笆遺毎笆・             笆・1.2 GB/4.9 GB  7.5 MB/s   8m18s[K[A[1Gpulling manifest [K
pulling 667b0c1932bc:  24% 笆補毎笆遺毎笆・             笆・1.2 GB/4.9 GB  7.5 MB/s   8m18s[K[A[1Gpulling manifest [K
pulling 667b0c1932bc:  24% 笆補毎笆遺毎笆・             笆・1.2 GB/4.9 GB  7.5 MB/s   8m18s[K[A[1Gpulling manifest [K
pulling 667b0c1932bc:  24% 笆補毎笆遺毎笆・             笆・1.2 GB/4.9 GB  7.5 MB/s   8m18s[K[A[1Gpulling manifest [K
pulling 667b0c1932bc:  24% 笆補毎笆遺毎笆・             笆・1.2 GB/4.9 GB  7.5 MB/s   8m18s[K[A[1Gpulling manifest [K
pulling 667b0c1932bc:  24% 笆補毎笆遺毎笆・             笆・1.2 GB/4.9 GB  7.5 MB/s   8m18s[K[A[1Gpulling manifest [K
pulling 667b0c1932bc:  24% 笆補毎笆遺毎笆・             笆・1.2 GB/4.9 GB  7.5 MB/s   8m17s[K[A[1Gpulling manifest [K
pulling 667b0c1932bc:  24% 笆補毎笆遺毎笆・             笆・1.2 GB/4.9 GB  7.5 MB/s   8m17s[K[A[1Gpulling manifest [K
pulling 667b0c1932bc:  24% 笆補毎笆遺毎笆・             笆・1.2 GB/4.9 GB  7.5 MB/s   8m17s[K[A[1Gpulling manifest [K
pulling 667b0c1932bc:  24% 笆補毎笆遺毎笆・             笆・1.2 GB/4.9 GB  7.5 MB/s   8m17s[K[A[1Gpulling manifest [K
pulling 667b0c1932bc:  24% 笆補毎笆遺毎笆・             笆・1.2 GB/4.9 GB  7.5 MB/s   8m18s[K[A[1Gpulling manifest [K
pulling 667b0c1932bc:  24% 笆補毎笆遺毎笆・             笆・1.2 GB/4.9 GB  7.5 MB/s   8m18s[K[A[1Gpulling manifest [K
pulling 667b0c1932bc:  24% 笆補毎笆遺毎笆・             笆・1.2 GB/4.9 GB  7.5 MB/s   8m18s[K[A[1Gpulling manifest [K
pulling 667b0c1932bc:  24% 笆補毎笆遺毎笆・             笆・1.2 GB/4.9 GB  7.5 MB/s   8m18s[K[A[1Gpulling manifest [K
pulling 667b0c1932bc:  24% 笆補毎笆遺毎笆・             笆・1.2 GB/4.9 GB  7.5 MB/s   8m18s[K[A[1Gpulling manifest [K
pulling 667b0c1932bc:  24% 笆補毎笆遺毎笆・             笆・1.2 GB/4.9 GB  7.5 MB/s   8m18s[K[A[1Gpulling manifest [K
pulling 667b0c1932bc:  24% 笆補毎笆遺毎笆・             笆・1.2 GB/4.9 GB  7.5 MB/s   8m18s[K[A[1Gpulling manifest [K
pulling 667b0c1932bc:  24% 笆補毎笆遺毎笆・             笆・1.2 GB/4.9 GB  7.5 MB/s   8m18s[K[A[1Gpulling manifest [K
pulling 667b0c1932bc:  24% 笆補毎笆遺毎笆・             笆・1.2 GB/4.9 GB  7.5 MB/s   8m17s[K[A[1Gpulling manifest [K
pulling 667b0c1932bc:  24% 笆補毎笆遺毎笆・             笆・1.2 GB/4.9 GB  7.5 MB/s   8m17s[K[A[1Gpulling manifest [K
pulling 667b0c1932bc:  24% 笆補毎笆遺毎笆・             笆・1.2 GB/4.9 GB  7.4 MB/s   8m28s[K[A[1Gpulling manifest [K
pulling 667b0c1932bc:  24% 笆補毎笆遺毎笆・             笆・1.2 GB/4.9 GB  7.4 MB/s   8m28s[K[A[1Gpulling manifest [K
pulling 667b0c1932bc:  24% 笆補毎笆遺毎笆・             笆・1.2 GB/4.9 GB  7.4 MB/s   8m28s[K[A[1Gpulling manifest [K
pulling 667b0c1932bc:  24% 笆補毎笆遺毎笆・             笆・1.2 GB/4.9 GB  7.4 MB/s   8m28s[K[A[1Gpulling manifest [K
pulling 667b0c1932bc:  24% 笆補毎笆遺毎笆・             笆・1.2 GB/4.9 GB  7.4 MB/s   8m28s[K[A[1Gpulling manifest [K
pulling 667b0c1932bc:  24% 笆補毎笆遺毎笆・             笆・1.2 GB/4.9 GB  7.4 MB/s   8m28s[K[A[1Gpulling manifest [K
pulling 667b0c1932bc:  24% 笆補毎笆遺毎笆・             笆・1.2 GB/4.9 GB  7.4 MB/s   8m28s[K[A[1Gpulling manifest [K
pulling 667b0c1932bc:  24% 笆補毎笆遺毎笆・             笆・1.2 GB/4.9 GB  7.4 MB/s   8m28s[K[A[1Gpulling manifest [K
pulling 667b0c1932bc:  24% 笆補毎笆遺毎笆・             笆・1.2 GB/4.9 GB  7.4 MB/s   8m27s[K[A[1Gpulling manifest [K
pulling 667b0c1932bc:  24% 笆補毎笆遺毎笆・             笆・1.2 GB/4.9 GB  7.4 MB/s   8m27s[K[A[1Gpulling manifest [K
pulling 667b0c1932bc:  24% 笆補毎笆遺毎笆・             笆・1.2 GB/4.9 GB  7.3 MB/s   8m29s[K[A[1Gpulling manifest [K
pulling 667b0c1932bc:  24% 笆補毎笆遺毎笆・             笆・1.2 GB/4.9 GB  7.3 MB/s   8m29s[K[A[1Gpulling manifest [K
pulling 667b0c1932bc:  24% 笆補毎笆遺毎笆・             笆・1.2 GB/4.9 GB  7.3 MB/s   8m29s[K[A[1Gpulling manifest [K
pulling 667b0c1932bc:  24% 笆補毎笆遺毎笆・             笆・1.2 GB/4.9 GB  7.3 MB/s   8m29s[K[A[1Gpulling manifest [K
pulling 667b0c1932bc:  24% 笆補毎笆遺毎笆・             笆・1.2 GB/4.9 GB  7.3 MB/s   8m29s[K[A[1Gpulling manifest [K
pulling 667b0c1932bc:  24% 笆補毎笆遺毎笆・             笆・1.2 GB/4.9 GB  7.3 MB/s   8m29s[K[A[1Gpulling manifest [K
pulling 667b0c1932bc:  24% 笆補毎笆遺毎笆・             笆・1.2 GB/4.9 GB  7.3 MB/s   8m29s[K[A[1Gpulling manifest [K
pulling 667b0c1932bc:  24% 笆補毎笆遺毎笆・             笆・1.2 GB/4.9 GB  7.3 MB/s   8m29s[K[A[1Gpulling manifest [K
pulling 667b0c1932bc:  24% 笆補毎笆遺毎笆・             笆・1.2 GB/4.9 GB  7.3 MB/s   8m29s[K[A[1Gpulling manifest [K
pulling 667b0c1932bc:  24% 笆補毎笆遺毎笆・             笆・1.2 GB/4.9 GB  7.3 MB/s   8m29s[K[A[1Gpulling manifest [K
pulling 667b0c1932bc:  24% 笆補毎笆遺毎笆・             笆・1.2 GB/4.9 GB  7.2 MB/s   8m39s[K[A[1Gpulling manifest [K
pulling 667b0c1932bc:  24% 笆補毎笆遺毎笆・             笆・1.2 GB/4.9 GB  7.2 MB/s   8m38s[K[A[1Gpulling manifest [K
pulling 667b0c1932bc:  24% 笆補毎笆遺毎笆・             笆・1.2 GB/4.9 GB  7.2 MB/s   8m38s[K[A[1Gpulling manifest [K
pulling 667b0c1932bc:  24% 笆補毎笆遺毎笆・             笆・1.2 GB/4.9 GB  7.2 MB/s   8m38s[K[A[1Gpulling manifest [K
pulling 667b0c1932bc:  24% 笆補毎笆遺毎笆・             笆・1.2 GB/4.9 GB  7.2 MB/s   8m38s[K[A[1Gpulling manifest [K
pulling 667b0c1932bc:  24% 笆補毎笆遺毎笆・             笆・1.2 GB/4.9 GB  7.2 MB/s   8m38s[K[A[1Gpulling manifest [K
pulling 667b0c1932bc:  24% 笆補毎笆遺毎笆・             笆・1.2 GB/4.9 GB  7.2 MB/s   8m38s[K[A[1Gpulling manifest [K
pulling 667b0c1932bc:  24% 笆補毎笆遺毎笆・             笆・1.2 GB/4.9 GB  7.2 MB/s   8m38s[K[A[1Gpulling manifest [K
pulling 667b0c1932bc:  24% 笆補毎笆遺毎笆・             笆・1.2 GB/4.9 GB  7.2 MB/s   8m38s[K[A[1Gpulling manifest [K
pulling 667b0c1932bc:  24% 笆補毎笆遺毎笆・             笆・1.2 GB/4.9 GB  7.2 MB/s   8m38s[K[A[1Gpulling manifest [K
pulling 667b0c1932bc:  24% 笆補毎笆遺毎笆・             笆・1.2 GB/4.9 GB  7.2 MB/s   8m38s[K[A[1Gpulling manifest [K
pulling 667b0c1932bc:  24% 笆補毎笆遺毎笆・             笆・1.2 GB/4.9 GB  7.0 MB/s   8m54s[K[A[1Gpulling manifest [K
pulling 667b0c1932bc:  24% 笆補毎笆遺毎笆・             笆・1.2 GB/4.9 GB  7.0 MB/s   8m54s[K[A[1Gpulling manifest [K
pulling 667b0c1932bc:  24% 笆補毎笆遺毎笆・             笆・1.2 GB/4.9 GB  7.0 MB/s   8m54s[K[A[1Gpulling manifest [K
pulling 667b0c1932bc:  24% 笆補毎笆遺毎笆・             笆・1.2 GB/4.9 GB  7.0 MB/s   8m54s[K[A[1Gpulling manifest [K
pulling 667b0c1932bc:  24% 笆補毎笆遺毎笆・             笆・1.2 GB/4.9 GB  7.0 MB/s   8m54s[K[A[1Gpulling manifest [K
pulling 667b0c1932bc:  24% 笆補毎笆遺毎笆・             笆・1.2 GB/4.9 GB  7.0 MB/s   8m54s[K[A[1Gpulling manifest [K
pulling 667b0c1932bc:  24% 笆補毎笆遺毎笆・             笆・1.2 GB/4.9 GB  7.0 MB/s   8m54s[K[A[1Gpulling manifest [K
pulling 667b0c1932bc:  24% 笆補毎笆遺毎笆・             笆・1.2 GB/4.9 GB  7.0 MB/s   8m53s[K[A[1Gpulling manifest [K
pulling 667b0c1932bc:  24% 笆補毎笆遺毎笆・             笆・1.2 GB/4.9 GB  7.0 MB/s   8m53s[K[A[1Gpulling manifest [K
pulling 667b0c1932bc:  24% 笆補毎笆遺毎笆・             笆・1.2 GB/4.9 GB  7.0 MB/s   8m53s[K[A[1Gpulling manifest [K
pulling 667b0c1932bc:  25% 笆補毎笆遺毎笆・             笆・1.2 GB/4.9 GB  7.0 MB/s   8m53s[K[A[1Gpulling manifest [K
pulling 667b0c1932bc:  25% 笆補毎笆遺毎笆・             笆・1.2 GB/4.9 GB  7.0 MB/s   8m53s[K[A[1Gpulling manifest [K
pulling 667b0c1932bc:  25% 笆補毎笆遺毎笆・             笆・1.2 GB/4.9 GB  7.0 MB/s   8m53s[K[A[1Gpulling manifest [K
pulling 667b0c1932bc:  25% 笆補毎笆遺毎笆・             笆・1.2 GB/4.9 GB  7.0 MB/s   8m53s[K[A[1Gpulling manifest [K
pulling 667b0c1932bc:  25% 笆補毎笆遺毎笆・             笆・1.2 GB/4.9 GB  7.0 MB/s   8m53s[K[A[1Gpulling manifest [K
pulling 667b0c1932bc:  25% 笆補毎笆遺毎笆・             笆・1.2 GB/4.9 GB  7.0 MB/s   8m53s[K[A[1Gpulling manifest [K
pulling 667b0c1932bc:  25% 笆補毎笆遺毎笆・             笆・1.2 GB/4.9 GB  7.0 MB/s   8m53s[K[A[1Gpulling manifest [K
pulling 667b0c1932bc:  25% 笆補毎笆遺毎笆・             笆・1.2 GB/4.9 GB  7.0 MB/s   8m52s[K[A[1Gpulling manifest [K
pulling 667b0c1932bc:  25% 笆補毎笆遺毎笆・             笆・1.2 GB/4.9 GB  7.0 MB/s   8m52s[K[A[1Gpulling manifest [K
pulling 667b0c1932bc:  25% 笆補毎笆遺毎笆・             笆・1.2 GB/4.9 GB  7.0 MB/s   8m52s[K[A[1Gpulling manifest [K
pulling 667b0c1932bc:  25% 笆補毎笆遺毎笆・             笆・1.2 GB/4.9 GB  6.9 MB/s   8m57s[K[A[1Gpulling manifest [K
pulling 667b0c1932bc:  25% 笆補毎笆遺毎笆・             笆・1.2 GB/4.9 GB  6.9 MB/s   8m57s[K[A[1Gpulling manifest [K
pulling 667b0c1932bc:  25% 笆補毎笆遺毎笆・             笆・1.2 GB/4.9 GB  6.9 MB/s   8m57s[K[A[1Gpulling manifest [K
pulling 667b0c1932bc:  25% 笆補毎笆遺毎笆・             笆・1.2 GB/4.9 GB  6.9 MB/s   8m57s[K[A[1Gpulling manifest [K
pulling 667b0c1932bc:  25% 笆補毎笆遺毎笆・             笆・1.2 GB/4.9 GB  6.9 MB/s   8m57s[K[A[1Gpulling manifest [K
pulling 667b0c1932bc:  25% 笆補毎笆遺毎笆・             笆・1.2 GB/4.9 GB  6.9 MB/s   8m57s[K[A[1Gpulling manifest [K
pulling 667b0c1932bc:  25% 笆補毎笆遺毎笆・             笆・1.2 GB/4.9 GB  6.9 MB/s   8m57s[K[A[1Gpulling manifest [K
pulling 667b0c1932bc:  25% 笆補毎笆遺毎笆・             笆・1.2 GB/4.9 GB  6.9 MB/s   8m56s[K[A[1Gpulling manifest [K
pulling 667b0c1932bc:  25% 笆補毎笆遺毎笆・             笆・1.2 GB/4.9 GB  6.9 MB/s   8m56s[K[A[1Gpulling manifest [K
pulling 667b0c1932bc:  25% 笆補毎笆遺毎笆・             笆・1.2 GB/4.9 GB  6.9 MB/s   8m56s[K[A[1Gpulling manifest [K
pulling 667b0c1932bc:  25% 笆補毎笆遺毎笆・             笆・1.2 GB/4.9 GB  6.9 MB/s   8m55s[K[A[1Gpulling manifest [K
pulling 667b0c1932bc:  25% 笆補毎笆遺毎笆・             笆・1.2 GB/4.9 GB  6.9 MB/s   8m55s[K[A[1Gpulling manifest [K
pulling 667b0c1932bc:  25% 笆補毎笆遺毎笆・             笆・1.2 GB/4.9 GB  6.9 MB/s   8m55s[K[A[1Gpulling manifest [K
pulling 667b0c1932bc:  25% 笆補毎笆遺毎笆・             笆・1.2 GB/4.9 GB  6.9 MB/s   8m55s[K[A[1Gpulling manifest [K
pulling 667b0c1932bc:  25% 笆補毎笆遺毎笆・             笆・1.2 GB/4.9 GB  6.9 MB/s   8m55s[K[A[1Gpulling manifest [K
pulling 667b0c1932bc:  25% 笆補毎笆遺毎笆・             笆・1.2 GB/4.9 GB  6.9 MB/s   8m55s[K[A[1Gpulling manifest [K
pulling 667b0c1932bc:  25% 笆補毎笆遺毎笆・             笆・1.2 GB/4.9 GB  6.9 MB/s   8m55s[K[A[1Gpulling manifest [K
pulling 667b0c1932bc:  25% 笆補毎笆遺毎笆・             笆・1.2 GB/4.9 GB  6.9 MB/s   8m55s[K[A[1Gpulling manifest [K
pulling 667b0c1932bc:  25% 笆補毎笆遺毎笆・             笆・1.2 GB/4.9 GB  6.9 MB/s   8m54s[K[A[1Gpulling manifest [K
pulling 667b0c1932bc:  25% 笆補毎笆遺毎笆・             笆・1.2 GB/4.9 GB  6.9 MB/s   8m54s[K[A[1Gpulling manifest [K
pulling 667b0c1932bc:  25% 笆補毎笆遺毎笆・             笆・1.2 GB/4.9 GB  7.0 MB/s   8m48s[K[A[1Gpulling manifest [K
pulling 667b0c1932bc:  25% 笆補毎笆遺毎笆・             笆・1.2 GB/4.9 GB  7.0 MB/s   8m48s[K[A[1Gpulling manifest [K
pulling 667b0c1932bc:  25% 笆補毎笆遺毎笆・             笆・1.2 GB/4.9 GB  7.0 MB/s   8m48s[K[A[1Gpulling manifest [K
pulling 667b0c1932bc:  25% 笆補毎笆遺毎笆・             笆・1.2 GB/4.9 GB  7.0 MB/s   8m48s[K[A[1Gpulling manifest [K
pulling 667b0c1932bc:  25% 笆補毎笆遺毎笆・             笆・1.2 GB/4.9 GB  7.0 MB/s   8m48s[K[A[1Gpulling manifest [K
pulling 667b0c1932bc:  25% 笆補毎笆遺毎笆・             笆・1.2 GB/4.9 GB  7.0 MB/s   8m48s[K[A[1Gpulling manifest [K
pulling 667b0c1932bc:  25% 笆補毎笆遺毎笆・             笆・1.2 GB/4.9 GB  7.0 MB/s   8m47s[K[A[1Gpulling manifest [K
pulling 667b0c1932bc:  25% 笆補毎笆遺毎笆・             笆・1.2 GB/4.9 GB  7.0 MB/s   8m47s[K[A[1Gpulling manifest [K
pulling 667b0c1932bc:  25% 笆補毎笆遺毎笆・             笆・1.2 GB/4.9 GB  7.0 MB/s   8m47s[K[A[1Gpulling manifest [K
pulling 667b0c1932bc:  25% 笆補毎笆遺毎笆・             笆・1.2 GB/4.9 GB  7.0 MB/s   8m47s[K[A[1Gpulling manifest [K
pulling 667b0c1932bc:  25% 笆補毎笆遺毎笆・             笆・1.2 GB/4.9 GB  7.0 MB/s   8m47s[K[A[1Gpulling manifest [K
pulling 667b0c1932bc:  25% 笆補毎笆遺毎笆・             笆・1.2 GB/4.9 GB  7.0 MB/s   8m46s[K[A[1Gpulling manifest [K
pulling 667b0c1932bc:  25% 笆補毎笆遺毎笆・             笆・1.2 GB/4.9 GB  7.0 MB/s   8m46s[K[A[1Gpulling manifest [K
pulling 667b0c1932bc:  25% 笆補毎笆遺毎笆・             笆・1.2 GB/4.9 GB  7.0 MB/s   8m46s[K[A[1Gpulling manifest [K
pulling 667b0c1932bc:  25% 笆補毎笆遺毎笆・             笆・1.2 GB/4.9 GB  7.0 MB/s   8m46s[K[A[1Gpulling manifest [K
pulling 667b0c1932bc:  25% 笆補毎笆遺毎笆・             笆・1.2 GB/4.9 GB  7.0 MB/s   8m46s[K[A[1Gpulling manifest [K
pulling 667b0c1932bc:  25% 笆補毎笆遺毎笆・             笆・1.2 GB/4.9 GB  7.0 MB/s   8m46s[K[A[1Gpulling manifest [K
pulling 667b0c1932bc:  25% 笆補毎笆遺毎笆・             笆・1.2 GB/4.9 GB  7.0 MB/s   8m46s[K[A[1Gpulling manifest [K
pulling 667b0c1932bc:  25% 笆補毎笆遺毎笆・             笆・1.2 GB/4.9 GB  7.0 MB/s   8m46s[K[A[1Gpulling manifest [K
pulling 667b0c1932bc:  25% 笆補毎笆遺毎笆・             笆・1.2 GB/4.9 GB  7.0 MB/s   8m45s[K[A[1Gpulling manifest [K
pulling 667b0c1932bc:  25% 笆補毎笆遺毎笆・             笆・1.2 GB/4.9 GB  7.0 MB/s   8m45s[K[A[1Gpulling manifest [K
pulling 667b0c1932bc:  25% 笆補毎笆遺毎笆・             笆・1.2 GB/4.9 GB  7.1 MB/s   8m38s[K[A[1Gpulling manifest [K
pulling 667b0c1932bc:  25% 笆補毎笆遺毎笆・             笆・1.2 GB/4.9 GB  7.1 MB/s   8m38s[K[A[1Gpulling manifest [K
pulling 667b0c1932bc:  25% 笆補毎笆遺毎笆・             笆・1.2 GB/4.9 GB  7.1 MB/s   8m38s[K[A[1Gpulling manifest [K
pulling 667b0c1932bc:  25% 笆補毎笆遺毎笆・             笆・1.2 GB/4.9 GB  7.1 MB/s   8m38s[K[A[1Gpulling manifest [K
pulling 667b0c1932bc:  25% 笆補毎笆遺毎笆・             笆・1.2 GB/4.9 GB  7.1 MB/s   8m38s[K[A[1Gpulling manifest [K
pulling 667b0c1932bc:  25% 笆補毎笆遺毎笆・             笆・1.2 GB/4.9 GB  7.1 MB/s   8m38s[K[A[1Gpulling manifest [K
pulling 667b0c1932bc:  25% 笆補毎笆遺毎笆・             笆・1.2 GB/4.9 GB  7.1 MB/s   8m38s[K[A[1Gpulling manifest [K
pulling 667b0c1932bc:  25% 笆補毎笆遺毎笆・             笆・1.2 GB/4.9 GB  7.1 MB/s   8m38s[K[A[1Gpulling manifest [K
pulling 667b0c1932bc:  25% 笆補毎笆遺毎笆・             笆・1.2 GB/4.9 GB  7.1 MB/s   8m38s[K[A[1Gpulling manifest [K
pulling 667b0c1932bc:  25% 笆補毎笆遺毎笆・             笆・1.2 GB/4.9 GB  7.1 MB/s   8m37s[K[A[1Gpulling manifest [K
pulling 667b0c1932bc:  25% 笆補毎笆遺毎笆・             笆・1.2 GB/4.9 GB  7.2 MB/s   8m27s[K[A[1Gpulling manifest [K
pulling 667b0c1932bc:  25% 笆補毎笆遺毎笆・             笆・1.3 GB/4.9 GB  7.2 MB/s   8m26s[K[A[1Gpulling manifest [K
pulling 667b0c1932bc:  25% 笆補毎笆遺毎笆・             笆・1.3 GB/4.9 GB  7.2 MB/s   8m26s[K[A[1Gpulling manifest [K
pulling 667b0c1932bc:  25% 笆補毎笆遺毎笆・             笆・1.3 GB/4.9 GB  7.2 MB/s   8m26s[K[A[1Gpulling manifest [K
pulling 667b0c1932bc:  25% 笆補毎笆遺毎笆・             笆・1.3 GB/4.9 GB  7.2 MB/s   8m26s[K[A[1Gpulling manifest [K
pulling 667b0c1932bc:  25% 笆補毎笆遺毎笆・             笆・1.3 GB/4.9 GB  7.2 MB/s   8m26s[K[A[1Gpulling manifest [K
pulling 667b0c1932bc:  25% 笆補毎笆遺毎笆・             笆・1.3 GB/4.9 GB  7.2 MB/s   8m26s[K[A[1Gpulling manifest [K
pulling 667b0c1932bc:  25% 笆補毎笆遺毎笆・             笆・1.3 GB/4.9 GB  7.2 MB/s   8m26s[K[A[1Gpulling manifest [K
pulling 667b0c1932bc:  25% 笆補毎笆遺毎笆・             笆・1.3 GB/4.9 GB  7.2 MB/s   8m26s[K[A[1Gpulling manifest [K
pulling 667b0c1932bc:  26% 笆補毎笆遺毎笆・             笆・1.3 GB/4.9 GB  7.2 MB/s   8m26s[K[A[1Gpulling manifest [K
pulling 667b0c1932bc:  26% 笆補毎笆遺毎笆・             笆・1.3 GB/4.9 GB  7.2 MB/s   8m27s[K[A[1Gpulling manifest [K
pulling 667b0c1932bc:  26% 笆補毎笆遺毎笆・             笆・1.3 GB/4.9 GB  7.2 MB/s   8m27s[K[A[1Gpulling manifest [K
pulling 667b0c1932bc:  26% 笆補毎笆遺毎笆・             笆・1.3 GB/4.9 GB  7.2 MB/s   8m27s[K[A[1Gpulling manifest [K
pulling 667b0c1932bc:  26% 笆補毎笆遺毎笆・             笆・1.3 GB/4.9 GB  7.2 MB/s   8m27s[K[A[1Gpulling manifest [K
pulling 667b0c1932bc:  26% 笆補毎笆遺毎笆・             笆・1.3 GB/4.9 GB  7.2 MB/s   8m27s[K[A[1Gpulling manifest [K
pulling 667b0c1932bc:  26% 笆補毎笆遺毎笆・             笆・1.3 GB/4.9 GB  7.2 MB/s   8m27s[K[A[1Gpulling manifest [K
pulling 667b0c1932bc:  26% 笆補毎笆遺毎笆・             笆・1.3 GB/4.9 GB  7.2 MB/s   8m27s[K[A[1Gpulling manifest [K
pulling 667b0c1932bc:  26% 笆補毎笆遺毎笆・             笆・1.3 GB/4.9 GB  7.2 MB/s   8m26s[K[A[1Gpulling manifest [K
pulling 667b0c1932bc:  26% 笆補毎笆遺毎笆・             笆・1.3 GB/4.9 GB  7.2 MB/s   8m26s[K[A[1Gpulling manifest [K
pulling 667b0c1932bc:  26% 笆補毎笆遺毎笆・             笆・1.3 GB/4.9 GB  7.2 MB/s   8m26s[K[A[1Gpulling manifest [K
pulling 667b0c1932bc:  26% 笆補毎笆遺毎笆・             笆・1.3 GB/4.9 GB  7.3 MB/s   8m18s[K[A[1Gpulling manifest [K
pulling 667b0c1932bc:  26% 笆補毎笆遺毎笆・             笆・1.3 GB/4.9 GB  7.3 MB/s   8m17s[K[A[1Gpulling manifest [K
pulling 667b0c1932bc:  26% 笆補毎笆遺毎笆・             笆・1.3 GB/4.9 GB  7.3 MB/s   8m17s[K[A[1Gpulling manifest [K
pulling 667b0c1932bc:  26% 笆補毎笆遺毎笆・             笆・1.3 GB/4.9 GB  7.3 MB/s   8m17s[K[A[1Gpulling manifest [K
pulling 667b0c1932bc:  26% 笆補毎笆遺毎笆・             笆・1.3 GB/4.9 GB  7.3 MB/s   8m17s[K[A[1Gpulling manifest [K
pulling 667b0c1932bc:  26% 笆補毎笆遺毎笆・             笆・1.3 GB/4.9 GB  7.3 MB/s   8m17s[K[A[1Gpulling manifest [K
pulling 667b0c1932bc:  26% 笆補毎笆遺毎笆・             笆・1.3 GB/4.9 GB  7.3 MB/s   8m17s[K[A[1Gpulling manifest [K
pulling 667b0c1932bc:  26% 笆補毎笆遺毎笆・             笆・1.3 GB/4.9 GB  7.3 MB/s   8m17s[K[A[1Gpulling manifest [K
pulling 667b0c1932bc:  26% 笆補毎笆遺毎笆・             笆・1.3 GB/4.9 GB  7.3 MB/s   8m17s[K[A[1Gpulling manifest [K
pulling 667b0c1932bc:  26% 笆補毎笆遺毎笆・             笆・1.3 GB/4.9 GB  7.3 MB/s   8m17s[K[A[1Gpulling manifest [K
pulling 667b0c1932bc:  26% 笆補毎笆遺毎笆・             笆・1.3 GB/4.9 GB  7.3 MB/s   8m17s[K[A[1Gpulling manifest [K
pulling 667b0c1932bc:  26% 笆補毎笆遺毎笆・             笆・1.3 GB/4.9 GB  7.2 MB/s   8m23s[K[A[1Gpulling manifest [K
pulling 667b0c1932bc:  26% 笆補毎笆遺毎笆・             笆・1.3 GB/4.9 GB  7.2 MB/s   8m23s[K[A[1Gpulling manifest [K
pulling 667b0c1932bc:  26% 笆補毎笆遺毎笆・             笆・1.3 GB/4.9 GB  7.2 MB/s   8m23s[K[A[1Gpulling manifest [K
pulling 667b0c1932bc:  26% 笆補毎笆遺毎笆・             笆・1.3 GB/4.9 GB  7.2 MB/s   8m23s[K[A[1Gpulling manifest [K
pulling 667b0c1932bc:  26% 笆補毎笆遺毎笆・             笆・1.3 GB/4.9 GB  7.2 MB/s   8m23s[K[A[1Gpulling manifest [K
pulling 667b0c1932bc:  26% 笆補毎笆遺毎笆・             笆・1.3 GB/4.9 GB  7.2 MB/s   8m23s[K[A[1Gpulling manifest [K
pulling 667b0c1932bc:  26% 笆補毎笆遺毎笆・             笆・1.3 GB/4.9 GB  7.2 MB/s   8m23s[K[A[1Gpulling manifest [K
pulling 667b0c1932bc:  26% 笆補毎笆遺毎笆・             笆・1.3 GB/4.9 GB  7.2 MB/s   8m23s[K[A[1Gpulling manifest [K
pulling 667b0c1932bc:  26% 笆補毎笆遺毎笆・             笆・1.3 GB/4.9 GB  7.2 MB/s   8m23s[K[A[1Gpulling manifest [K
pulling 667b0c1932bc:  26% 笆補毎笆遺毎笆・             笆・1.3 GB/4.9 GB  7.2 MB/s   8m22s[K[A[1Gpulling manifest [K
pulling 667b0c1932bc:  26% 笆補毎笆遺毎笆・             笆・1.3 GB/4.9 GB  7.2 MB/s   8m28s[K[A[1Gpulling manifest [K
pulling 667b0c1932bc:  26% 笆補毎笆遺毎笆・             笆・1.3 GB/4.9 GB  7.2 MB/s   8m27s[K[A[1Gpulling manifest [K
pulling 667b0c1932bc:  26% 笆補毎笆遺毎笆・             笆・1.3 GB/4.9 GB  7.2 MB/s   8m27s[K[A[1Gpulling manifest [K
pulling 667b0c1932bc:  26% 笆補毎笆遺毎笆・             笆・1.3 GB/4.9 GB  7.2 MB/s   8m27s[K[A[1Gpulling manifest [K
pulling 667b0c1932bc:  26% 笆補毎笆遺毎笆・             笆・1.3 GB/4.9 GB  7.2 MB/s   8m27s[K[A[1Gpulling manifest [K
pulling 667b0c1932bc:  26% 笆補毎笆遺毎笆・             笆・1.3 GB/4.9 GB  7.2 MB/s   8m27s[K[A[1Gpulling manifest [K
pulling 667b0c1932bc:  26% 笆補毎笆遺毎笆・             笆・1.3 GB/4.9 GB  7.2 MB/s   8m27s[K[A[1Gpulling manifest [K
pulling 667b0c1932bc:  26% 笆補毎笆遺毎笆・             笆・1.3 GB/4.9 GB  7.2 MB/s   8m27s[K[A[1Gpulling manifest [K
pulling 667b0c1932bc:  26% 笆補毎笆遺毎笆・             笆・1.3 GB/4.9 GB  7.2 MB/s   8m27s[K[A[1Gpulling manifest [K
pulling 667b0c1932bc:  26% 笆補毎笆遺毎笆・             笆・1.3 GB/4.9 GB  7.2 MB/s   8m26s[K[A[1Gpulling manifest [K
pulling 667b0c1932bc:  26% 笆補毎笆遺毎笆・             笆・1.3 GB/4.9 GB  7.3 MB/s   8m15s[K[A[1Gpulling manifest [K
pulling 667b0c1932bc:  26% 笆補毎笆遺毎笆・             笆・1.3 GB/4.9 GB  7.3 MB/s   8m15s[K[A[1Gpulling manifest [K
pulling 667b0c1932bc:  26% 笆補毎笆遺毎笆・             笆・1.3 GB/4.9 GB  7.3 MB/s   8m15s[K[A[1Gpulling manifest [K
pulling 667b0c1932bc:  26% 笆補毎笆遺毎笆・             笆・1.3 GB/4.9 GB  7.3 MB/s   8m15s[K[A[1Gpulling manifest [K
pulling 667b0c1932bc:  26% 笆補毎笆遺毎笆・             笆・1.3 GB/4.9 GB  7.3 MB/s   8m15s[K[A[1Gpulling manifest [K
pulling 667b0c1932bc:  26% 笆補毎笆遺毎笆・             笆・1.3 GB/4.9 GB  7.3 MB/s   8m15s[K[A[1Gpulling manifest [K
pulling 667b0c1932bc:  26% 笆補毎笆遺毎笆・             笆・1.3 GB/4.9 GB  7.3 MB/s   8m15s[K[A[1Gpulling manifest [K
pulling 667b0c1932bc:  26% 笆補毎笆遺毎笆・             笆・1.3 GB/4.9 GB  7.3 MB/s   8m15s[K[A[1Gpulling manifest [K
pulling 667b0c1932bc:  26% 笆補毎笆遺毎笆・             笆・1.3 GB/4.9 GB  7.3 MB/s   8m15s[K[A[1Gpulling manifest [K
pulling 667b0c1932bc:  26% 笆補毎笆遺毎笆・             笆・1.3 GB/4.9 GB  7.3 MB/s   8m15s[K[A[1Gpulling manifest [K
pulling 667b0c1932bc:  26% 笆補毎笆遺毎笆・             笆・1.3 GB/4.9 GB  7.3 MB/s   8m16s[K[A[1Gpulling manifest [K
pulling 667b0c1932bc:  26% 笆補毎笆遺毎笆・             笆・1.3 GB/4.9 GB  7.3 MB/s   8m16s[K[A[1Gpulling manifest [K
pulling 667b0c1932bc:  26% 笆補毎笆遺毎笆・             笆・1.3 GB/4.9 GB  7.3 MB/s   8m16s[K[A[1Gpulling manifest [K
pulling 667b0c1932bc:  26% 笆補毎笆遺毎笆・             笆・1.3 GB/4.9 GB  7.3 MB/s   8m16s[K[A[1Gpulling manifest [K
pulling 667b0c1932bc:  26% 笆補毎笆遺毎笆・             笆・1.3 GB/4.9 GB  7.3 MB/s   8m15s[K[A[1Gpulling manifest [K
pulling 667b0c1932bc:  26% 笆補毎笆遺毎笆・             笆・1.3 GB/4.9 GB  7.3 MB/s   8m15s[K[A[1Gpulling manifest [K
pulling 667b0c1932bc:  26% 笆補毎笆遺毎笆・             笆・1.3 GB/4.9 GB  7.3 MB/s   8m15s[K[A[1Gpulling manifest [K
pulling 667b0c1932bc:  26% 笆補毎笆遺毎笆・             笆・1.3 GB/4.9 GB  7.3 MB/s   8m15s[K[A[1Gpulling manifest [K
pulling 667b0c1932bc:  26% 笆補毎笆遺毎笆・             笆・1.3 GB/4.9 GB  7.3 MB/s   8m15s[K[A[1Gpulling manifest [K
pulling 667b0c1932bc:  26% 笆補毎笆遺毎笆・             笆・1.3 GB/4.9 GB  7.3 MB/s   8m15s[K[A[1Gpulling manifest [K
pulling 667b0c1932bc:  26% 笆補毎笆遺毎笆・             笆・1.3 GB/4.9 GB  7.3 MB/s   8m15s[K[A[1Gpulling manifest [K
pulling 667b0c1932bc:  26% 笆補毎笆遺毎笆・             笆・1.3 GB/4.9 GB  7.3 MB/s   8m15s[K[A[1Gpulling manifest [K
pulling 667b0c1932bc:  26% 笆補毎笆遺毎笆・             笆・1.3 GB/4.9 GB  7.3 MB/s   8m15s[K[A[1Gpulling manifest [K
pulling 667b0c1932bc:  26% 笆補毎笆遺毎笆・             笆・1.3 GB/4.9 GB  7.3 MB/s   8m15s[K[A[1Gpulling manifest [K
pulling 667b0c1932bc:  26% 笆補毎笆遺毎笆・             笆・1.3 GB/4.9 GB  7.3 MB/s   8m15s[K[A[1Gpulling manifest [K
pulling 667b0c1932bc:  26% 笆補毎笆遺毎笆・             笆・1.3 GB/4.9 GB  7.3 MB/s   8m14s[K[A[1Gpulling manifest [K
pulling 667b0c1932bc:  26% 笆補毎笆遺毎笆・             笆・1.3 GB/4.9 GB  7.3 MB/s   8m14s[K[A[1Gpulling manifest [K
pulling 667b0c1932bc:  26% 笆補毎笆遺毎笆・             笆・1.3 GB/4.9 GB  7.3 MB/s   8m14s[K[A[1Gpulling manifest [K
pulling 667b0c1932bc:  27% 笆補毎笆遺毎笆・             笆・1.3 GB/4.9 GB  7.3 MB/s   8m14s[K[A[1Gpulling manifest [K
pulling 667b0c1932bc:  27% 笆補毎笆遺毎笆・             笆・1.3 GB/4.9 GB  7.3 MB/s   8m14s[K[A[1Gpulling manifest [K
pulling 667b0c1932bc:  27% 笆補毎笆遺毎笆・             笆・1.3 GB/4.9 GB  7.3 MB/s   8m14s[K[A[1Gpulling manifest [K
pulling 667b0c1932bc:  27% 笆補毎笆遺毎笆・             笆・1.3 GB/4.9 GB  7.2 MB/s   8m19s[K[A[1Gpulling manifest [K
pulling 667b0c1932bc:  27% 笆補毎笆遺毎笆・             笆・1.3 GB/4.9 GB  7.2 MB/s   8m19s[K[A[1Gpulling manifest [K
pulling 667b0c1932bc:  27% 笆補毎笆遺毎笆・             笆・1.3 GB/4.9 GB  7.2 MB/s   8m19s[K[A[1Gpulling manifest [K
pulling 667b0c1932bc:  27% 笆補毎笆遺毎笆・             笆・1.3 GB/4.9 GB  7.2 MB/s   8m19s[K[A[1Gpulling manifest [K
pulling 667b0c1932bc:  27% 笆補毎笆遺毎笆・             笆・1.3 GB/4.9 GB  7.2 MB/s   8m19s[K[A[1Gpulling manifest [K
pulling 667b0c1932bc:  27% 笆補毎笆遺毎笆・             笆・1.3 GB/4.9 GB  7.2 MB/s   8m19s[K[A[1Gpulling manifest [K
pulling 667b0c1932bc:  27% 笆補毎笆遺毎笆・             笆・1.3 GB/4.9 GB  7.2 MB/s   8m19s[K[A[1Gpulling manifest [K
pulling 667b0c1932bc:  27% 笆補毎笆遺毎笆・             笆・1.3 GB/4.9 GB  7.2 MB/s   8m19s[K[A[1Gpulling manifest [K
pulling 667b0c1932bc:  27% 笆補毎笆遺毎笆・             笆・1.3 GB/4.9 GB  7.2 MB/s   8m19s[K[A[1Gpulling manifest [K
pulling 667b0c1932bc:  27% 笆補毎笆遺毎笆・             笆・1.3 GB/4.9 GB  7.2 MB/s   8m19s[K[A[1Gpulling manifest [K
pulling 667b0c1932bc:  27% 笆補毎笆遺毎笆・             笆・1.3 GB/4.9 GB  7.1 MB/s   8m30s[K[A[1Gpulling manifest [K
pulling 667b0c1932bc:  27% 笆補毎笆遺毎笆・             笆・1.3 GB/4.9 GB  7.1 MB/s   8m30s[K[A[1Gpulling manifest [K
pulling 667b0c1932bc:  27% 笆補毎笆遺毎笆・             笆・1.3 GB/4.9 GB  7.1 MB/s   8m30s[K[A[1Gpulling manifest [K
pulling 667b0c1932bc:  27% 笆補毎笆遺毎笆・             笆・1.3 GB/4.9 GB  7.1 MB/s   8m30s[K[A[1Gpulling manifest [K
pulling 667b0c1932bc:  27% 笆補毎笆遺毎笆・             笆・1.3 GB/4.9 GB  7.1 MB/s   8m30s[K[A[1Gpulling manifest [K
pulling 667b0c1932bc:  27% 笆補毎笆遺毎笆・             笆・1.3 GB/4.9 GB  7.1 MB/s   8m29s[K[A[1Gpulling manifest [K
pulling 667b0c1932bc:  27% 笆補毎笆遺毎笆・             笆・1.3 GB/4.9 GB  7.1 MB/s   8m29s[K[A[1Gpulling manifest [K
pulling 667b0c1932bc:  27% 笆補毎笆遺毎笆・             笆・1.3 GB/4.9 GB  7.1 MB/s   8m29s[K[A[1Gpulling manifest [K
pulling 667b0c1932bc:  27% 笆補毎笆遺毎笆・             笆・1.3 GB/4.9 GB  7.1 MB/s   8m29s[K[A[1Gpulling manifest [K
pulling 667b0c1932bc:  27% 笆補毎笆遺毎笆・             笆・1.3 GB/4.9 GB  7.1 MB/s   8m29s[K[A[1Gpulling manifest [K
pulling 667b0c1932bc:  27% 笆補毎笆遺毎笆・             笆・1.3 GB/4.9 GB  7.1 MB/s   8m27s[K[A[1Gpulling manifest [K
pulling 667b0c1932bc:  27% 笆補毎笆遺毎笆・             笆・1.3 GB/4.9 GB  7.1 MB/s   8m26s[K[A[1Gpulling manifest [K
pulling 667b0c1932bc:  27% 笆補毎笆遺毎笆・             笆・1.3 GB/4.9 GB  7.1 MB/s   8m26s[K[A[1Gpulling manifest [K
pulling 667b0c1932bc:  27% 笆補毎笆遺毎笆・             笆・1.3 GB/4.9 GB  7.1 MB/s   8m26s[K[A[1Gpulling manifest [K
pulling 667b0c1932bc:  27% 笆補毎笆遺毎笆・             笆・1.3 GB/4.9 GB  7.1 MB/s   8m26s[K[A[1Gpulling manifest [K
pulling 667b0c1932bc:  27% 笆補毎笆遺毎笆・             笆・1.3 GB/4.9 GB  7.1 MB/s   8m26s[K[A[1Gpulling manifest [K
pulling 667b0c1932bc:  27% 笆補毎笆遺毎笆・             笆・1.3 GB/4.9 GB  7.1 MB/s   8m26s[K[A[1Gpulling manifest [K
pulling 667b0c1932bc:  27% 笆補毎笆遺毎笆・             笆・1.3 GB/4.9 GB  7.1 MB/s   8m26s[K[A[1Gpulling manifest [K
pulling 667b0c1932bc:  27% 笆補毎笆遺毎笆・             笆・1.3 GB/4.9 GB  7.1 MB/s   8m26s[K[A[1Gpulling manifest [K
pulling 667b0c1932bc:  27% 笆補毎笆遺毎笆・             笆・1.3 GB/4.9 GB  7.1 MB/s   8m25s[K[A[1Gpulling manifest [K
pulling 667b0c1932bc:  27% 笆補毎笆遺毎笆・             笆・1.3 GB/4.9 GB  7.2 MB/s   8m22s[K[A[1Gpulling manifest [K
pulling 667b0c1932bc:  27% 笆補毎笆遺毎笆・             笆・1.3 GB/4.9 GB  7.2 MB/s   8m22s[K[A[1Gpulling manifest [K
pulling 667b0c1932bc:  27% 笆補毎笆遺毎笆・             笆・1.3 GB/4.9 GB  7.2 MB/s   8m22s[K[A[1Gpulling manifest [K
pulling 667b0c1932bc:  27% 笆補毎笆遺毎笆・             笆・1.3 GB/4.9 GB  7.2 MB/s   8m21s[K[A[1Gpulling manifest [K
pulling 667b0c1932bc:  27% 笆補毎笆遺毎笆・             笆・1.3 GB/4.9 GB  7.2 MB/s   8m21s[K[A[1Gpulling manifest [K
pulling 667b0c1932bc:  27% 笆補毎笆遺毎笆・             笆・1.3 GB/4.9 GB  7.2 MB/s   8m21s[K[A[1Gpulling manifest [K
pulling 667b0c1932bc:  27% 笆補毎笆遺毎笆・             笆・1.3 GB/4.9 GB  7.2 MB/s   8m21s[K[A[1Gpulling manifest [K
pulling 667b0c1932bc:  27% 笆補毎笆遺毎笆・             笆・1.3 GB/4.9 GB  7.2 MB/s   8m21s[K[A[1Gpulling manifest [K
pulling 667b0c1932bc:  27% 笆補毎笆遺毎笆・             笆・1.3 GB/4.9 GB  7.2 MB/s   8m21s[K[A[1Gpulling manifest [K
pulling 667b0c1932bc:  27% 笆補毎笆遺毎笆・             笆・1.3 GB/4.9 GB  7.2 MB/s   8m21s[K[A[1Gpulling manifest [K
pulling 667b0c1932bc:  27% 笆補毎笆遺毎笆・             笆・1.3 GB/4.9 GB  7.2 MB/s   8m18s[K[A[1Gpulling manifest [K
pulling 667b0c1932bc:  27% 笆補毎笆遺毎笆・             笆・1.3 GB/4.9 GB  7.2 MB/s   8m18s[K[A[1Gpulling manifest [K
pulling 667b0c1932bc:  27% 笆補毎笆遺毎笆・             笆・1.3 GB/4.9 GB  7.2 MB/s   8m18s[K[A[1Gpulling manifest [K
pulling 667b0c1932bc:  27% 笆補毎笆遺毎笆・             笆・1.3 GB/4.9 GB  7.2 MB/s   8m18s[K[A[1Gpulling manifest [K
pulling 667b0c1932bc:  27% 笆補毎笆遺毎笆・             笆・1.3 GB/4.9 GB  7.2 MB/s   8m18s[K[A[1Gpulling manifest [K
pulling 667b0c1932bc:  27% 笆補毎笆遺毎笆・             笆・1.3 GB/4.9 GB  7.2 MB/s   8m17s[K[A[1Gpulling manifest [K
pulling 667b0c1932bc:  27% 笆補毎笆遺毎笆・             笆・1.3 GB/4.9 GB  7.2 MB/s   8m17s[K[A[1Gpulling manifest [K
pulling 667b0c1932bc:  27% 笆補毎笆遺毎笆・             笆・1.3 GB/4.9 GB  7.2 MB/s   8m17s[K[A[1Gpulling manifest [K
pulling 667b0c1932bc:  27% 笆補毎笆遺毎笆・             笆・1.3 GB/4.9 GB  7.2 MB/s   8m17s[K[A[1Gpulling manifest [K
pulling 667b0c1932bc:  27% 笆補毎笆遺毎笆・             笆・1.3 GB/4.9 GB  7.2 MB/s   8m17s[K[A[1Gpulling manifest [K
pulling 667b0c1932bc:  27% 笆補毎笆遺毎笆・             笆・1.3 GB/4.9 GB  7.2 MB/s   8m17s[K[A[1Gpulling manifest [K
pulling 667b0c1932bc:  27% 笆補毎笆遺毎笆・             笆・1.3 GB/4.9 GB  7.5 MB/s   7m56s[K[A[1Gpulling manifest [K
pulling 667b0c1932bc:  27% 笆補毎笆遺毎笆・             笆・1.3 GB/4.9 GB  7.5 MB/s   7m56s[K[A[1Gpulling manifest [K
pulling 667b0c1932bc:  27% 笆補毎笆遺毎笆・             笆・1.3 GB/4.9 GB  7.5 MB/s   7m55s[K[A[1Gpulling manifest [K
pulling 667b0c1932bc:  27% 笆補毎笆遺毎笆・             笆・1.3 GB/4.9 GB  7.5 MB/s   7m55s[K[A[1Gpulling manifest [K
pulling 667b0c1932bc:  27% 笆補毎笆遺毎笆・             笆・1.3 GB/4.9 GB  7.5 MB/s   7m55s[K[A[1Gpulling manifest [K
pulling 667b0c1932bc:  27% 笆補毎笆遺毎笆・             笆・1.3 GB/4.9 GB  7.5 MB/s   7m55s[K[A[1Gpulling manifest [K
pulling 667b0c1932bc:  27% 笆補毎笆遺毎笆・             笆・1.4 GB/4.9 GB  7.5 MB/s   7m55s[K[A[1Gpulling manifest [K
pulling 667b0c1932bc:  27% 笆補毎笆遺毎笆・             笆・1.4 GB/4.9 GB  7.5 MB/s   7m55s[K[A[1Gpulling manifest [K
pulling 667b0c1932bc:  27% 笆補毎笆遺毎笆・             笆・1.4 GB/4.9 GB  7.5 MB/s   7m55s[K[A[1Gpulling manifest [K
pulling 667b0c1932bc:  27% 笆補毎笆遺毎笆・             笆・1.4 GB/4.9 GB  7.5 MB/s   7m55s[K[A[1Gpulling manifest [K
pulling 667b0c1932bc:  28% 笆補毎笆遺毎笆・             笆・1.4 GB/4.9 GB  7.5 MB/s   7m54s[K[A[1Gpulling manifest [K
pulling 667b0c1932bc:  28% 笆補毎笆遺毎笆・             笆・1.4 GB/4.9 GB  7.5 MB/s   7m54s[K[A[1Gpulling manifest [K
pulling 667b0c1932bc:  28% 笆補毎笆遺毎笆・             笆・1.4 GB/4.9 GB  7.5 MB/s   7m54s[K[A[1Gpulling manifest [K
pulling 667b0c1932bc:  28% 笆補毎笆遺毎笆・             笆・1.4 GB/4.9 GB  7.5 MB/s   7m54s[K[A[1Gpulling manifest [K
pulling 667b0c1932bc:  28% 笆補毎笆遺毎笆・             笆・1.4 GB/4.9 GB  7.5 MB/s   7m54s[K[A[1Gpulling manifest [K
pulling 667b0c1932bc:  28% 笆補毎笆遺毎笆・             笆・1.4 GB/4.9 GB  7.5 MB/s   7m53s[K[A[1Gpulling manifest [K
pulling 667b0c1932bc:  28% 笆補毎笆遺毎笆・             笆・1.4 GB/4.9 GB  7.5 MB/s   7m53s[K[A[1Gpulling manifest [K
pulling 667b0c1932bc:  28% 笆補毎笆遺毎笆・             笆・1.4 GB/4.9 GB  7.5 MB/s   7m53s[K[A[1Gpulling manifest [K
pulling 667b0c1932bc:  28% 笆補毎笆遺毎笆・             笆・1.4 GB/4.9 GB  7.5 MB/s   7m53s[K[A[1Gpulling manifest [K
pulling 667b0c1932bc:  28% 笆補毎笆遺毎笆・             笆・1.4 GB/4.9 GB  7.5 MB/s   7m53s[K[A[1Gpulling manifest [K
pulling 667b0c1932bc:  28% 笆補毎笆遺毎笆・             笆・1.4 GB/4.9 GB  7.6 MB/s   7m50s[K[A[1Gpulling manifest [K
pulling 667b0c1932bc:  28% 笆補毎笆遺毎笆・             笆・1.4 GB/4.9 GB  7.6 MB/s   7m50s[K[A[1Gpulling manifest [K
pulling 667b0c1932bc:  28% 笆補毎笆遺毎笆・             笆・1.4 GB/4.9 GB  7.6 MB/s   7m49s[K[A[1Gpulling manifest [K
pulling 667b0c1932bc:  28% 笆補毎笆遺毎笆・             笆・1.4 GB/4.9 GB  7.6 MB/s   7m49s[K[A[1Gpulling manifest [K
pulling 667b0c1932bc:  28% 笆補毎笆遺毎笆・             笆・1.4 GB/4.9 GB  7.6 MB/s   7m49s[K[A[1Gpulling manifest [K
pulling 667b0c1932bc:  28% 笆補毎笆遺毎笆・             笆・1.4 GB/4.9 GB  7.6 MB/s   7m49s[K[A[1Gpulling manifest [K
pulling 667b0c1932bc:  28% 笆補毎笆遺毎笆・             笆・1.4 GB/4.9 GB  7.6 MB/s   7m49s[K[A[1Gpulling manifest [K
pulling 667b0c1932bc:  28% 笆補毎笆遺毎笆遺毎             笆・1.4 GB/4.9 GB  7.6 MB/s   7m49s[K[A[1Gpulling manifest [K
pulling 667b0c1932bc:  28% 笆補毎笆遺毎笆遺毎             笆・1.4 GB/4.9 GB  7.6 MB/s   7m49s[K[A[1Gpulling manifest [K
pulling 667b0c1932bc:  28% 笆補毎笆遺毎笆遺毎             笆・1.4 GB/4.9 GB  7.6 MB/s   7m49s[K[A[1Gpulling manifest [K
pulling 667b0c1932bc:  28% 笆補毎笆遺毎笆遺毎             笆・1.4 GB/4.9 GB  7.7 MB/s   7m39s[K[A[1Gpulling manifest [K
pulling 667b0c1932bc:  28% 笆補毎笆遺毎笆遺毎             笆・1.4 GB/4.9 GB  7.7 MB/s   7m39s[K[A[1Gpulling manifest [K
pulling 667b0c1932bc:  28% 笆補毎笆遺毎笆遺毎             笆・1.4 GB/4.9 GB  7.7 MB/s   7m39s[K[A[1Gpulling manifest [K
pulling 667b0c1932bc:  28% 笆補毎笆遺毎笆遺毎             笆・1.4 GB/4.9 GB  7.7 MB/s   7m39s[K[A[1Gpulling manifest [K
pulling 667b0c1932bc:  28% 笆補毎笆遺毎笆遺毎             笆・1.4 GB/4.9 GB  7.7 MB/s   7m39s[K[A[1Gpulling manifest [K
pulling 667b0c1932bc:  28% 笆補毎笆遺毎笆遺毎             笆・1.4 GB/4.9 GB  7.7 MB/s   7m39s[K[A[1Gpulling manifest [K
pulling 667b0c1932bc:  28% 笆補毎笆遺毎笆遺毎             笆・1.4 GB/4.9 GB  7.7 MB/s   7m39s[K[A[1Gpulling manifest [K
pulling 667b0c1932bc:  28% 笆補毎笆遺毎笆遺毎             笆・1.4 GB/4.9 GB  7.7 MB/s   7m38s[K[A[1Gpulling manifest [K
pulling 667b0c1932bc:  28% 笆補毎笆遺毎笆遺毎             笆・1.4 GB/4.9 GB  7.7 MB/s   7m38s[K[A[1Gpulling manifest [K
pulling 667b0c1932bc:  28% 笆補毎笆遺毎笆遺毎             笆・1.4 GB/4.9 GB  7.7 MB/s   7m38s[K[A[1Gpulling manifest [K
pulling 667b0c1932bc:  28% 笆補毎笆遺毎笆遺毎             笆・1.4 GB/4.9 GB  7.8 MB/s   7m36s[K[A[1Gpulling manifest [K
pulling 667b0c1932bc:  28% 笆補毎笆遺毎笆遺毎             笆・1.4 GB/4.9 GB  7.8 MB/s   7m36s[K[A[1Gpulling manifest [K
pulling 667b0c1932bc:  28% 笆補毎笆遺毎笆遺毎             笆・1.4 GB/4.9 GB  7.8 MB/s   7m36s[K[A[1Gpulling manifest [K
pulling 667b0c1932bc:  28% 笆補毎笆遺毎笆遺毎             笆・1.4 GB/4.9 GB  7.8 MB/s   7m36s[K[A[1Gpulling manifest [K
pulling 667b0c1932bc:  28% 笆補毎笆遺毎笆遺毎             笆・1.4 GB/4.9 GB  7.8 MB/s   7m36s[K[A[1Gpulling manifest [K
pulling 667b0c1932bc:  28% 笆補毎笆遺毎笆遺毎             笆・1.4 GB/4.9 GB  7.8 MB/s   7m36s[K[A[1Gpulling manifest [K
pulling 667b0c1932bc:  28% 笆補毎笆遺毎笆遺毎             笆・1.4 GB/4.9 GB  7.8 MB/s   7m36s[K[A[1Gpulling manifest [K
pulling 667b0c1932bc:  28% 笆補毎笆遺毎笆遺毎             笆・1.4 GB/4.9 GB  7.8 MB/s   7m36s[K[A[1Gpulling manifest [K
pulling 667b0c1932bc:  28% 笆補毎笆遺毎笆遺毎             笆・1.4 GB/4.9 GB  7.8 MB/s   7m36s[K[A[1Gpulling manifest [K
pulling 667b0c1932bc:  28% 笆補毎笆遺毎笆遺毎             笆・1.4 GB/4.9 GB  7.8 MB/s   7m35s[K[A[1Gpulling manifest [K
pulling 667b0c1932bc:  28% 笆補毎笆遺毎笆遺毎             笆・1.4 GB/4.9 GB  7.8 MB/s   7m35s[K[A[1Gpulling manifest [K
pulling 667b0c1932bc:  28% 笆補毎笆遺毎笆遺毎             笆・1.4 GB/4.9 GB  7.9 MB/s   7m25s[K[A[1Gpulling manifest [K
pulling 667b0c1932bc:  28% 笆補毎笆遺毎笆遺毎             笆・1.4 GB/4.9 GB  7.9 MB/s   7m25s[K[A[1Gpulling manifest [K
pulling 667b0c1932bc:  28% 笆補毎笆遺毎笆遺毎             笆・1.4 GB/4.9 GB  7.9 MB/s   7m25s[K[A[1Gpulling manifest [K
pulling 667b0c1932bc:  28% 笆補毎笆遺毎笆遺毎             笆・1.4 GB/4.9 GB  7.9 MB/s   7m25s[K[A[1Gpulling manifest [K
pulling 667b0c1932bc:  28% 笆補毎笆遺毎笆遺毎             笆・1.4 GB/4.9 GB  7.9 MB/s   7m25s[K[A[1Gpulling manifest [K
pulling 667b0c1932bc:  28% 笆補毎笆遺毎笆遺毎             笆・1.4 GB/4.9 GB  7.9 MB/s   7m25s[K[A[1Gpulling manifest [K
pulling 667b0c1932bc:  28% 笆補毎笆遺毎笆遺毎             笆・1.4 GB/4.9 GB  7.9 MB/s   7m24s[K[A[1Gpulling manifest [K
pulling 667b0c1932bc:  28% 笆補毎笆遺毎笆遺毎             笆・1.4 GB/4.9 GB  7.9 MB/s   7m24s[K[A[1Gpulling manifest [K
pulling 667b0c1932bc:  28% 笆補毎笆遺毎笆遺毎             笆・1.4 GB/4.9 GB  7.9 MB/s   7m24s[K[A[1Gpulling manifest [K
pulling 667b0c1932bc:  28% 笆補毎笆遺毎笆遺毎             笆・1.4 GB/4.9 GB  7.9 MB/s   7m24s[K[A[1Gpulling manifest [K
pulling 667b0c1932bc:  28% 笆補毎笆遺毎笆遺毎             笆・1.4 GB/4.9 GB  8.0 MB/s   7m23s[K[A[1Gpulling manifest [K
pulling 667b0c1932bc:  28% 笆補毎笆遺毎笆遺毎             笆・1.4 GB/4.9 GB  8.0 MB/s   7m23s[K[A[1Gpulling manifest [K
pulling 667b0c1932bc:  28% 笆補毎笆遺毎笆遺毎             笆・1.4 GB/4.9 GB  8.0 MB/s   7m23s[K[A[1Gpulling manifest [K
pulling 667b0c1932bc:  28% 笆補毎笆遺毎笆遺毎             笆・1.4 GB/4.9 GB  8.0 MB/s   7m22s[K[A[1Gpulling manifest [K
pulling 667b0c1932bc:  28% 笆補毎笆遺毎笆遺毎             笆・1.4 GB/4.9 GB  8.0 MB/s   7m22s[K[A[1Gpulling manifest [K
pulling 667b0c1932bc:  28% 笆補毎笆遺毎笆遺毎             笆・1.4 GB/4.9 GB  8.0 MB/s   7m22s[K[A[1Gpulling manifest [K
pulling 667b0c1932bc:  28% 笆補毎笆遺毎笆遺毎             笆・1.4 GB/4.9 GB  8.0 MB/s   7m22s[K[A[1Gpulling manifest [K
pulling 667b0c1932bc:  28% 笆補毎笆遺毎笆遺毎             笆・1.4 GB/4.9 GB  8.0 MB/s   7m22s[K[A[1Gpulling manifest [K
pulling 667b0c1932bc:  28% 笆補毎笆遺毎笆遺毎             笆・1.4 GB/4.9 GB  8.0 MB/s   7m22s[K[A[1Gpulling manifest [K
pulling 667b0c1932bc:  28% 笆補毎笆遺毎笆遺毎             笆・1.4 GB/4.9 GB  8.0 MB/s   7m22s[K[A[1Gpulling manifest [K
pulling 667b0c1932bc:  28% 笆補毎笆遺毎笆遺毎             笆・1.4 GB/4.9 GB  7.7 MB/s   7m36s[K[A[1Gpulling manifest [K
pulling 667b0c1932bc:  28% 笆補毎笆遺毎笆遺毎             笆・1.4 GB/4.9 GB  7.7 MB/s   7m35s[K[A[1Gpulling manifest [K
pulling 667b0c1932bc:  28% 笆補毎笆遺毎笆遺毎             笆・1.4 GB/4.9 GB  7.7 MB/s   7m35s[K[A[1Gpulling manifest [K
pulling 667b0c1932bc:  28% 笆補毎笆遺毎笆遺毎             笆・1.4 GB/4.9 GB  7.7 MB/s   7m35s[K[A[1Gpulling manifest [K
pulling 667b0c1932bc:  29% 笆補毎笆遺毎笆遺毎             笆・1.4 GB/4.9 GB  7.7 MB/s   7m35s[K[A[1Gpulling manifest [K
pulling 667b0c1932bc:  29% 笆補毎笆遺毎笆遺毎             笆・1.4 GB/4.9 GB  7.7 MB/s   7m35s[K[A[1Gpulling manifest [K
pulling 667b0c1932bc:  29% 笆補毎笆遺毎笆遺毎             笆・1.4 GB/4.9 GB  7.7 MB/s   7m35s[K[A[1Gpulling manifest [K
pulling 667b0c1932bc:  29% 笆補毎笆遺毎笆遺毎             笆・1.4 GB/4.9 GB  7.7 MB/s   7m35s[K[A[1Gpulling manifest [K
pulling 667b0c1932bc:  29% 笆補毎笆遺毎笆遺毎             笆・1.4 GB/4.9 GB  7.7 MB/s   7m35s[K[A[1Gpulling manifest [K
pulling 667b0c1932bc:  29% 笆補毎笆遺毎笆遺毎             笆・1.4 GB/4.9 GB  7.7 MB/s   7m35s[K[A[1Gpulling manifest [K
pulling 667b0c1932bc:  29% 笆補毎笆遺毎笆遺毎             笆・1.4 GB/4.9 GB  7.9 MB/s   7m24s[K[A[1Gpulling manifest [K
pulling 667b0c1932bc:  29% 笆補毎笆遺毎笆遺毎             笆・1.4 GB/4.9 GB  7.9 MB/s   7m24s[K[A[1Gpulling manifest [K
pulling 667b0c1932bc:  29% 笆補毎笆遺毎笆遺毎             笆・1.4 GB/4.9 GB  7.9 MB/s   7m24s[K[A[1Gpulling manifest [K
pulling 667b0c1932bc:  29% 笆補毎笆遺毎笆遺毎             笆・1.4 GB/4.9 GB  7.9 MB/s   7m24s[K[A[1Gpulling manifest [K
pulling 667b0c1932bc:  29% 笆補毎笆遺毎笆遺毎             笆・1.4 GB/4.9 GB  7.9 MB/s   7m24s[K[A[1Gpulling manifest [K
pulling 667b0c1932bc:  29% 笆補毎笆遺毎笆遺毎             笆・1.4 GB/4.9 GB  7.9 MB/s   7m24s[K[A[1Gpulling manifest [K
pulling 667b0c1932bc:  29% 笆補毎笆遺毎笆遺毎             笆・1.4 GB/4.9 GB  7.9 MB/s   7m24s[K[A[1Gpulling manifest [K
pulling 667b0c1932bc:  29% 笆補毎笆遺毎笆遺毎             笆・1.4 GB/4.9 GB  7.9 MB/s   7m24s[K[A[1Gpulling manifest [K
pulling 667b0c1932bc:  29% 笆補毎笆遺毎笆遺毎             笆・1.4 GB/4.9 GB  7.9 MB/s   7m24s[K[A[1Gpulling manifest [K
pulling 667b0c1932bc:  29% 笆補毎笆遺毎笆遺毎             笆・1.4 GB/4.9 GB  7.9 MB/s   7m23s[K[A[1Gpulling manifest [K
pulling 667b0c1932bc:  29% 笆補毎笆遺毎笆遺毎             笆・1.4 GB/4.9 GB  7.6 MB/s   7m44s[K[A[1Gpulling manifest [K
pulling 667b0c1932bc:  29% 笆補毎笆遺毎笆遺毎             笆・1.4 GB/4.9 GB  7.6 MB/s   7m44s[K[A[1Gpulling manifest [K
pulling 667b0c1932bc:  29% 笆補毎笆遺毎笆遺毎             笆・1.4 GB/4.9 GB  7.6 MB/s   7m44s[K[A[1Gpulling manifest [K
pulling 667b0c1932bc:  29% 笆補毎笆遺毎笆遺毎             笆・1.4 GB/4.9 GB  7.6 MB/s   7m44s[K[A[1Gpulling manifest [K
pulling 667b0c1932bc:  29% 笆補毎笆遺毎笆遺毎             笆・1.4 GB/4.9 GB  7.6 MB/s   7m44s[K[A[1Gpulling manifest [K
pulling 667b0c1932bc:  29% 笆補毎笆遺毎笆遺毎             笆・1.4 GB/4.9 GB  7.6 MB/s   7m43s[K[A[1Gpulling manifest [K
pulling 667b0c1932bc:  29% 笆補毎笆遺毎笆遺毎             笆・1.4 GB/4.9 GB  7.6 MB/s   7m43s[K[A[1Gpulling manifest [K
pulling 667b0c1932bc:  29% 笆補毎笆遺毎笆遺毎             笆・1.4 GB/4.9 GB  7.6 MB/s   7m43s[K[A[1Gpulling manifest [K
pulling 667b0c1932bc:  29% 笆補毎笆遺毎笆遺毎             笆・1.4 GB/4.9 GB  7.6 MB/s   7m43s[K[A[1Gpulling manifest [K
pulling 667b0c1932bc:  29% 笆補毎笆遺毎笆遺毎             笆・1.4 GB/4.9 GB  7.6 MB/s   7m43s[K[A[1Gpulling manifest [K
pulling 667b0c1932bc:  29% 笆補毎笆遺毎笆遺毎             笆・1.4 GB/4.9 GB  7.6 MB/s   7m43s[K[A[1Gpulling manifest [K
pulling 667b0c1932bc:  29% 笆補毎笆遺毎笆遺毎             笆・1.4 GB/4.9 GB  7.4 MB/s   7m54s[K[A[1Gpulling manifest [K
pulling 667b0c1932bc:  29% 笆補毎笆遺毎笆遺毎             笆・1.4 GB/4.9 GB  7.4 MB/s   7m54s[K[A[1Gpulling manifest [K
pulling 667b0c1932bc:  29% 笆補毎笆遺毎笆遺毎             笆・1.4 GB/4.9 GB  7.4 MB/s   7m53s[K[A[1Gpulling manifest [K
pulling 667b0c1932bc:  29% 笆補毎笆遺毎笆遺毎             笆・1.4 GB/4.9 GB  7.4 MB/s   7m53s[K[A[1Gpulling manifest [K
pulling 667b0c1932bc:  29% 笆補毎笆遺毎笆遺毎             笆・1.4 GB/4.9 GB  7.4 MB/s   7m53s[K[A[1Gpulling manifest [K
pulling 667b0c1932bc:  29% 笆補毎笆遺毎笆遺毎             笆・1.4 GB/4.9 GB  7.4 MB/s   7m53s[K[A[1Gpulling manifest [K
pulling 667b0c1932bc:  29% 笆補毎笆遺毎笆遺毎             笆・1.4 GB/4.9 GB  7.4 MB/s   7m53s[K[A[1Gpulling manifest [K
pulling 667b0c1932bc:  29% 笆補毎笆遺毎笆遺毎             笆・1.4 GB/4.9 GB  7.4 MB/s   7m53s[K[A[1Gpulling manifest [K
pulling 667b0c1932bc:  29% 笆補毎笆遺毎笆遺毎             笆・1.4 GB/4.9 GB  7.4 MB/s   7m53s[K[A[1Gpulling manifest [K
pulling 667b0c1932bc:  29% 笆補毎笆遺毎笆遺毎             笆・1.4 GB/4.9 GB  7.4 MB/s   7m53s[K[A[1Gpulling manifest [K
pulling 667b0c1932bc:  29% 笆補毎笆遺毎笆遺毎             笆・1.4 GB/4.9 GB  7.4 MB/s   7m49s[K[A[1Gpulling manifest [K
pulling 667b0c1932bc:  29% 笆補毎笆遺毎笆遺毎             笆・1.4 GB/4.9 GB  7.4 MB/s   7m49s[K[A[1Gpulling manifest [K
pulling 667b0c1932bc:  29% 笆補毎笆遺毎笆遺毎             笆・1.4 GB/4.9 GB  7.4 MB/s   7m49s[K[A[1Gpulling manifest [K
pulling 667b0c1932bc:  29% 笆補毎笆遺毎笆遺毎             笆・1.4 GB/4.9 GB  7.4 MB/s   7m49s[K[A[1Gpulling manifest [K
pulling 667b0c1932bc:  29% 笆補毎笆遺毎笆遺毎             笆・1.4 GB/4.9 GB  7.4 MB/s   7m49s[K[A[1Gpulling manifest [K
pulling 667b0c1932bc:  29% 笆補毎笆遺毎笆遺毎             笆・1.4 GB/4.9 GB  7.4 MB/s   7m49s[K[A[1Gpulling manifest [K
pulling 667b0c1932bc:  29% 笆補毎笆遺毎笆遺毎             笆・1.4 GB/4.9 GB  7.4 MB/s   7m49s[K[A[1Gpulling manifest [K
pulling 667b0c1932bc:  29% 笆補毎笆遺毎笆遺毎             笆・1.4 GB/4.9 GB  7.4 MB/s   7m49s[K[A[1Gpulling manifest [K
pulling 667b0c1932bc:  29% 笆補毎笆遺毎笆遺毎             笆・1.4 GB/4.9 GB  7.4 MB/s   7m48s[K[A[1Gpulling manifest [K
pulling 667b0c1932bc:  29% 笆補毎笆遺毎笆遺毎             笆・1.4 GB/4.9 GB  7.4 MB/s   7m48s[K[A[1Gpulling manifest [K
pulling 667b0c1932bc:  29% 笆補毎笆遺毎笆遺毎             笆・1.4 GB/4.9 GB  7.4 MB/s   7m51s[K[A[1Gpulling manifest [K
pulling 667b0c1932bc:  29% 笆補毎笆遺毎笆遺毎             笆・1.4 GB/4.9 GB  7.4 MB/s   7m51s[K[A[1Gpulling manifest [K
pulling 667b0c1932bc:  29% 笆補毎笆遺毎笆遺毎             笆・1.4 GB/4.9 GB  7.4 MB/s   7m51s[K[A[1Gpulling manifest [K
pulling 667b0c1932bc:  29% 笆補毎笆遺毎笆遺毎             笆・1.4 GB/4.9 GB  7.4 MB/s   7m51s[K[A[1Gpulling manifest [K
pulling 667b0c1932bc:  29% 笆補毎笆遺毎笆遺毎             笆・1.4 GB/4.9 GB  7.4 MB/s   7m51s[K[A[1Gpulling manifest [K
pulling 667b0c1932bc:  29% 笆補毎笆遺毎笆遺毎             笆・1.4 GB/4.9 GB  7.4 MB/s   7m51s[K[A[1Gpulling manifest [K
pulling 667b0c1932bc:  29% 笆補毎笆遺毎笆遺毎             笆・1.4 GB/4.9 GB  7.4 MB/s   7m51s[K[A[1Gpulling manifest [K
pulling 667b0c1932bc:  29% 笆補毎笆遺毎笆遺毎             笆・1.4 GB/4.9 GB  7.4 MB/s   7m51s[K[A[1Gpulling manifest [K
pulling 667b0c1932bc:  29% 笆補毎笆遺毎笆遺毎             笆・1.4 GB/4.9 GB  7.4 MB/s   7m51s[K[A[1Gpulling manifest [K
pulling 667b0c1932bc:  29% 笆補毎笆遺毎笆遺毎             笆・1.4 GB/4.9 GB  7.4 MB/s   7m50s[K[A[1Gpulling manifest [K
pulling 667b0c1932bc:  29% 笆補毎笆遺毎笆遺毎             笆・1.4 GB/4.9 GB  7.3 MB/s   7m54s[K[A[1Gpulling manifest [K
pulling 667b0c1932bc:  29% 笆補毎笆遺毎笆遺毎             笆・1.4 GB/4.9 GB  7.3 MB/s   7m54s[K[A[1Gpulling manifest [K
pulling 667b0c1932bc:  29% 笆補毎笆遺毎笆遺毎             笆・1.4 GB/4.9 GB  7.3 MB/s   7m54s[K[A[1Gpulling manifest [K
pulling 667b0c1932bc:  29% 笆補毎笆遺毎笆遺毎             笆・1.4 GB/4.9 GB  7.3 MB/s   7m54s[K[A[1Gpulling manifest [K
pulling 667b0c1932bc:  29% 笆補毎笆遺毎笆遺毎             笆・1.4 GB/4.9 GB  7.3 MB/s   7m54s[K[A[1Gpulling manifest [K
pulling 667b0c1932bc:  29% 笆補毎笆遺毎笆遺毎             笆・1.4 GB/4.9 GB  7.3 MB/s   7m54s[K[A[1Gpulling manifest [K
pulling 667b0c1932bc:  29% 笆補毎笆遺毎笆遺毎             笆・1.4 GB/4.9 GB  7.3 MB/s   7m54s[K[A[1Gpulling manifest [K
pulling 667b0c1932bc:  29% 笆補毎笆遺毎笆遺毎             笆・1.4 GB/4.9 GB  7.3 MB/s   7m54s[K[A[1Gpulling manifest [K
pulling 667b0c1932bc:  29% 笆補毎笆遺毎笆遺毎             笆・1.4 GB/4.9 GB  7.3 MB/s   7m54s[K[A[1Gpulling manifest [K
pulling 667b0c1932bc:  29% 笆補毎笆遺毎笆遺毎             笆・1.4 GB/4.9 GB  7.3 MB/s   7m53s[K[A[1Gpulling manifest [K
pulling 667b0c1932bc:  29% 笆補毎笆遺毎笆遺毎             笆・1.5 GB/4.9 GB  7.3 MB/s   7m55s[K[A[1Gpulling manifest [K
pulling 667b0c1932bc:  29% 笆補毎笆遺毎笆遺毎             笆・1.5 GB/4.9 GB  7.3 MB/s   7m55s[K[A[1Gpulling manifest [K
pulling 667b0c1932bc:  29% 笆補毎笆遺毎笆遺毎             笆・1.5 GB/4.9 GB  7.3 MB/s   7m55s[K[A[1Gpulling manifest [K
pulling 667b0c1932bc:  30% 笆補毎笆遺毎笆遺毎             笆・1.5 GB/4.9 GB  7.3 MB/s   7m54s[K[A[1Gpulling manifest [K
pulling 667b0c1932bc:  30% 笆補毎笆遺毎笆遺毎             笆・1.5 GB/4.9 GB  7.3 MB/s   7m54s[K[A[1Gpulling manifest [K
pulling 667b0c1932bc:  30% 笆補毎笆遺毎笆遺毎             笆・1.5 GB/4.9 GB  7.3 MB/s   7m54s[K[A[1Gpulling manifest [K
pulling 667b0c1932bc:  30% 笆補毎笆遺毎笆遺毎             笆・1.5 GB/4.9 GB  7.3 MB/s   7m54s[K[A[1Gpulling manifest [K
pulling 667b0c1932bc:  30% 笆補毎笆遺毎笆遺毎             笆・1.5 GB/4.9 GB  7.3 MB/s   7m54s[K[A[1Gpulling manifest [K
pulling 667b0c1932bc:  30% 笆補毎笆遺毎笆遺毎             笆・1.5 GB/4.9 GB  7.3 MB/s   7m54s[K[A[1Gpulling manifest [K
pulling 667b0c1932bc:  30% 笆補毎笆遺毎笆遺毎             笆・1.5 GB/4.9 GB  7.3 MB/s   7m54s[K[A[1Gpulling manifest [K
pulling 667b0c1932bc:  30% 笆補毎笆遺毎笆遺毎             笆・1.5 GB/4.9 GB  7.3 MB/s   7m54s[K[A[1Gpulling manifest [K
pulling 667b0c1932bc:  30% 笆補毎笆遺毎笆遺毎             笆・1.5 GB/4.9 GB  7.3 MB/s   7m51s[K[A[1Gpulling manifest [K
pulling 667b0c1932bc:  30% 笆補毎笆遺毎笆遺毎             笆・1.5 GB/4.9 GB  7.3 MB/s   7m50s[K[A[1Gpulling manifest [K
pulling 667b0c1932bc:  30% 笆補毎笆遺毎笆遺毎             笆・1.5 GB/4.9 GB  7.3 MB/s   7m50s[K[A[1Gpulling manifest [K
pulling 667b0c1932bc:  30% 笆補毎笆遺毎笆遺毎             笆・1.5 GB/4.9 GB  7.3 MB/s   7m50s[K[A[1Gpulling manifest [K
pulling 667b0c1932bc:  30% 笆補毎笆遺毎笆遺毎             笆・1.5 GB/4.9 GB  7.3 MB/s   7m50s[K[A[1Gpulling manifest [K
pulling 667b0c1932bc:  30% 笆補毎笆遺毎笆遺毎             笆・1.5 GB/4.9 GB  7.3 MB/s   7m50s[K[A[1Gpulling manifest [K
pulling 667b0c1932bc:  30% 笆補毎笆遺毎笆遺毎             笆・1.5 GB/4.9 GB  7.3 MB/s   7m50s[K[A[1Gpulling manifest [K
pulling 667b0c1932bc:  30% 笆補毎笆遺毎笆遺毎             笆・1.5 GB/4.9 GB  7.3 MB/s   7m50s[K[A[1Gpulling manifest [K
pulling 667b0c1932bc:  30% 笆補毎笆遺毎笆遺毎             笆・1.5 GB/4.9 GB  7.3 MB/s   7m50s[K[A[1Gpulling manifest [K
pulling 667b0c1932bc:  30% 笆補毎笆遺毎笆遺毎             笆・1.5 GB/4.9 GB  7.3 MB/s   7m50s[K[A[1Gpulling manifest [K
pulling 667b0c1932bc:  30% 笆補毎笆遺毎笆遺毎             笆・1.5 GB/4.9 GB  7.4 MB/s   7m45s[K[A[1Gpulling manifest [K
pulling 667b0c1932bc:  30% 笆補毎笆遺毎笆遺毎             笆・1.5 GB/4.9 GB  7.4 MB/s   7m45s[K[A[1Gpulling manifest [K
pulling 667b0c1932bc:  30% 笆補毎笆遺毎笆遺毎             笆・1.5 GB/4.9 GB  7.4 MB/s   7m45s[K[A[1Gpulling manifest [K
pulling 667b0c1932bc:  30% 笆補毎笆遺毎笆遺毎             笆・1.5 GB/4.9 GB  7.4 MB/s   7m45s[K[A[1Gpulling manifest [K
pulling 667b0c1932bc:  30% 笆補毎笆遺毎笆遺毎             笆・1.5 GB/4.9 GB  7.4 MB/s   7m44s[K[A[1Gpulling manifest [K
pulling 667b0c1932bc:  30% 笆補毎笆遺毎笆遺毎             笆・1.5 GB/4.9 GB  7.4 MB/s   7m44s[K[A[1Gpulling manifest [K
pulling 667b0c1932bc:  30% 笆補毎笆遺毎笆遺毎             笆・1.5 GB/4.9 GB  7.4 MB/s   7m44s[K[A[1Gpulling manifest [K
pulling 667b0c1932bc:  30% 笆補毎笆遺毎笆遺毎             笆・1.5 GB/4.9 GB  7.4 MB/s   7m44s[K[A[1Gpulling manifest [K
pulling 667b0c1932bc:  30% 笆補毎笆遺毎笆遺毎             笆・1.5 GB/4.9 GB  7.4 MB/s   7m44s[K[A[1Gpulling manifest [K
pulling 667b0c1932bc:  30% 笆補毎笆遺毎笆遺毎             笆・1.5 GB/4.9 GB  7.4 MB/s   7m44s[K[A[1Gpulling manifest [K
pulling 667b0c1932bc:  30% 笆補毎笆遺毎笆遺毎             笆・1.5 GB/4.9 GB  7.2 MB/s   7m57s[K[A[1Gpulling manifest [K
pulling 667b0c1932bc:  30% 笆補毎笆遺毎笆遺毎             笆・1.5 GB/4.9 GB  7.2 MB/s   7m57s[K[A[1Gpulling manifest [K
pulling 667b0c1932bc:  30% 笆補毎笆遺毎笆遺毎             笆・1.5 GB/4.9 GB  7.2 MB/s   7m57s[K[A[1Gpulling manifest [K
pulling 667b0c1932bc:  30% 笆補毎笆遺毎笆遺毎             笆・1.5 GB/4.9 GB  7.2 MB/s   7m57s[K[A[1Gpulling manifest [K
pulling 667b0c1932bc:  30% 笆補毎笆遺毎笆遺毎             笆・1.5 GB/4.9 GB  7.2 MB/s   7m57s[K[A[1Gpulling manifest [K
pulling 667b0c1932bc:  30% 笆補毎笆遺毎笆遺毎             笆・1.5 GB/4.9 GB  7.2 MB/s   7m57s[K[A[1Gpulling manifest [K
pulling 667b0c1932bc:  30% 笆補毎笆遺毎笆遺毎             笆・1.5 GB/4.9 GB  7.2 MB/s   7m56s[K[A[1Gpulling manifest [K
pulling 667b0c1932bc:  30% 笆補毎笆遺毎笆遺毎             笆・1.5 GB/4.9 GB  7.2 MB/s   7m56s[K[A[1Gpulling manifest [K
pulling 667b0c1932bc:  30% 笆補毎笆遺毎笆遺毎             笆・1.5 GB/4.9 GB  7.2 MB/s   7m56s[K[A[1Gpulling manifest [K
pulling 667b0c1932bc:  30% 笆補毎笆遺毎笆遺毎             笆・1.5 GB/4.9 GB  7.2 MB/s   7m56s[K[A[1Gpulling manifest [K
pulling 667b0c1932bc:  30% 笆補毎笆遺毎笆遺毎             笆・1.5 GB/4.9 GB  7.5 MB/s   7m36s[K[A[1Gpulling manifest [K
pulling 667b0c1932bc:  30% 笆補毎笆遺毎笆遺毎             笆・1.5 GB/4.9 GB  7.5 MB/s   7m36s[K[A[1Gpulling manifest [K
pulling 667b0c1932bc:  30% 笆補毎笆遺毎笆遺毎             笆・1.5 GB/4.9 GB  7.5 MB/s   7m36s[K[A[1Gpulling manifest [K
pulling 667b0c1932bc:  30% 笆補毎笆遺毎笆遺毎             笆・1.5 GB/4.9 GB  7.5 MB/s   7m36s[K[A[1Gpulling manifest [K
pulling 667b0c1932bc:  30% 笆補毎笆遺毎笆遺毎             笆・1.5 GB/4.9 GB  7.5 MB/s   7m36s[K[A[1Gpulling manifest [K
pulling 667b0c1932bc:  30% 笆補毎笆遺毎笆遺毎             笆・1.5 GB/4.9 GB  7.5 MB/s   7m36s[K[A[1Gpulling manifest [K
pulling 667b0c1932bc:  30% 笆補毎笆遺毎笆遺毎             笆・1.5 GB/4.9 GB  7.5 MB/s   7m35s[K[A[1Gpulling manifest [K
pulling 667b0c1932bc:  30% 笆補毎笆遺毎笆遺毎             笆・1.5 GB/4.9 GB  7.5 MB/s   7m35s[K[A[1Gpulling manifest [K
pulling 667b0c1932bc:  30% 笆補毎笆遺毎笆遺毎             笆・1.5 GB/4.9 GB  7.5 MB/s   7m35s[K[A[1Gpulling manifest [K
pulling 667b0c1932bc:  30% 笆補毎笆遺毎笆遺毎             笆・1.5 GB/4.9 GB  7.5 MB/s   7m35s[K[A[1Gpulling manifest [K
pulling 667b0c1932bc:  30% 笆補毎笆遺毎笆遺毎             笆・1.5 GB/4.9 GB  7.6 MB/s   7m33s[K[A[1Gpulling manifest [K
pulling 667b0c1932bc:  30% 笆補毎笆遺毎笆遺毎             笆・1.5 GB/4.9 GB  7.6 MB/s   7m33s[K[A[1Gpulling manifest [K
pulling 667b0c1932bc:  30% 笆補毎笆遺毎笆遺毎             笆・1.5 GB/4.9 GB  7.6 MB/s   7m33s[K[A[1Gpulling manifest [K
pulling 667b0c1932bc:  30% 笆補毎笆遺毎笆遺毎             笆・1.5 GB/4.9 GB  7.6 MB/s   7m33s[K[A[1Gpulling manifest [K
pulling 667b0c1932bc:  30% 笆補毎笆遺毎笆遺毎             笆・1.5 GB/4.9 GB  7.6 MB/s   7m33s[K[A[1Gpulling manifest [K
pulling 667b0c1932bc:  30% 笆補毎笆遺毎笆遺毎             笆・1.5 GB/4.9 GB  7.6 MB/s   7m33s[K[A[1Gpulling manifest [K
pulling 667b0c1932bc:  30% 笆補毎笆遺毎笆遺毎             笆・1.5 GB/4.9 GB  7.6 MB/s   7m33s[K[A[1Gpulling manifest [K
pulling 667b0c1932bc:  30% 笆補毎笆遺毎笆遺毎             笆・1.5 GB/4.9 GB  7.6 MB/s   7m33s[K[A[1Gpulling manifest [K
pulling 667b0c1932bc:  30% 笆補毎笆遺毎笆遺毎             笆・1.5 GB/4.9 GB  7.6 MB/s   7m32s[K[A[1Gpulling manifest [K
pulling 667b0c1932bc:  30% 笆補毎笆遺毎笆遺毎             笆・1.5 GB/4.9 GB  7.6 MB/s   7m32s[K[A[1Gpulling manifest [K
pulling 667b0c1932bc:  30% 笆補毎笆遺毎笆遺毎             笆・1.5 GB/4.9 GB  7.6 MB/s   7m32s[K[A[1Gpulling manifest [K
pulling 667b0c1932bc:  30% 笆補毎笆遺毎笆遺毎             笆・1.5 GB/4.9 GB  7.5 MB/s   7m35s[K[A[1Gpulling manifest [K
pulling 667b0c1932bc:  30% 笆補毎笆遺毎笆遺毎             笆・1.5 GB/4.9 GB  7.5 MB/s   7m35s[K[A[1Gpulling manifest [K
pulling 667b0c1932bc:  30% 笆補毎笆遺毎笆遺毎             笆・1.5 GB/4.9 GB  7.5 MB/s   7m35s[K[A[1Gpulling manifest [K
pulling 667b0c1932bc:  30% 笆補毎笆遺毎笆遺毎             笆・1.5 GB/4.9 GB  7.5 MB/s   7m34s[K[A[1Gpulling manifest [K
pulling 667b0c1932bc:  31% 笆補毎笆遺毎笆遺毎             笆・1.5 GB/4.9 GB  7.5 MB/s   7m34s[K[A[1Gpulling manifest [K
pulling 667b0c1932bc:  31% 笆補毎笆遺毎笆遺毎             笆・1.5 GB/4.9 GB  7.5 MB/s   7m34s[K[A[1Gpulling manifest [K
pulling 667b0c1932bc:  31% 笆補毎笆遺毎笆遺毎             笆・1.5 GB/4.9 GB  7.5 MB/s   7m34s[K[A[1Gpulling manifest [K
pulling 667b0c1932bc:  31% 笆補毎笆遺毎笆遺毎             笆・1.5 GB/4.9 GB  7.5 MB/s   7m34s[K[A[1Gpulling manifest [K
pulling 667b0c1932bc:  31% 笆補毎笆遺毎笆遺毎             笆・1.5 GB/4.9 GB  7.5 MB/s   7m34s[K[A[1Gpulling manifest [K
pulling 667b0c1932bc:  31% 笆補毎笆遺毎笆遺毎             笆・1.5 GB/4.9 GB  7.5 MB/s   7m34s[K[A[1Gpulling manifest [K
pulling 667b0c1932bc:  31% 笆補毎笆遺毎笆遺毎             笆・1.5 GB/4.9 GB  7.5 MB/s   7m37s[K[A[1Gpulling manifest [K
pulling 667b0c1932bc:  31% 笆補毎笆遺毎笆遺毎             笆・1.5 GB/4.9 GB  7.5 MB/s   7m37s[K[A[1Gpulling manifest [K
pulling 667b0c1932bc:  31% 笆補毎笆遺毎笆遺毎             笆・1.5 GB/4.9 GB  7.5 MB/s   7m37s[K[A[1Gpulling manifest [K
pulling 667b0c1932bc:  31% 笆補毎笆遺毎笆遺毎             笆・1.5 GB/4.9 GB  7.5 MB/s   7m37s[K[A[1Gpulling manifest [K
pulling 667b0c1932bc:  31% 笆補毎笆遺毎笆遺毎             笆・1.5 GB/4.9 GB  7.5 MB/s   7m37s[K[A[1Gpulling manifest [K
pulling 667b0c1932bc:  31% 笆補毎笆遺毎笆遺毎             笆・1.5 GB/4.9 GB  7.5 MB/s   7m37s[K[A[1Gpulling manifest [K
pulling 667b0c1932bc:  31% 笆補毎笆遺毎笆遺毎             笆・1.5 GB/4.9 GB  7.5 MB/s   7m37s[K[A[1Gpulling manifest [K
pulling 667b0c1932bc:  31% 笆補毎笆遺毎笆遺毎             笆・1.5 GB/4.9 GB  7.5 MB/s   7m37s[K[A[1Gpulling manifest [K
pulling 667b0c1932bc:  31% 笆補毎笆遺毎笆遺毎             笆・1.5 GB/4.9 GB  7.5 MB/s   7m36s[K[A[1Gpulling manifest [K
pulling 667b0c1932bc:  31% 笆補毎笆遺毎笆遺毎             笆・1.5 GB/4.9 GB  7.5 MB/s   7m36s[K[A[1Gpulling manifest [K
pulling 667b0c1932bc:  31% 笆補毎笆遺毎笆遺毎             笆・1.5 GB/4.9 GB  7.7 MB/s   7m24s[K[A[1Gpulling manifest [K
pulling 667b0c1932bc:  31% 笆補毎笆遺毎笆遺毎             笆・1.5 GB/4.9 GB  7.7 MB/s   7m24s[K[A[1Gpulling manifest [K
pulling 667b0c1932bc:  31% 笆補毎笆遺毎笆遺毎             笆・1.5 GB/4.9 GB  7.7 MB/s   7m24s[K[A[1Gpulling manifest [K
pulling 667b0c1932bc:  31% 笆補毎笆遺毎笆遺毎             笆・1.5 GB/4.9 GB  7.7 MB/s   7m24s[K[A[1Gpulling manifest [K
pulling 667b0c1932bc:  31% 笆補毎笆遺毎笆遺毎             笆・1.5 GB/4.9 GB  7.7 MB/s   7m24s[K[A[1Gpulling manifest [K
pulling 667b0c1932bc:  31% 笆補毎笆遺毎笆遺毎             笆・1.5 GB/4.9 GB  7.7 MB/s   7m24s[K[A[1Gpulling manifest [K
pulling 667b0c1932bc:  31% 笆補毎笆遺毎笆遺毎             笆・1.5 GB/4.9 GB  7.7 MB/s   7m24s[K[A[1Gpulling manifest [K
pulling 667b0c1932bc:  31% 笆補毎笆遺毎笆遺毎             笆・1.5 GB/4.9 GB  7.7 MB/s   7m23s[K[A[1Gpulling manifest [K
pulling 667b0c1932bc:  31% 笆補毎笆遺毎笆遺毎             笆・1.5 GB/4.9 GB  7.7 MB/s   7m23s[K[A[1Gpulling manifest [K
pulling 667b0c1932bc:  31% 笆補毎笆遺毎笆遺毎             笆・1.5 GB/4.9 GB  7.7 MB/s   7m23s[K[A[1Gpulling manifest [K
pulling 667b0c1932bc:  31% 笆補毎笆遺毎笆遺毎             笆・1.5 GB/4.9 GB  7.7 MB/s   7m19s[K[A[1Gpulling manifest [K
pulling 667b0c1932bc:  31% 笆補毎笆遺毎笆遺毎             笆・1.5 GB/4.9 GB  7.7 MB/s   7m19s[K[A[1Gpulling manifest [K
pulling 667b0c1932bc:  31% 笆補毎笆遺毎笆遺毎             笆・1.5 GB/4.9 GB  7.7 MB/s   7m19s[K[A[1Gpulling manifest [K
pulling 667b0c1932bc:  31% 笆補毎笆遺毎笆遺毎             笆・1.5 GB/4.9 GB  7.7 MB/s   7m19s[K[A[1Gpulling manifest [K
pulling 667b0c1932bc:  31% 笆補毎笆遺毎笆遺毎             笆・1.5 GB/4.9 GB  7.7 MB/s   7m19s[K[A[1Gpulling manifest [K
pulling 667b0c1932bc:  31% 笆補毎笆遺毎笆遺毎             笆・1.5 GB/4.9 GB  7.7 MB/s   7m19s[K[A[1Gpulling manifest [K
pulling 667b0c1932bc:  31% 笆補毎笆遺毎笆遺毎             笆・1.5 GB/4.9 GB  7.7 MB/s   7m19s[K[A[1Gpulling manifest [K
pulling 667b0c1932bc:  31% 笆補毎笆遺毎笆遺毎             笆・1.5 GB/4.9 GB  7.7 MB/s   7m19s[K[A[1Gpulling manifest [K
pulling 667b0c1932bc:  31% 笆補毎笆遺毎笆遺毎             笆・1.5 GB/4.9 GB  7.7 MB/s   7m19s[K[A[1Gpulling manifest [K
pulling 667b0c1932bc:  31% 笆補毎笆遺毎笆遺毎             笆・1.5 GB/4.9 GB  7.7 MB/s   7m19s[K[A[1Gpulling manifest [K
pulling 667b0c1932bc:  31% 笆補毎笆遺毎笆遺毎             笆・1.5 GB/4.9 GB  7.4 MB/s   7m36s[K[A[1Gpulling manifest [K
pulling 667b0c1932bc:  31% 笆補毎笆遺毎笆遺毎             笆・1.5 GB/4.9 GB  7.4 MB/s   7m36s[K[A[1Gpulling manifest [K
pulling 667b0c1932bc:  31% 笆補毎笆遺毎笆遺毎             笆・1.5 GB/4.9 GB  7.4 MB/s   7m35s[K[A[1Gpulling manifest [K
pulling 667b0c1932bc:  31% 笆補毎笆遺毎笆遺毎             笆・1.5 GB/4.9 GB  7.4 MB/s   7m35s[K[A[1Gpulling manifest [K
pulling 667b0c1932bc:  31% 笆補毎笆遺毎笆遺毎             笆・1.5 GB/4.9 GB  7.4 MB/s   7m35s[K[A[1Gpulling manifest [K
pulling 667b0c1932bc:  31% 笆補毎笆遺毎笆遺毎             笆・1.5 GB/4.9 GB  7.4 MB/s   7m35s[K[A[1Gpulling manifest [K
pulling 667b0c1932bc:  31% 笆補毎笆遺毎笆遺毎             笆・1.5 GB/4.9 GB  7.4 MB/s   7m35s[K[A[1Gpulling manifest [K
pulling 667b0c1932bc:  31% 笆補毎笆遺毎笆遺毎             笆・1.5 GB/4.9 GB  7.4 MB/s   7m35s[K[A[1Gpulling manifest [K
pulling 667b0c1932bc:  31% 笆補毎笆遺毎笆遺毎             笆・1.5 GB/4.9 GB  7.4 MB/s   7m35s[K[A[1Gpulling manifest [K
pulling 667b0c1932bc:  31% 笆補毎笆遺毎笆遺毎             笆・1.5 GB/4.9 GB  7.4 MB/s   7m35s[K[A[1Gpulling manifest [K
pulling 667b0c1932bc:  31% 笆補毎笆遺毎笆遺毎             笆・1.5 GB/4.9 GB  7.4 MB/s   7m35s[K[A[1Gpulling manifest [K
pulling 667b0c1932bc:  31% 笆補毎笆遺毎笆遺毎             笆・1.5 GB/4.9 GB  7.7 MB/s   7m19s[K[A[1Gpulling manifest [K
pulling 667b0c1932bc:  31% 笆補毎笆遺毎笆遺毎             笆・1.5 GB/4.9 GB  7.7 MB/s   7m19s[K[A[1Gpulling manifest [K
pulling 667b0c1932bc:  31% 笆補毎笆遺毎笆遺毎             笆・1.5 GB/4.9 GB  7.7 MB/s   7m19s[K[A[1Gpulling manifest [K
pulling 667b0c1932bc:  31% 笆補毎笆遺毎笆遺毎             笆・1.5 GB/4.9 GB  7.7 MB/s   7m19s[K[A[1Gpulling manifest [K
pulling 667b0c1932bc:  31% 笆補毎笆遺毎笆遺毎             笆・1.5 GB/4.9 GB  7.7 MB/s   7m19s[K[A[1Gpulling manifest [K
pulling 667b0c1932bc:  31% 笆補毎笆遺毎笆遺毎             笆・1.5 GB/4.9 GB  7.7 MB/s   7m19s[K[A[1Gpulling manifest [K
pulling 667b0c1932bc:  31% 笆補毎笆遺毎笆遺毎             笆・1.5 GB/4.9 GB  7.7 MB/s   7m19s[K[A[1Gpulling manifest [K
pulling 667b0c1932bc:  31% 笆補毎笆遺毎笆遺毎             笆・1.5 GB/4.9 GB  7.7 MB/s   7m19s[K[A[1Gpulling manifest [K
pulling 667b0c1932bc:  31% 笆補毎笆遺毎笆遺毎             笆・1.5 GB/4.9 GB  7.7 MB/s   7m19s[K[A[1Gpulling manifest [K
pulling 667b0c1932bc:  31% 笆補毎笆遺毎笆遺毎             笆・1.5 GB/4.9 GB  7.7 MB/s   7m19s[K[A[1Gpulling manifest [K
pulling 667b0c1932bc:  31% 笆補毎笆遺毎笆遺毎             笆・1.5 GB/4.9 GB  7.8 MB/s   7m13s[K[A[1Gpulling manifest [K
pulling 667b0c1932bc:  31% 笆補毎笆遺毎笆遺毎             笆・1.5 GB/4.9 GB  7.8 MB/s   7m13s[K[A[1Gpulling manifest [K
pulling 667b0c1932bc:  31% 笆補毎笆遺毎笆遺毎             笆・1.5 GB/4.9 GB  7.8 MB/s   7m13s[K[A[1Gpulling manifest [K
pulling 667b0c1932bc:  31% 笆補毎笆遺毎笆遺毎             笆・1.5 GB/4.9 GB  7.8 MB/s   7m12s[K[A[1Gpulling manifest [K
pulling 667b0c1932bc:  31% 笆補毎笆遺毎笆遺毎             笆・1.5 GB/4.9 GB  7.8 MB/s   7m12s[K[A[1Gpulling manifest [K
pulling 667b0c1932bc:  31% 笆補毎笆遺毎笆遺毎             笆・1.5 GB/4.9 GB  7.8 MB/s   7m12s[K[A[1Gpulling manifest [K
pulling 667b0c1932bc:  31% 笆補毎笆遺毎笆遺毎             笆・1.5 GB/4.9 GB  7.8 MB/s   7m12s[K[A[1Gpulling manifest [K
pulling 667b0c1932bc:  31% 笆補毎笆遺毎笆遺毎             笆・1.5 GB/4.9 GB  7.8 MB/s   7m12s[K[A[1Gpulling manifest [K
pulling 667b0c1932bc:  31% 笆補毎笆遺毎笆遺毎             笆・1.5 GB/4.9 GB  7.8 MB/s   7m12s[K[A[1Gpulling manifest [K
pulling 667b0c1932bc:  31% 笆補毎笆遺毎笆遺毎             笆・1.5 GB/4.9 GB  7.8 MB/s   7m12s[K[A[1Gpulling manifest [K
pulling 667b0c1932bc:  31% 笆補毎笆遺毎笆遺毎             笆・1.5 GB/4.9 GB  7.7 MB/s   7m19s[K[A[1Gpulling manifest [K
pulling 667b0c1932bc:  32% 笆補毎笆遺毎笆遺毎             笆・1.6 GB/4.9 GB  7.7 MB/s   7m19s[K[A[1Gpulling manifest [K
pulling 667b0c1932bc:  32% 笆補毎笆遺毎笆遺毎             笆・1.6 GB/4.9 GB  7.7 MB/s   7m19s[K[A[1Gpulling manifest [K
pulling 667b0c1932bc:  32% 笆補毎笆遺毎笆遺毎             笆・1.6 GB/4.9 GB  7.7 MB/s   7m19s[K[A[1Gpulling manifest [K
pulling 667b0c1932bc:  32% 笆補毎笆遺毎笆遺毎             笆・1.6 GB/4.9 GB  7.7 MB/s   7m19s[K[A[1Gpulling manifest [K
pulling 667b0c1932bc:  32% 笆補毎笆遺毎笆遺毎             笆・1.6 GB/4.9 GB  7.7 MB/s   7m19s[K[A[1Gpulling manifest [K
pulling 667b0c1932bc:  32% 笆補毎笆遺毎笆遺毎             笆・1.6 GB/4.9 GB  7.7 MB/s   7m19s[K[A[1Gpulling manifest [K
pulling 667b0c1932bc:  32% 笆補毎笆遺毎笆遺毎             笆・1.6 GB/4.9 GB  7.7 MB/s   7m19s[K[A[1Gpulling manifest [K
pulling 667b0c1932bc:  32% 笆補毎笆遺毎笆遺毎             笆・1.6 GB/4.9 GB  7.7 MB/s   7m19s[K[A[1Gpulling manifest [K
pulling 667b0c1932bc:  32% 笆補毎笆遺毎笆遺毎             笆・1.6 GB/4.9 GB  7.7 MB/s   7m18s[K[A[1Gpulling manifest [K
pulling 667b0c1932bc:  32% 笆補毎笆遺毎笆遺毎             笆・1.6 GB/4.9 GB  7.7 MB/s   7m14s[K[A[1Gpulling manifest [K
pulling 667b0c1932bc:  32% 笆補毎笆遺毎笆遺毎             笆・1.6 GB/4.9 GB  7.7 MB/s   7m14s[K[A[1Gpulling manifest [K
pulling 667b0c1932bc:  32% 笆補毎笆遺毎笆遺毎             笆・1.6 GB/4.9 GB  7.7 MB/s   7m14s[K[A[1Gpulling manifest [K
pulling 667b0c1932bc:  32% 笆補毎笆遺毎笆遺毎             笆・1.6 GB/4.9 GB  7.7 MB/s   7m14s[K[A[1Gpulling manifest [K
pulling 667b0c1932bc:  32% 笆補毎笆遺毎笆遺毎             笆・1.6 GB/4.9 GB  7.7 MB/s   7m14s[K[A[1Gpulling manifest [K
pulling 667b0c1932bc:  32% 笆補毎笆遺毎笆遺毎             笆・1.6 GB/4.9 GB  7.7 MB/s   7m14s[K[A[1Gpulling manifest [K
pulling 667b0c1932bc:  32% 笆補毎笆遺毎笆遺毎             笆・1.6 GB/4.9 GB  7.7 MB/s   7m13s[K[A[1Gpulling manifest [K
pulling 667b0c1932bc:  32% 笆補毎笆遺毎笆遺毎             笆・1.6 GB/4.9 GB  7.7 MB/s   7m13s[K[A[1Gpulling manifest [K
pulling 667b0c1932bc:  32% 笆補毎笆遺毎笆遺毎             笆・1.6 GB/4.9 GB  7.7 MB/s   7m13s[K[A[1Gpulling manifest [K
pulling 667b0c1932bc:  32% 笆補毎笆遺毎笆遺毎             笆・1.6 GB/4.9 GB  7.7 MB/s   7m13s[K[A[1Gpulling manifest [K
pulling 667b0c1932bc:  32% 笆補毎笆遺毎笆遺毎             笆・1.6 GB/4.9 GB  7.8 MB/s   7m10s[K[A[1Gpulling manifest [K
pulling 667b0c1932bc:  32% 笆補毎笆遺毎笆遺毎             笆・1.6 GB/4.9 GB  7.8 MB/s   7m10s[K[A[1Gpulling manifest [K
pulling 667b0c1932bc:  32% 笆補毎笆遺毎笆遺毎             笆・1.6 GB/4.9 GB  7.8 MB/s   7m10s[K[A[1Gpulling manifest [K
pulling 667b0c1932bc:  32% 笆補毎笆遺毎笆遺毎             笆・1.6 GB/4.9 GB  7.8 MB/s   7m10s[K[A[1Gpulling manifest [K
pulling 667b0c1932bc:  32% 笆補毎笆遺毎笆遺毎             笆・1.6 GB/4.9 GB  7.8 MB/s   7m10s[K[A[1Gpulling manifest [K
pulling 667b0c1932bc:  32% 笆補毎笆遺毎笆遺毎             笆・1.6 GB/4.9 GB  7.8 MB/s   7m10s[K[A[1Gpulling manifest [K
pulling 667b0c1932bc:  32% 笆補毎笆遺毎笆遺毎             笆・1.6 GB/4.9 GB  7.8 MB/s    7m9s[K[A[1Gpulling manifest [K
pulling 667b0c1932bc:  32% 笆補毎笆遺毎笆遺毎             笆・1.6 GB/4.9 GB  7.8 MB/s    7m9s[K[A[1Gpulling manifest [K
pulling 667b0c1932bc:  32% 笆補毎笆遺毎笆遺毎             笆・1.6 GB/4.9 GB  7.8 MB/s    7m9s[K[A[1Gpulling manifest [K
pulling 667b0c1932bc:  32% 笆補毎笆遺毎笆遺毎             笆・1.6 GB/4.9 GB  7.8 MB/s    7m9s[K[A[1Gpulling manifest [K
pulling 667b0c1932bc:  32% 笆補毎笆遺毎笆遺毎             笆・1.6 GB/4.9 GB  7.8 MB/s    7m7s[K[A[1Gpulling manifest [K
pulling 667b0c1932bc:  32% 笆補毎笆遺毎笆遺毎             笆・1.6 GB/4.9 GB  7.8 MB/s    7m7s[K[A[1Gpulling manifest [K
pulling 667b0c1932bc:  32% 笆補毎笆遺毎笆遺毎             笆・1.6 GB/4.9 GB  7.8 MB/s    7m7s[K[A[1Gpulling manifest [K
pulling 667b0c1932bc:  32% 笆補毎笆遺毎笆遺毎             笆・1.6 GB/4.9 GB  7.8 MB/s    7m7s[K[A[1Gpulling manifest [K
pulling 667b0c1932bc:  32% 笆補毎笆遺毎笆遺毎             笆・1.6 GB/4.9 GB  7.8 MB/s    7m7s[K[A[1Gpulling manifest [K
pulling 667b0c1932bc:  32% 笆補毎笆遺毎笆遺毎             笆・1.6 GB/4.9 GB  7.8 MB/s    7m7s[K[A[1Gpulling manifest [K
pulling 667b0c1932bc:  32% 笆補毎笆遺毎笆遺毎             笆・1.6 GB/4.9 GB  7.8 MB/s    7m7s[K[A[1Gpulling manifest [K
pulling 667b0c1932bc:  32% 笆補毎笆遺毎笆遺毎             笆・1.6 GB/4.9 GB  7.8 MB/s    7m7s[K[A[1Gpulling manifest [K
pulling 667b0c1932bc:  32% 笆補毎笆遺毎笆遺毎             笆・1.6 GB/4.9 GB  7.8 MB/s    7m7s[K[A[1Gpulling manifest [K
pulling 667b0c1932bc:  32% 笆補毎笆遺毎笆遺毎             笆・1.6 GB/4.9 GB  7.8 MB/s    7m7s[K[A[1Gpulling manifest [K
pulling 667b0c1932bc:  32% 笆補毎笆遺毎笆遺毎             笆・1.6 GB/4.9 GB  7.8 MB/s    7m6s[K[A[1Gpulling manifest [K
pulling 667b0c1932bc:  32% 笆補毎笆遺毎笆遺毎             笆・1.6 GB/4.9 GB  7.8 MB/s    7m5s[K[A[1Gpulling manifest [K
pulling 667b0c1932bc:  32% 笆補毎笆遺毎笆遺毎             笆・1.6 GB/4.9 GB  7.8 MB/s    7m5s[K[A[1Gpulling manifest [K
pulling 667b0c1932bc:  32% 笆補毎笆遺毎笆遺毎             笆・1.6 GB/4.9 GB  7.8 MB/s    7m5s[K[A[1Gpulling manifest [K
pulling 667b0c1932bc:  32% 笆補毎笆遺毎笆遺毎             笆・1.6 GB/4.9 GB  7.8 MB/s    7m5s[K[A[1Gpulling manifest [K
pulling 667b0c1932bc:  32% 笆補毎笆遺毎笆遺毎             笆・1.6 GB/4.9 GB  7.8 MB/s    7m5s[K[A[1Gpulling manifest [K
pulling 667b0c1932bc:  32% 笆補毎笆遺毎笆遺毎             笆・1.6 GB/4.9 GB  7.8 MB/s    7m5s[K[A[1Gpulling manifest [K
pulling 667b0c1932bc:  32% 笆補毎笆遺毎笆遺毎             笆・1.6 GB/4.9 GB  7.8 MB/s    7m5s[K[A[1Gpulling manifest [K
pulling 667b0c1932bc:  32% 笆補毎笆遺毎笆遺毎             笆・1.6 GB/4.9 GB  7.8 MB/s    7m4s[K[A[1Gpulling manifest [K
pulling 667b0c1932bc:  32% 笆補毎笆遺毎笆遺毎             笆・1.6 GB/4.9 GB  7.8 MB/s    7m4s[K[A[1Gpulling manifest [K
pulling 667b0c1932bc:  32% 笆補毎笆遺毎笆遺毎             笆・1.6 GB/4.9 GB  7.8 MB/s    7m4s[K[A[1Gpulling manifest [K
pulling 667b0c1932bc:  32% 笆補毎笆遺毎笆遺毎             笆・1.6 GB/4.9 GB  7.8 MB/s    7m5s[K[A[1Gpulling manifest [K
pulling 667b0c1932bc:  32% 笆補毎笆遺毎笆遺毎             笆・1.6 GB/4.9 GB  7.8 MB/s    7m5s[K[A[1Gpulling manifest [K
pulling 667b0c1932bc:  32% 笆補毎笆遺毎笆遺毎             笆・1.6 GB/4.9 GB  7.8 MB/s    7m5s[K[A[1Gpulling manifest [K
pulling 667b0c1932bc:  32% 笆補毎笆遺毎笆遺毎             笆・1.6 GB/4.9 GB  7.8 MB/s    7m5s[K[A[1Gpulling manifest [K
pulling 667b0c1932bc:  32% 笆補毎笆遺毎笆遺毎             笆・1.6 GB/4.9 GB  7.8 MB/s    7m5s[K[A[1Gpulling manifest [K
pulling 667b0c1932bc:  32% 笆補毎笆遺毎笆遺毎             笆・1.6 GB/4.9 GB  7.8 MB/s    7m5s[K[A[1Gpulling manifest [K
pulling 667b0c1932bc:  32% 笆補毎笆遺毎笆遺毎             笆・1.6 GB/4.9 GB  7.8 MB/s    7m5s[K[A[1Gpulling manifest [K
pulling 667b0c1932bc:  32% 笆補毎笆遺毎笆遺毎             笆・1.6 GB/4.9 GB  7.8 MB/s    7m5s[K[A[1Gpulling manifest [K
pulling 667b0c1932bc:  32% 笆補毎笆遺毎笆遺毎             笆・1.6 GB/4.9 GB  7.8 MB/s    7m5s[K[A[1Gpulling manifest [K
pulling 667b0c1932bc:  32% 笆補毎笆遺毎笆遺毎             笆・1.6 GB/4.9 GB  7.8 MB/s    7m5s[K[A[1Gpulling manifest [K
pulling 667b0c1932bc:  32% 笆補毎笆遺毎笆遺毎             笆・1.6 GB/4.9 GB  7.8 MB/s    7m3s[K[A[1Gpulling manifest [K
pulling 667b0c1932bc:  32% 笆補毎笆遺毎笆遺毎             笆・1.6 GB/4.9 GB  7.8 MB/s    7m3s[K[A[1Gpulling manifest [K
pulling 667b0c1932bc:  32% 笆補毎笆遺毎笆遺毎             笆・1.6 GB/4.9 GB  7.8 MB/s    7m3s[K[A[1Gpulling manifest [K
pulling 667b0c1932bc:  32% 笆補毎笆遺毎笆遺毎             笆・1.6 GB/4.9 GB  7.8 MB/s    7m3s[K[A[1Gpulling manifest [K
pulling 667b0c1932bc:  33% 笆補毎笆遺毎笆遺毎             笆・1.6 GB/4.9 GB  7.8 MB/s    7m3s[K[A[1Gpulling manifest [K
pulling 667b0c1932bc:  33% 笆補毎笆遺毎笆遺毎             笆・1.6 GB/4.9 GB  7.8 MB/s    7m2s[K[A[1Gpulling manifest [K
pulling 667b0c1932bc:  33% 笆補毎笆遺毎笆遺毎             笆・1.6 GB/4.9 GB  7.8 MB/s    7m2s[K[A[1Gpulling manifest [K
pulling 667b0c1932bc:  33% 笆補毎笆遺毎笆遺毎             笆・1.6 GB/4.9 GB  7.8 MB/s    7m2s[K[A[1Gpulling manifest [K
pulling 667b0c1932bc:  33% 笆補毎笆遺毎笆遺毎             笆・1.6 GB/4.9 GB  7.8 MB/s    7m2s[K[A[1Gpulling manifest [K
pulling 667b0c1932bc:  33% 笆補毎笆遺毎笆遺毎             笆・1.6 GB/4.9 GB  7.8 MB/s    7m2s[K[A[1Gpulling manifest [K
pulling 667b0c1932bc:  33% 笆補毎笆遺毎笆遺毎             笆・1.6 GB/4.9 GB  7.8 MB/s    7m7s[K[A[1Gpulling manifest [K
pulling 667b0c1932bc:  33% 笆補毎笆遺毎笆遺毎             笆・1.6 GB/4.9 GB  7.8 MB/s    7m6s[K[A[1Gpulling manifest [K
pulling 667b0c1932bc:  33% 笆補毎笆遺毎笆遺毎             笆・1.6 GB/4.9 GB  7.8 MB/s    7m6s[K[A[1Gpulling manifest [K
pulling 667b0c1932bc:  33% 笆補毎笆遺毎笆遺毎             笆・1.6 GB/4.9 GB  7.8 MB/s    7m6s[K[A[1Gpulling manifest [K
pulling 667b0c1932bc:  33% 笆補毎笆遺毎笆遺毎             笆・1.6 GB/4.9 GB  7.8 MB/s    7m6s[K[A[1Gpulling manifest [K
pulling 667b0c1932bc:  33% 笆補毎笆遺毎笆遺毎             笆・1.6 GB/4.9 GB  7.8 MB/s    7m6s[K[A[1Gpulling manifest [K
pulling 667b0c1932bc:  33% 笆補毎笆遺毎笆遺毎             笆・1.6 GB/4.9 GB  7.8 MB/s    7m6s[K[A[1Gpulling manifest [K
pulling 667b0c1932bc:  33% 笆補毎笆遺毎笆遺毎             笆・1.6 GB/4.9 GB  7.8 MB/s    7m6s[K[A[1Gpulling manifest [K
pulling 667b0c1932bc:  33% 笆補毎笆遺毎笆遺毎             笆・1.6 GB/4.9 GB  7.8 MB/s    7m6s[K[A[1Gpulling manifest [K
pulling 667b0c1932bc:  33% 笆補毎笆遺毎笆遺毎             笆・1.6 GB/4.9 GB  7.8 MB/s    7m6s[K[A[1Gpulling manifest [K
pulling 667b0c1932bc:  33% 笆補毎笆遺毎笆遺毎             笆・1.6 GB/4.9 GB  7.8 MB/s    7m5s[K[A[1Gpulling manifest [K
pulling 667b0c1932bc:  33% 笆補毎笆遺毎笆遺毎             笆・1.6 GB/4.9 GB  8.0 MB/s   6m54s[K[A[1Gpulling manifest [K
pulling 667b0c1932bc:  33% 笆補毎笆遺毎笆遺毎             笆・1.6 GB/4.9 GB  8.0 MB/s   6m54s[K[A[1Gpulling manifest [K
pulling 667b0c1932bc:  33% 笆補毎笆遺毎笆遺毎             笆・1.6 GB/4.9 GB  8.0 MB/s   6m54s[K[A[1Gpulling manifest [K
pulling 667b0c1932bc:  33% 笆補毎笆遺毎笆遺毎             笆・1.6 GB/4.9 GB  8.0 MB/s   6m54s[K[A[1Gpulling manifest [K
pulling 667b0c1932bc:  33% 笆補毎笆遺毎笆遺毎             笆・1.6 GB/4.9 GB  8.0 MB/s   6m53s[K[A[1Gpulling manifest [K
pulling 667b0c1932bc:  33% 笆補毎笆遺毎笆遺毎             笆・1.6 GB/4.9 GB  8.0 MB/s   6m53s[K[A[1Gpulling manifest [K
pulling 667b0c1932bc:  33% 笆補毎笆遺毎笆遺毎             笆・1.6 GB/4.9 GB  8.0 MB/s   6m53s[K[A[1Gpulling manifest [K
pulling 667b0c1932bc:  33% 笆補毎笆遺毎笆遺毎             笆・1.6 GB/4.9 GB  8.0 MB/s   6m53s[K[A[1Gpulling manifest [K
pulling 667b0c1932bc:  33% 笆補毎笆遺毎笆遺毎             笆・1.6 GB/4.9 GB  8.0 MB/s   6m53s[K[A[1Gpulling manifest [K
pulling 667b0c1932bc:  33% 笆補毎笆遺毎笆遺毎             笆・1.6 GB/4.9 GB  8.0 MB/s   6m53s[K[A[1Gpulling manifest [K
pulling 667b0c1932bc:  33% 笆補毎笆遺毎笆遺毎             笆・1.6 GB/4.9 GB  7.9 MB/s   6m56s[K[A[1Gpulling manifest [K
pulling 667b0c1932bc:  33% 笆補毎笆遺毎笆遺毎             笆・1.6 GB/4.9 GB  7.9 MB/s   6m56s[K[A[1Gpulling manifest [K
pulling 667b0c1932bc:  33% 笆補毎笆遺毎笆遺毎             笆・1.6 GB/4.9 GB  7.9 MB/s   6m56s[K[A[1Gpulling manifest [K
pulling 667b0c1932bc:  33% 笆補毎笆遺毎笆遺毎             笆・1.6 GB/4.9 GB  7.9 MB/s   6m56s[K[A[1Gpulling manifest [K
pulling 667b0c1932bc:  33% 笆補毎笆遺毎笆遺毎             笆・1.6 GB/4.9 GB  7.9 MB/s   6m56s[K[A[1Gpulling manifest [K
pulling 667b0c1932bc:  33% 笆補毎笆遺毎笆遺毎             笆・1.6 GB/4.9 GB  7.9 MB/s   6m56s[K[A[1Gpulling manifest [K
pulling 667b0c1932bc:  33% 笆補毎笆遺毎笆遺毎             笆・1.6 GB/4.9 GB  7.9 MB/s   6m55s[K[A[1Gpulling manifest [K
pulling 667b0c1932bc:  33% 笆補毎笆遺毎笆遺毎             笆・1.6 GB/4.9 GB  7.9 MB/s   6m55s[K[A[1Gpulling manifest [K
pulling 667b0c1932bc:  33% 笆補毎笆遺毎笆遺毎             笆・1.6 GB/4.9 GB  7.9 MB/s   6m55s[K[A[1Gpulling manifest [K
pulling 667b0c1932bc:  33% 笆補毎笆遺毎笆遺毎             笆・1.6 GB/4.9 GB  7.9 MB/s   6m55s[K[A[1Gpulling manifest [K
pulling 667b0c1932bc:  33% 笆補毎笆遺毎笆遺毎             笆・1.6 GB/4.9 GB  8.0 MB/s   6m53s[K[A[1Gpulling manifest [K
pulling 667b0c1932bc:  33% 笆補毎笆遺毎笆遺毎             笆・1.6 GB/4.9 GB  8.0 MB/s   6m52s[K[A[1Gpulling manifest [K
pulling 667b0c1932bc:  33% 笆補毎笆遺毎笆遺毎             笆・1.6 GB/4.9 GB  8.0 MB/s   6m52s[K[A[1Gpulling manifest [K
pulling 667b0c1932bc:  33% 笆補毎笆遺毎笆遺毎             笆・1.6 GB/4.9 GB  8.0 MB/s   6m52s[K[A[1Gpulling manifest [K
pulling 667b0c1932bc:  33% 笆補毎笆遺毎笆遺毎             笆・1.6 GB/4.9 GB  8.0 MB/s   6m52s[K[A[1Gpulling manifest [K
pulling 667b0c1932bc:  33% 笆補毎笆遺毎笆遺毎             笆・1.6 GB/4.9 GB  8.0 MB/s   6m52s[K[A[1Gpulling manifest [K
pulling 667b0c1932bc:  33% 笆補毎笆遺毎笆遺毎             笆・1.6 GB/4.9 GB  8.0 MB/s   6m52s[K[A[1Gpulling manifest [K
pulling 667b0c1932bc:  33% 笆補毎笆遺毎笆遺毎             笆・1.6 GB/4.9 GB  8.0 MB/s   6m52s[K[A[1Gpulling manifest [K
pulling 667b0c1932bc:  33% 笆補毎笆遺毎笆遺毎             笆・1.6 GB/4.9 GB  8.0 MB/s   6m52s[K[A[1Gpulling manifest [K
pulling 667b0c1932bc:  33% 笆補毎笆遺毎笆遺毎             笆・1.6 GB/4.9 GB  8.0 MB/s   6m52s[K[A[1Gpulling manifest [K
pulling 667b0c1932bc:  33% 笆補毎笆遺毎笆遺毎             笆・1.6 GB/4.9 GB  7.9 MB/s   6m55s[K[A[1Gpulling manifest [K
pulling 667b0c1932bc:  33% 笆補毎笆遺毎笆遺毎             笆・1.6 GB/4.9 GB  7.9 MB/s   6m55s[K[A[1Gpulling manifest [K
pulling 667b0c1932bc:  33% 笆補毎笆遺毎笆遺毎             笆・1.6 GB/4.9 GB  7.9 MB/s   6m55s[K[A[1Gpulling manifest [K
pulling 667b0c1932bc:  33% 笆補毎笆遺毎笆遺毎             笆・1.6 GB/4.9 GB  7.9 MB/s   6m55s[K[A[1Gpulling manifest [K
pulling 667b0c1932bc:  33% 笆補毎笆遺毎笆遺毎笆・           笆・1.6 GB/4.9 GB  7.9 MB/s   6m55s[K[A[1Gpulling manifest [K
pulling 667b0c1932bc:  33% 笆補毎笆遺毎笆遺毎笆・           笆・1.6 GB/4.9 GB  7.9 MB/s   6m55s[K[A[1Gpulling manifest [K
pulling 667b0c1932bc:  33% 笆補毎笆遺毎笆遺毎笆・           笆・1.6 GB/4.9 GB  7.9 MB/s   6m55s[K[A[1Gpulling manifest [K
pulling 667b0c1932bc:  33% 笆補毎笆遺毎笆遺毎笆・           笆・1.6 GB/4.9 GB  7.9 MB/s   6m55s[K[A[1Gpulling manifest [K
pulling 667b0c1932bc:  33% 笆補毎笆遺毎笆遺毎笆・           笆・1.6 GB/4.9 GB  7.9 MB/s   6m55s[K[A[1Gpulling manifest [K
pulling 667b0c1932bc:  33% 笆補毎笆遺毎笆遺毎笆・           笆・1.6 GB/4.9 GB  7.9 MB/s   6m54s[K[A[1Gpulling manifest [K
pulling 667b0c1932bc:  33% 笆補毎笆遺毎笆遺毎笆・           笆・1.6 GB/4.9 GB  7.8 MB/s    7m2s[K[A[1Gpulling manifest [K
pulling 667b0c1932bc:  33% 笆補毎笆遺毎笆遺毎笆・           笆・1.6 GB/4.9 GB  7.8 MB/s    7m2s[K[A[1Gpulling manifest [K
pulling 667b0c1932bc:  33% 笆補毎笆遺毎笆遺毎笆・           笆・1.6 GB/4.9 GB  7.8 MB/s    7m2s[K[A[1Gpulling manifest [K
pulling 667b0c1932bc:  33% 笆補毎笆遺毎笆遺毎笆・           笆・1.6 GB/4.9 GB  7.8 MB/s    7m2s[K[A[1Gpulling manifest [K
pulling 667b0c1932bc:  33% 笆補毎笆遺毎笆遺毎笆・           笆・1.6 GB/4.9 GB  7.8 MB/s    7m1s[K[A[1Gpulling manifest [K
pulling 667b0c1932bc:  33% 笆補毎笆遺毎笆遺毎笆・           笆・1.6 GB/4.9 GB  7.8 MB/s    7m1s[K[A[1Gpulling manifest [K
pulling 667b0c1932bc:  34% 笆補毎笆遺毎笆遺毎笆・           笆・1.6 GB/4.9 GB  7.8 MB/s    7m1s[K[A[1Gpulling manifest [K
pulling 667b0c1932bc:  34% 笆補毎笆遺毎笆遺毎笆・           笆・1.7 GB/4.9 GB  7.8 MB/s    7m1s[K[A[1Gpulling manifest [K
pulling 667b0c1932bc:  34% 笆補毎笆遺毎笆遺毎笆・           笆・1.7 GB/4.9 GB  7.8 MB/s    7m1s[K[A[1Gpulling manifest [K
pulling 667b0c1932bc:  34% 笆補毎笆遺毎笆遺毎笆・           笆・1.7 GB/4.9 GB  7.8 MB/s    7m1s[K[A[1Gpulling manifest [K
pulling 667b0c1932bc:  34% 笆補毎笆遺毎笆遺毎笆・           笆・1.7 GB/4.9 GB  7.8 MB/s    7m1s[K[A[1Gpulling manifest [K
pulling 667b0c1932bc:  34% 笆補毎笆遺毎笆遺毎笆・           笆・1.7 GB/4.9 GB  7.6 MB/s    7m7s[K[A[1Gpulling manifest [K
pulling 667b0c1932bc:  34% 笆補毎笆遺毎笆遺毎笆・           笆・1.7 GB/4.9 GB  7.6 MB/s    7m7s[K[A[1Gpulling manifest [K
pulling 667b0c1932bc:  34% 笆補毎笆遺毎笆遺毎笆・           笆・1.7 GB/4.9 GB  7.6 MB/s    7m7s[K[A[1Gpulling manifest [K
pulling 667b0c1932bc:  34% 笆補毎笆遺毎笆遺毎笆・           笆・1.7 GB/4.9 GB  7.6 MB/s    7m7s[K[A[1Gpulling manifest [K
pulling 667b0c1932bc:  34% 笆補毎笆遺毎笆遺毎笆・           笆・1.7 GB/4.9 GB  7.6 MB/s    7m7s[K[A[1Gpulling manifest [K
pulling 667b0c1932bc:  34% 笆補毎笆遺毎笆遺毎笆・           笆・1.7 GB/4.9 GB  7.6 MB/s    7m6s[K[A[1Gpulling manifest [K
pulling 667b0c1932bc:  34% 笆補毎笆遺毎笆遺毎笆・           笆・1.7 GB/4.9 GB  7.6 MB/s    7m6s[K[A[1Gpulling manifest [K
pulling 667b0c1932bc:  34% 笆補毎笆遺毎笆遺毎笆・           笆・1.7 GB/4.9 GB  7.6 MB/s    7m6s[K[A[1Gpulling manifest [K
pulling 667b0c1932bc:  34% 笆補毎笆遺毎笆遺毎笆・           笆・1.7 GB/4.9 GB  7.6 MB/s    7m6s[K[A[1Gpulling manifest [K
pulling 667b0c1932bc:  34% 笆補毎笆遺毎笆遺毎笆・           笆・1.7 GB/4.9 GB  7.6 MB/s    7m6s[K[A[1Gpulling manifest [K
pulling 667b0c1932bc:  34% 笆補毎笆遺毎笆遺毎笆・           笆・1.7 GB/4.9 GB  7.9 MB/s   6m54s[K[A[1Gpulling manifest [K
pulling 667b0c1932bc:  34% 笆補毎笆遺毎笆遺毎笆・           笆・1.7 GB/4.9 GB  7.9 MB/s   6m53s[K[A[1Gpulling manifest [K
pulling 667b0c1932bc:  34% 笆補毎笆遺毎笆遺毎笆・           笆・1.7 GB/4.9 GB  7.9 MB/s   6m53s[K[A[1Gpulling manifest [K
pulling 667b0c1932bc:  34% 笆補毎笆遺毎笆遺毎笆・           笆・1.7 GB/4.9 GB  7.9 MB/s   6m53s[K[A[1Gpulling manifest [K
pulling 667b0c1932bc:  34% 笆補毎笆遺毎笆遺毎笆・           笆・1.7 GB/4.9 GB  7.9 MB/s   6m53s[K[A[1Gpulling manifest [K
pulling 667b0c1932bc:  34% 笆補毎笆遺毎笆遺毎笆・           笆・1.7 GB/4.9 GB  7.9 MB/s   6m53s[K[A[1Gpulling manifest [K
pulling 667b0c1932bc:  34% 笆補毎笆遺毎笆遺毎笆・           笆・1.7 GB/4.9 GB  7.9 MB/s   6m53s[K[A[1Gpulling manifest [K
pulling 667b0c1932bc:  34% 笆補毎笆遺毎笆遺毎笆・           笆・1.7 GB/4.9 GB  7.9 MB/s   6m53s[K[A[1Gpulling manifest [K
pulling 667b0c1932bc:  34% 笆補毎笆遺毎笆遺毎笆・           笆・1.7 GB/4.9 GB  7.9 MB/s   6m53s[K[A[1Gpulling manifest [K
pulling 667b0c1932bc:  34% 笆補毎笆遺毎笆遺毎笆・           笆・1.7 GB/4.9 GB  7.9 MB/s   6m53s[K[A[1Gpulling manifest [K
pulling 667b0c1932bc:  34% 笆補毎笆遺毎笆遺毎笆・           笆・1.7 GB/4.9 GB  8.0 MB/s   6m45s[K[A[1Gpulling manifest [K
pulling 667b0c1932bc:  34% 笆補毎笆遺毎笆遺毎笆・           笆・1.7 GB/4.9 GB  8.0 MB/s   6m45s[K[A[1Gpulling manifest [K
pulling 667b0c1932bc:  34% 笆補毎笆遺毎笆遺毎笆・           笆・1.7 GB/4.9 GB  8.0 MB/s   6m44s[K[A[1Gpulling manifest [K
pulling 667b0c1932bc:  34% 笆補毎笆遺毎笆遺毎笆・           笆・1.7 GB/4.9 GB  8.0 MB/s   6m44s[K[A[1Gpulling manifest [K
pulling 667b0c1932bc:  34% 笆補毎笆遺毎笆遺毎笆・           笆・1.7 GB/4.9 GB  8.0 MB/s   6m44s[K[A[1Gpulling manifest [K
pulling 667b0c1932bc:  34% 笆補毎笆遺毎笆遺毎笆・           笆・1.7 GB/4.9 GB  8.0 MB/s   6m44s[K[A[1Gpulling manifest [K
pulling 667b0c1932bc:  34% 笆補毎笆遺毎笆遺毎笆・           笆・1.7 GB/4.9 GB  8.0 MB/s   6m44s[K[A[1Gpulling manifest [K
pulling 667b0c1932bc:  34% 笆補毎笆遺毎笆遺毎笆・           笆・1.7 GB/4.9 GB  8.0 MB/s   6m44s[K[A[1Gpulling manifest [K
pulling 667b0c1932bc:  34% 笆補毎笆遺毎笆遺毎笆・           笆・1.7 GB/4.9 GB  8.0 MB/s   6m44s[K[A[1Gpulling manifest [K
pulling 667b0c1932bc:  34% 笆補毎笆遺毎笆遺毎笆・           笆・1.7 GB/4.9 GB  8.0 MB/s   6m44s[K[A[1Gpulling manifest [K
pulling 667b0c1932bc:  34% 笆補毎笆遺毎笆遺毎笆・           笆・1.7 GB/4.9 GB  8.0 MB/s   6m44s[K[A[1Gpulling manifest [K
pulling 667b0c1932bc:  34% 笆補毎笆遺毎笆遺毎笆・           笆・1.7 GB/4.9 GB  8.0 MB/s   6m43s[K[A[1Gpulling manifest [K
pulling 667b0c1932bc:  34% 笆補毎笆遺毎笆遺毎笆・           笆・1.7 GB/4.9 GB  8.0 MB/s   6m43s[K[A[1Gpulling manifest [K
pulling 667b0c1932bc:  34% 笆補毎笆遺毎笆遺毎笆・           笆・1.7 GB/4.9 GB  8.0 MB/s   6m43s[K[A[1Gpulling manifest [K
pulling 667b0c1932bc:  34% 笆補毎笆遺毎笆遺毎笆・           笆・1.7 GB/4.9 GB  8.0 MB/s   6m43s[K[A[1Gpulling manifest [K
pulling 667b0c1932bc:  34% 笆補毎笆遺毎笆遺毎笆・           笆・1.7 GB/4.9 GB  8.0 MB/s   6m43s[K[A[1Gpulling manifest [K
pulling 667b0c1932bc:  34% 笆補毎笆遺毎笆遺毎笆・           笆・1.7 GB/4.9 GB  8.0 MB/s   6m43s[K[A[1Gpulling manifest [K
pulling 667b0c1932bc:  34% 笆補毎笆遺毎笆遺毎笆・           笆・1.7 GB/4.9 GB  8.0 MB/s   6m43s[K[A[1Gpulling manifest [K
pulling 667b0c1932bc:  34% 笆補毎笆遺毎笆遺毎笆・           笆・1.7 GB/4.9 GB  8.0 MB/s   6m43s[K[A[1Gpulling manifest [K
pulling 667b0c1932bc:  34% 笆補毎笆遺毎笆遺毎笆・           笆・1.7 GB/4.9 GB  8.0 MB/s   6m43s[K[A[1Gpulling manifest [K
pulling 667b0c1932bc:  34% 笆補毎笆遺毎笆遺毎笆・           笆・1.7 GB/4.9 GB  7.9 MB/s   6m50s[K[A[1Gpulling manifest [K
pulling 667b0c1932bc:  34% 笆補毎笆遺毎笆遺毎笆・           笆・1.7 GB/4.9 GB  7.9 MB/s   6m49s[K[A[1Gpulling manifest [K
pulling 667b0c1932bc:  34% 笆補毎笆遺毎笆遺毎笆・           笆・1.7 GB/4.9 GB  7.9 MB/s   6m49s[K[A[1Gpulling manifest [K
pulling 667b0c1932bc:  34% 笆補毎笆遺毎笆遺毎笆・           笆・1.7 GB/4.9 GB  7.9 MB/s   6m49s[K[A[1Gpulling manifest [K
pulling 667b0c1932bc:  34% 笆補毎笆遺毎笆遺毎笆・           笆・1.7 GB/4.9 GB  7.9 MB/s   6m49s[K[A[1Gpulling manifest [K
pulling 667b0c1932bc:  34% 笆補毎笆遺毎笆遺毎笆・           笆・1.7 GB/4.9 GB  7.9 MB/s   6m49s[K[A[1Gpulling manifest [K
pulling 667b0c1932bc:  34% 笆補毎笆遺毎笆遺毎笆・           笆・1.7 GB/4.9 GB  7.9 MB/s   6m49s[K[A[1Gpulling manifest [K
pulling 667b0c1932bc:  34% 笆補毎笆遺毎笆遺毎笆・           笆・1.7 GB/4.9 GB  7.9 MB/s   6m49s[K[A[1Gpulling manifest [K
pulling 667b0c1932bc:  34% 笆補毎笆遺毎笆遺毎笆・           笆・1.7 GB/4.9 GB  7.9 MB/s   6m49s[K[A[1Gpulling manifest [K
pulling 667b0c1932bc:  34% 笆補毎笆遺毎笆遺毎笆・           笆・1.7 GB/4.9 GB  7.9 MB/s   6m48s[K[A[1Gpulling manifest [K
pulling 667b0c1932bc:  34% 笆補毎笆遺毎笆遺毎笆・           笆・1.7 GB/4.9 GB  7.9 MB/s   6m48s[K[A[1Gpulling manifest [K
pulling 667b0c1932bc:  34% 笆補毎笆遺毎笆遺毎笆・           笆・1.7 GB/4.9 GB  8.1 MB/s   6m38s[K[A[1Gpulling manifest [K
pulling 667b0c1932bc:  34% 笆補毎笆遺毎笆遺毎笆・           笆・1.7 GB/4.9 GB  8.1 MB/s   6m38s[K[A[1Gpulling manifest [K
pulling 667b0c1932bc:  34% 笆補毎笆遺毎笆遺毎笆・           笆・1.7 GB/4.9 GB  8.1 MB/s   6m38s[K[A[1Gpulling manifest [K
pulling 667b0c1932bc:  34% 笆補毎笆遺毎笆遺毎笆・           笆・1.7 GB/4.9 GB  8.1 MB/s   6m38s[K[A[1Gpulling manifest [K
pulling 667b0c1932bc:  34% 笆補毎笆遺毎笆遺毎笆・           笆・1.7 GB/4.9 GB  8.1 MB/s   6m38s[K[A[1Gpulling manifest [K
pulling 667b0c1932bc:  34% 笆補毎笆遺毎笆遺毎笆・           笆・1.7 GB/4.9 GB  8.1 MB/s   6m38s[K[A[1Gpulling manifest [K
pulling 667b0c1932bc:  35% 笆補毎笆遺毎笆遺毎笆・           笆・1.7 GB/4.9 GB  8.1 MB/s   6m38s[K[A[1Gpulling manifest [K
pulling 667b0c1932bc:  35% 笆補毎笆遺毎笆遺毎笆・           笆・1.7 GB/4.9 GB  8.1 MB/s   6m38s[K[A[1Gpulling manifest [K
pulling 667b0c1932bc:  35% 笆補毎笆遺毎笆遺毎笆・           笆・1.7 GB/4.9 GB  8.1 MB/s   6m38s[K[A[1Gpulling manifest [K
pulling 667b0c1932bc:  35% 笆補毎笆遺毎笆遺毎笆・           笆・1.7 GB/4.9 GB  8.1 MB/s   6m38s[K[A[1Gpulling manifest [K
pulling 667b0c1932bc:  35% 笆補毎笆遺毎笆遺毎笆・           笆・1.7 GB/4.9 GB  7.8 MB/s   6m52s[K[A[1Gpulling manifest [K
pulling 667b0c1932bc:  35% 笆補毎笆遺毎笆遺毎笆・           笆・1.7 GB/4.9 GB  7.8 MB/s   6m52s[K[A[1Gpulling manifest [K
pulling 667b0c1932bc:  35% 笆補毎笆遺毎笆遺毎笆・           笆・1.7 GB/4.9 GB  7.8 MB/s   6m52s[K[A[1Gpulling manifest [K
pulling 667b0c1932bc:  35% 笆補毎笆遺毎笆遺毎笆・           笆・1.7 GB/4.9 GB  7.8 MB/s   6m52s[K[A[1Gpulling manifest [K
pulling 667b0c1932bc:  35% 笆補毎笆遺毎笆遺毎笆・           笆・1.7 GB/4.9 GB  7.8 MB/s   6m51s[K[A[1Gpulling manifest [K
pulling 667b0c1932bc:  35% 笆補毎笆遺毎笆遺毎笆・           笆・1.7 GB/4.9 GB  7.8 MB/s   6m51s[K[A[1Gpulling manifest [K
pulling 667b0c1932bc:  35% 笆補毎笆遺毎笆遺毎笆・           笆・1.7 GB/4.9 GB  7.8 MB/s   6m51s[K[A[1Gpulling manifest [K
pulling 667b0c1932bc:  35% 笆補毎笆遺毎笆遺毎笆・           笆・1.7 GB/4.9 GB  7.8 MB/s   6m51s[K[A[1Gpulling manifest [K
pulling 667b0c1932bc:  35% 笆補毎笆遺毎笆遺毎笆・           笆・1.7 GB/4.9 GB  7.8 MB/s   6m51s[K[A[1Gpulling manifest [K
pulling 667b0c1932bc:  35% 笆補毎笆遺毎笆遺毎笆・           笆・1.7 GB/4.9 GB  7.8 MB/s   6m51s[K[A[1Gpulling manifest [K
pulling 667b0c1932bc:  35% 笆補毎笆遺毎笆遺毎笆・           笆・1.7 GB/4.9 GB  7.8 MB/s   6m50s[K[A[1Gpulling manifest [K
pulling 667b0c1932bc:  35% 笆補毎笆遺毎笆遺毎笆・           笆・1.7 GB/4.9 GB  7.8 MB/s   6m49s[K[A[1Gpulling manifest [K
pulling 667b0c1932bc:  35% 笆補毎笆遺毎笆遺毎笆・           笆・1.7 GB/4.9 GB  7.8 MB/s   6m49s[K[A[1Gpulling manifest [K
pulling 667b0c1932bc:  35% 笆補毎笆遺毎笆遺毎笆・           笆・1.7 GB/4.9 GB  7.8 MB/s   6m49s[K[A[1Gpulling manifest [K
pulling 667b0c1932bc:  35% 笆補毎笆遺毎笆遺毎笆・           笆・1.7 GB/4.9 GB  7.8 MB/s   6m49s[K[A[1Gpulling manifest [K
pulling 667b0c1932bc:  35% 笆補毎笆遺毎笆遺毎笆・           笆・1.7 GB/4.9 GB  7.8 MB/s   6m49s[K[A[1Gpulling manifest [K
pulling 667b0c1932bc:  35% 笆補毎笆遺毎笆遺毎笆・           笆・1.7 GB/4.9 GB  7.8 MB/s   6m49s[K[A[1Gpulling manifest [K
pulling 667b0c1932bc:  35% 笆補毎笆遺毎笆遺毎笆・           笆・1.7 GB/4.9 GB  7.8 MB/s   6m49s[K[A[1Gpulling manifest [K
pulling 667b0c1932bc:  35% 笆補毎笆遺毎笆遺毎笆・           笆・1.7 GB/4.9 GB  7.8 MB/s   6m49s[K[A[1Gpulling manifest [K
pulling 667b0c1932bc:  35% 笆補毎笆遺毎笆遺毎笆・           笆・1.7 GB/4.9 GB  7.8 MB/s   6m49s[K[A[1Gpulling manifest [K
pulling 667b0c1932bc:  35% 笆補毎笆遺毎笆遺毎笆・           笆・1.7 GB/4.9 GB  8.1 MB/s   6m37s[K[A[1Gpulling manifest [K
pulling 667b0c1932bc:  35% 笆補毎笆遺毎笆遺毎笆・           笆・1.7 GB/4.9 GB  8.1 MB/s   6m37s[K[A[1Gpulling manifest [K
pulling 667b0c1932bc:  35% 笆補毎笆遺毎笆遺毎笆・           笆・1.7 GB/4.9 GB  8.1 MB/s   6m37s[K[A[1Gpulling manifest [K
pulling 667b0c1932bc:  35% 笆補毎笆遺毎笆遺毎笆・           笆・1.7 GB/4.9 GB  8.1 MB/s   6m37s[K[A[1Gpulling manifest [K
pulling 667b0c1932bc:  35% 笆補毎笆遺毎笆遺毎笆・           笆・1.7 GB/4.9 GB  8.1 MB/s   6m37s[K[A[1Gpulling manifest [K
pulling 667b0c1932bc:  35% 笆補毎笆遺毎笆遺毎笆・           笆・1.7 GB/4.9 GB  8.1 MB/s   6m37s[K[A[1Gpulling manifest [K
pulling 667b0c1932bc:  35% 笆補毎笆遺毎笆遺毎笆・           笆・1.7 GB/4.9 GB  8.1 MB/s   6m36s[K[A[1Gpulling manifest [K
pulling 667b0c1932bc:  35% 笆補毎笆遺毎笆遺毎笆・           笆・1.7 GB/4.9 GB  8.1 MB/s   6m36s[K[A[1Gpulling manifest [K
pulling 667b0c1932bc:  35% 笆補毎笆遺毎笆遺毎笆・           笆・1.7 GB/4.9 GB  8.1 MB/s   6m36s[K[A[1Gpulling manifest [K
pulling 667b0c1932bc:  35% 笆補毎笆遺毎笆遺毎笆・           笆・1.7 GB/4.9 GB  8.1 MB/s   6m36s[K[A[1Gpulling manifest [K
pulling 667b0c1932bc:  35% 笆補毎笆遺毎笆遺毎笆・           笆・1.7 GB/4.9 GB  8.0 MB/s   6m39s[K[A[1Gpulling manifest [K
pulling 667b0c1932bc:  35% 笆補毎笆遺毎笆遺毎笆・           笆・1.7 GB/4.9 GB  8.0 MB/s   6m39s[K[A[1Gpulling manifest [K
pulling 667b0c1932bc:  35% 笆補毎笆遺毎笆遺毎笆・           笆・1.7 GB/4.9 GB  8.0 MB/s   6m38s[K[A[1Gpulling manifest [K
pulling 667b0c1932bc:  35% 笆補毎笆遺毎笆遺毎笆・           笆・1.7 GB/4.9 GB  8.0 MB/s   6m38s[K[A[1Gpulling manifest [K
pulling 667b0c1932bc:  35% 笆補毎笆遺毎笆遺毎笆・           笆・1.7 GB/4.9 GB  8.0 MB/s   6m38s[K[A[1Gpulling manifest [K
pulling 667b0c1932bc:  35% 笆補毎笆遺毎笆遺毎笆・           笆・1.7 GB/4.9 GB  8.0 MB/s   6m38s[K[A[1Gpulling manifest [K
pulling 667b0c1932bc:  35% 笆補毎笆遺毎笆遺毎笆・           笆・1.7 GB/4.9 GB  8.0 MB/s   6m38s[K[A[1Gpulling manifest [K
pulling 667b0c1932bc:  35% 笆補毎笆遺毎笆遺毎笆・           笆・1.7 GB/4.9 GB  8.0 MB/s   6m38s[K[A[1Gpulling manifest [K
pulling 667b0c1932bc:  35% 笆補毎笆遺毎笆遺毎笆・           笆・1.7 GB/4.9 GB  8.0 MB/s   6m38s[K[A[1Gpulling manifest [K
pulling 667b0c1932bc:  35% 笆補毎笆遺毎笆遺毎笆・           笆・1.7 GB/4.9 GB  8.0 MB/s   6m38s[K[A[1Gpulling manifest [K
pulling 667b0c1932bc:  35% 笆補毎笆遺毎笆遺毎笆・           笆・1.7 GB/4.9 GB  8.0 MB/s   6m38s[K[A[1Gpulling manifest [K
pulling 667b0c1932bc:  35% 笆補毎笆遺毎笆遺毎笆・           笆・1.7 GB/4.9 GB  8.0 MB/s   6m39s[K[A[1Gpulling manifest [K
pulling 667b0c1932bc:  35% 笆補毎笆遺毎笆遺毎笆・           笆・1.7 GB/4.9 GB  8.0 MB/s   6m39s[K[A[1Gpulling manifest [K
pulling 667b0c1932bc:  35% 笆補毎笆遺毎笆遺毎笆・           笆・1.7 GB/4.9 GB  8.0 MB/s   6m39s[K[A[1Gpulling manifest [K
pulling 667b0c1932bc:  35% 笆補毎笆遺毎笆遺毎笆・           笆・1.7 GB/4.9 GB  8.0 MB/s   6m39s[K[A[1Gpulling manifest [K
pulling 667b0c1932bc:  35% 笆補毎笆遺毎笆遺毎笆・           笆・1.7 GB/4.9 GB  8.0 MB/s   6m39s[K[A[1Gpulling manifest [K
pulling 667b0c1932bc:  35% 笆補毎笆遺毎笆遺毎笆・           笆・1.7 GB/4.9 GB  8.0 MB/s   6m39s[K[A[1Gpulling manifest [K
pulling 667b0c1932bc:  35% 笆補毎笆遺毎笆遺毎笆・           笆・1.7 GB/4.9 GB  8.0 MB/s   6m39s[K[A[1Gpulling manifest [K
pulling 667b0c1932bc:  35% 笆補毎笆遺毎笆遺毎笆・           笆・1.7 GB/4.9 GB  8.0 MB/s   6m39s[K[A[1Gpulling manifest [K
pulling 667b0c1932bc:  35% 笆補毎笆遺毎笆遺毎笆・           笆・1.7 GB/4.9 GB  8.0 MB/s   6m39s[K[A[1Gpulling manifest [K
pulling 667b0c1932bc:  35% 笆補毎笆遺毎笆遺毎笆・           笆・1.7 GB/4.9 GB  8.0 MB/s   6m38s[K[A[1Gpulling manifest [K
pulling 667b0c1932bc:  35% 笆補毎笆遺毎笆遺毎笆・           笆・1.7 GB/4.9 GB  8.1 MB/s   6m32s[K[A[1Gpulling manifest [K
pulling 667b0c1932bc:  35% 笆補毎笆遺毎笆遺毎笆・           笆・1.7 GB/4.9 GB  8.1 MB/s   6m32s[K[A[1Gpulling manifest [K
pulling 667b0c1932bc:  35% 笆補毎笆遺毎笆遺毎笆・           笆・1.7 GB/4.9 GB  8.1 MB/s   6m32s[K[A[1Gpulling manifest [K
pulling 667b0c1932bc:  35% 笆補毎笆遺毎笆遺毎笆・           笆・1.7 GB/4.9 GB  8.1 MB/s   6m32s[K[A[1Gpulling manifest [K
pulling 667b0c1932bc:  35% 笆補毎笆遺毎笆遺毎笆・           笆・1.7 GB/4.9 GB  8.1 MB/s   6m32s[K[A[1Gpulling manifest [K
pulling 667b0c1932bc:  35% 笆補毎笆遺毎笆遺毎笆・           笆・1.7 GB/4.9 GB  8.1 MB/s   6m31s[K[A[1Gpulling manifest [K
pulling 667b0c1932bc:  35% 笆補毎笆遺毎笆遺毎笆・           笆・1.7 GB/4.9 GB  8.1 MB/s   6m31s[K[A[1Gpulling manifest [K
pulling 667b0c1932bc:  35% 笆補毎笆遺毎笆遺毎笆・           笆・1.7 GB/4.9 GB  8.1 MB/s   6m31s[K[A[1Gpulling manifest [K
pulling 667b0c1932bc:  35% 笆補毎笆遺毎笆遺毎笆・           笆・1.7 GB/4.9 GB  8.1 MB/s   6m31s[K[A[1Gpulling manifest [K
pulling 667b0c1932bc:  36% 笆補毎笆遺毎笆遺毎笆・           笆・1.7 GB/4.9 GB  8.1 MB/s   6m31s[K[A[1Gpulling manifest [K
pulling 667b0c1932bc:  36% 笆補毎笆遺毎笆遺毎笆・           笆・1.7 GB/4.9 GB  7.9 MB/s   6m42s[K[A[1Gpulling manifest [K
pulling 667b0c1932bc:  36% 笆補毎笆遺毎笆遺毎笆・           笆・1.7 GB/4.9 GB  7.9 MB/s   6m42s[K[A[1Gpulling manifest [K
pulling 667b0c1932bc:  36% 笆補毎笆遺毎笆遺毎笆・           笆・1.7 GB/4.9 GB  7.9 MB/s   6m42s[K[A[1Gpulling manifest [K
pulling 667b0c1932bc:  36% 笆補毎笆遺毎笆遺毎笆・           笆・1.8 GB/4.9 GB  7.9 MB/s   6m42s[K[A[1Gpulling manifest [K
pulling 667b0c1932bc:  36% 笆補毎笆遺毎笆遺毎笆・           笆・1.8 GB/4.9 GB  7.9 MB/s   6m42s[K[A[1Gpulling manifest [K
pulling 667b0c1932bc:  36% 笆補毎笆遺毎笆遺毎笆・           笆・1.8 GB/4.9 GB  7.9 MB/s   6m42s[K[A[1Gpulling manifest [K
pulling 667b0c1932bc:  36% 笆補毎笆遺毎笆遺毎笆・           笆・1.8 GB/4.9 GB  7.9 MB/s   6m42s[K[A[1Gpulling manifest [K
pulling 667b0c1932bc:  36% 笆補毎笆遺毎笆遺毎笆・           笆・1.8 GB/4.9 GB  7.9 MB/s   6m42s[K[A[1Gpulling manifest [K
pulling 667b0c1932bc:  36% 笆補毎笆遺毎笆遺毎笆・           笆・1.8 GB/4.9 GB  7.9 MB/s   6m41s[K[A[1Gpulling manifest [K
pulling 667b0c1932bc:  36% 笆補毎笆遺毎笆遺毎笆・           笆・1.8 GB/4.9 GB  7.9 MB/s   6m41s[K[A[1Gpulling manifest [K
pulling 667b0c1932bc:  36% 笆補毎笆遺毎笆遺毎笆・           笆・1.8 GB/4.9 GB  7.8 MB/s   6m44s[K[A[1Gpulling manifest [K
pulling 667b0c1932bc:  36% 笆補毎笆遺毎笆遺毎笆・           笆・1.8 GB/4.9 GB  7.8 MB/s   6m44s[K[A[1Gpulling manifest [K
pulling 667b0c1932bc:  36% 笆補毎笆遺毎笆遺毎笆・           笆・1.8 GB/4.9 GB  7.8 MB/s   6m43s[K[A[1Gpulling manifest [K
pulling 667b0c1932bc:  36% 笆補毎笆遺毎笆遺毎笆・           笆・1.8 GB/4.9 GB  7.8 MB/s   6m43s[K[A[1Gpulling manifest [K
pulling 667b0c1932bc:  36% 笆補毎笆遺毎笆遺毎笆・           笆・1.8 GB/4.9 GB  7.8 MB/s   6m43s[K[A[1Gpulling manifest [K
pulling 667b0c1932bc:  36% 笆補毎笆遺毎笆遺毎笆・           笆・1.8 GB/4.9 GB  7.8 MB/s   6m43s[K[A[1Gpulling manifest [K
pulling 667b0c1932bc:  36% 笆補毎笆遺毎笆遺毎笆・           笆・1.8 GB/4.9 GB  7.8 MB/s   6m43s[K[A[1Gpulling manifest [K
pulling 667b0c1932bc:  36% 笆補毎笆遺毎笆遺毎笆・           笆・1.8 GB/4.9 GB  7.8 MB/s   6m43s[K[A[1Gpulling manifest [K
pulling 667b0c1932bc:  36% 笆補毎笆遺毎笆遺毎笆・           笆・1.8 GB/4.9 GB  7.8 MB/s   6m43s[K[A[1Gpulling manifest [K
pulling 667b0c1932bc:  36% 笆補毎笆遺毎笆遺毎笆・           笆・1.8 GB/4.9 GB  7.8 MB/s   6m43s[K[A[1Gpulling manifest [K
pulling 667b0c1932bc:  36% 笆補毎笆遺毎笆遺毎笆・           笆・1.8 GB/4.9 GB  7.7 MB/s   6m47s[K[A[1Gpulling manifest [K
pulling 667b0c1932bc:  36% 笆補毎笆遺毎笆遺毎笆・           笆・1.8 GB/4.9 GB  7.7 MB/s   6m47s[K[A[1Gpulling manifest [K
pulling 667b0c1932bc:  36% 笆補毎笆遺毎笆遺毎笆・           笆・1.8 GB/4.9 GB  7.7 MB/s   6m47s[K[A[1Gpulling manifest [K
pulling 667b0c1932bc:  36% 笆補毎笆遺毎笆遺毎笆・           笆・1.8 GB/4.9 GB  7.7 MB/s   6m47s[K[A[1Gpulling manifest [K
pulling 667b0c1932bc:  36% 笆補毎笆遺毎笆遺毎笆・           笆・1.8 GB/4.9 GB  7.7 MB/s   6m47s[K[A[1Gpulling manifest [K
pulling 667b0c1932bc:  36% 笆補毎笆遺毎笆遺毎笆・           笆・1.8 GB/4.9 GB  7.7 MB/s   6m47s[K[A[1Gpulling manifest [K
pulling 667b0c1932bc:  36% 笆補毎笆遺毎笆遺毎笆・           笆・1.8 GB/4.9 GB  7.7 MB/s   6m47s[K[A[1Gpulling manifest [K
pulling 667b0c1932bc:  36% 笆補毎笆遺毎笆遺毎笆・           笆・1.8 GB/4.9 GB  7.7 MB/s   6m47s[K[A[1Gpulling manifest [K
pulling 667b0c1932bc:  36% 笆補毎笆遺毎笆遺毎笆・           笆・1.8 GB/4.9 GB  7.7 MB/s   6m46s[K[A[1Gpulling manifest [K
pulling 667b0c1932bc:  36% 笆補毎笆遺毎笆遺毎笆・           笆・1.8 GB/4.9 GB  7.7 MB/s   6m46s[K[A[1Gpulling manifest [K
pulling 667b0c1932bc:  36% 笆補毎笆遺毎笆遺毎笆・           笆・1.8 GB/4.9 GB  7.7 MB/s   6m46s[K[A[1Gpulling manifest [K
pulling 667b0c1932bc:  36% 笆補毎笆遺毎笆遺毎笆・           笆・1.8 GB/4.9 GB  7.8 MB/s   6m42s[K[A[1Gpulling manifest [K
pulling 667b0c1932bc:  36% 笆補毎笆遺毎笆遺毎笆・           笆・1.8 GB/4.9 GB  7.8 MB/s   6m42s[K[A[1Gpulling manifest [K
pulling 667b0c1932bc:  36% 笆補毎笆遺毎笆遺毎笆・           笆・1.8 GB/4.9 GB  7.8 MB/s   6m42s[K[A[1Gpulling manifest [K
pulling 667b0c1932bc:  36% 笆補毎笆遺毎笆遺毎笆・           笆・1.8 GB/4.9 GB  7.8 MB/s   6m42s[K[A[1Gpulling manifest [K
pulling 667b0c1932bc:  36% 笆補毎笆遺毎笆遺毎笆・           笆・1.8 GB/4.9 GB  7.8 MB/s   6m42s[K[A[1Gpulling manifest [K
pulling 667b0c1932bc:  36% 笆補毎笆遺毎笆遺毎笆・           笆・1.8 GB/4.9 GB  7.8 MB/s   6m41s[K[A[1Gpulling manifest [K
pulling 667b0c1932bc:  36% 笆補毎笆遺毎笆遺毎笆・           笆・1.8 GB/4.9 GB  7.8 MB/s   6m41s[K[A[1Gpulling manifest [K
pulling 667b0c1932bc:  36% 笆補毎笆遺毎笆遺毎笆・           笆・1.8 GB/4.9 GB  7.8 MB/s   6m41s[K[A[1Gpulling manifest [K
pulling 667b0c1932bc:  36% 笆補毎笆遺毎笆遺毎笆・           笆・1.8 GB/4.9 GB  7.8 MB/s   6m41s[K[A[1Gpulling manifest [K
pulling 667b0c1932bc:  36% 笆補毎笆遺毎笆遺毎笆・           笆・1.8 GB/4.9 GB  7.8 MB/s   6m41s[K[A[1Gpulling manifest [K
pulling 667b0c1932bc:  36% 笆補毎笆遺毎笆遺毎笆・           笆・1.8 GB/4.9 GB  7.8 MB/s   6m41s[K[A[1Gpulling manifest [K
pulling 667b0c1932bc:  36% 笆補毎笆遺毎笆遺毎笆・           笆・1.8 GB/4.9 GB  7.8 MB/s   6m41s[K[A[1Gpulling manifest [K
pulling 667b0c1932bc:  36% 笆補毎笆遺毎笆遺毎笆・           笆・1.8 GB/4.9 GB  7.8 MB/s   6m40s[K[A[1Gpulling manifest [K
pulling 667b0c1932bc:  36% 笆補毎笆遺毎笆遺毎笆・           笆・1.8 GB/4.9 GB  7.8 MB/s   6m40s[K[A[1Gpulling manifest [K
pulling 667b0c1932bc:  36% 笆補毎笆遺毎笆遺毎笆・           笆・1.8 GB/4.9 GB  7.8 MB/s   6m40s[K[A[1Gpulling manifest [K
pulling 667b0c1932bc:  36% 笆補毎笆遺毎笆遺毎笆・           笆・1.8 GB/4.9 GB  7.8 MB/s   6m40s[K[A[1Gpulling manifest [K
pulling 667b0c1932bc:  36% 笆補毎笆遺毎笆遺毎笆・           笆・1.8 GB/4.9 GB  7.8 MB/s   6m40s[K[A[1Gpulling manifest [K
pulling 667b0c1932bc:  36% 笆補毎笆遺毎笆遺毎笆・           笆・1.8 GB/4.9 GB  7.8 MB/s   6m40s[K[A[1Gpulling manifest [K
pulling 667b0c1932bc:  36% 笆補毎笆遺毎笆遺毎笆・           笆・1.8 GB/4.9 GB  7.8 MB/s   6m40s[K[A[1Gpulling manifest [K
pulling 667b0c1932bc:  36% 笆補毎笆遺毎笆遺毎笆・           笆・1.8 GB/4.9 GB  7.8 MB/s   6m40s[K[A[1Gpulling manifest [K
pulling 667b0c1932bc:  36% 笆補毎笆遺毎笆遺毎笆・           笆・1.8 GB/4.9 GB  7.7 MB/s   6m46s[K[A[1Gpulling manifest [K
pulling 667b0c1932bc:  36% 笆補毎笆遺毎笆遺毎笆・           笆・1.8 GB/4.9 GB  7.7 MB/s   6m46s[K[A[1Gpulling manifest [K
pulling 667b0c1932bc:  36% 笆補毎笆遺毎笆遺毎笆・           笆・1.8 GB/4.9 GB  7.7 MB/s   6m46s[K[A[1Gpulling manifest [K
pulling 667b0c1932bc:  36% 笆補毎笆遺毎笆遺毎笆・           笆・1.8 GB/4.9 GB  7.7 MB/s   6m46s[K[A[1Gpulling manifest [K
pulling 667b0c1932bc:  36% 笆補毎笆遺毎笆遺毎笆・           笆・1.8 GB/4.9 GB  7.7 MB/s   6m46s[K[A[1Gpulling manifest [K
pulling 667b0c1932bc:  36% 笆補毎笆遺毎笆遺毎笆・           笆・1.8 GB/4.9 GB  7.7 MB/s   6m46s[K[A[1Gpulling manifest [K
pulling 667b0c1932bc:  36% 笆補毎笆遺毎笆遺毎笆・           笆・1.8 GB/4.9 GB  7.7 MB/s   6m46s[K[A[1Gpulling manifest [K
pulling 667b0c1932bc:  36% 笆補毎笆遺毎笆遺毎笆・           笆・1.8 GB/4.9 GB  7.7 MB/s   6m45s[K[A[1Gpulling manifest [K
pulling 667b0c1932bc:  36% 笆補毎笆遺毎笆遺毎笆・           笆・1.8 GB/4.9 GB  7.7 MB/s   6m45s[K[A[1Gpulling manifest [K
pulling 667b0c1932bc:  36% 笆補毎笆遺毎笆遺毎笆・           笆・1.8 GB/4.9 GB  7.7 MB/s   6m45s[K[A[1Gpulling manifest [K
pulling 667b0c1932bc:  36% 笆補毎笆遺毎笆遺毎笆・           笆・1.8 GB/4.9 GB  7.7 MB/s   6m43s[K[A[1Gpulling manifest [K
pulling 667b0c1932bc:  36% 笆補毎笆遺毎笆遺毎笆・           笆・1.8 GB/4.9 GB  7.7 MB/s   6m43s[K[A[1Gpulling manifest [K
pulling 667b0c1932bc:  36% 笆補毎笆遺毎笆遺毎笆・           笆・1.8 GB/4.9 GB  7.7 MB/s   6m43s[K[A[1Gpulling manifest [K
pulling 667b0c1932bc:  36% 笆補毎笆遺毎笆遺毎笆・           笆・1.8 GB/4.9 GB  7.7 MB/s   6m43s[K[A[1Gpulling manifest [K
pulling 667b0c1932bc:  36% 笆補毎笆遺毎笆遺毎笆・           笆・1.8 GB/4.9 GB  7.7 MB/s   6m43s[K[A[1Gpulling manifest [K
pulling 667b0c1932bc:  36% 笆補毎笆遺毎笆遺毎笆・           笆・1.8 GB/4.9 GB  7.7 MB/s   6m43s[K[A[1Gpulling manifest [K
pulling 667b0c1932bc:  37% 笆補毎笆遺毎笆遺毎笆・           笆・1.8 GB/4.9 GB  7.7 MB/s   6m43s[K[A[1Gpulling manifest [K
pulling 667b0c1932bc:  37% 笆補毎笆遺毎笆遺毎笆・           笆・1.8 GB/4.9 GB  7.7 MB/s   6m43s[K[A[1Gpulling manifest [K
pulling 667b0c1932bc:  37% 笆補毎笆遺毎笆遺毎笆・           笆・1.8 GB/4.9 GB  7.7 MB/s   6m43s[K[A[1Gpulling manifest [K
pulling 667b0c1932bc:  37% 笆補毎笆遺毎笆遺毎笆・           笆・1.8 GB/4.9 GB  7.7 MB/s   6m43s[K[A[1Gpulling manifest [K
pulling 667b0c1932bc:  37% 笆補毎笆遺毎笆遺毎笆・           笆・1.8 GB/4.9 GB  7.4 MB/s    7m0s[K[A[1Gpulling manifest [K
pulling 667b0c1932bc:  37% 笆補毎笆遺毎笆遺毎笆・           笆・1.8 GB/4.9 GB  7.4 MB/s    7m0s[K[A[1Gpulling manifest [K
pulling 667b0c1932bc:  37% 笆補毎笆遺毎笆遺毎笆・           笆・1.8 GB/4.9 GB  7.4 MB/s    7m0s[K[A[1Gpulling manifest [K
pulling 667b0c1932bc:  37% 笆補毎笆遺毎笆遺毎笆・           笆・1.8 GB/4.9 GB  7.4 MB/s    7m0s[K[A[1Gpulling manifest [K
pulling 667b0c1932bc:  37% 笆補毎笆遺毎笆遺毎笆・           笆・1.8 GB/4.9 GB  7.4 MB/s    7m0s[K[A[1Gpulling manifest [K
pulling 667b0c1932bc:  37% 笆補毎笆遺毎笆遺毎笆・           笆・1.8 GB/4.9 GB  7.4 MB/s    7m0s[K[A[1Gpulling manifest [K
pulling 667b0c1932bc:  37% 笆補毎笆遺毎笆遺毎笆・           笆・1.8 GB/4.9 GB  7.4 MB/s   6m59s[K[A[1Gpulling manifest [K
pulling 667b0c1932bc:  37% 笆補毎笆遺毎笆遺毎笆・           笆・1.8 GB/4.9 GB  7.4 MB/s   6m59s[K[A[1Gpulling manifest [K
pulling 667b0c1932bc:  37% 笆補毎笆遺毎笆遺毎笆・           笆・1.8 GB/4.9 GB  7.4 MB/s   6m59s[K[A[1Gpulling manifest [K
pulling 667b0c1932bc:  37% 笆補毎笆遺毎笆遺毎笆・           笆・1.8 GB/4.9 GB  7.4 MB/s   6m59s[K[A[1Gpulling manifest [K
pulling 667b0c1932bc:  37% 笆補毎笆遺毎笆遺毎笆・           笆・1.8 GB/4.9 GB  7.4 MB/s   6m59s[K[A[1Gpulling manifest [K
pulling 667b0c1932bc:  37% 笆補毎笆遺毎笆遺毎笆・           笆・1.8 GB/4.9 GB  7.4 MB/s    7m0s[K[A[1Gpulling manifest [K
pulling 667b0c1932bc:  37% 笆補毎笆遺毎笆遺毎笆・           笆・1.8 GB/4.9 GB  7.4 MB/s    7m0s[K[A[1Gpulling manifest [K
pulling 667b0c1932bc:  37% 笆補毎笆遺毎笆遺毎笆・           笆・1.8 GB/4.9 GB  7.4 MB/s    7m0s[K[A[1Gpulling manifest [K
pulling 667b0c1932bc:  37% 笆補毎笆遺毎笆遺毎笆・           笆・1.8 GB/4.9 GB  7.4 MB/s    7m0s[K[A[1Gpulling manifest [K
pulling 667b0c1932bc:  37% 笆補毎笆遺毎笆遺毎笆・           笆・1.8 GB/4.9 GB  7.4 MB/s    7m0s[K[A[1Gpulling manifest [K
pulling 667b0c1932bc:  37% 笆補毎笆遺毎笆遺毎笆・           笆・1.8 GB/4.9 GB  7.4 MB/s    7m0s[K[A[1Gpulling manifest [K
pulling 667b0c1932bc:  37% 笆補毎笆遺毎笆遺毎笆・           笆・1.8 GB/4.9 GB  7.4 MB/s    7m0s[K[A[1Gpulling manifest [K
pulling 667b0c1932bc:  37% 笆補毎笆遺毎笆遺毎笆・           笆・1.8 GB/4.9 GB  7.4 MB/s    7m0s[K[A[1Gpulling manifest [K
pulling 667b0c1932bc:  37% 笆補毎笆遺毎笆遺毎笆・           笆・1.8 GB/4.9 GB  7.4 MB/s   6m59s[K[A[1Gpulling manifest [K
pulling 667b0c1932bc:  37% 笆補毎笆遺毎笆遺毎笆・           笆・1.8 GB/4.9 GB  7.4 MB/s   6m59s[K[A[1Gpulling manifest [K
pulling 667b0c1932bc:  37% 笆補毎笆遺毎笆遺毎笆・           笆・1.8 GB/4.9 GB  7.5 MB/s   6m55s[K[A[1Gpulling manifest [K
pulling 667b0c1932bc:  37% 笆補毎笆遺毎笆遺毎笆・           笆・1.8 GB/4.9 GB  7.5 MB/s   6m55s[K[A[1Gpulling manifest [K
pulling 667b0c1932bc:  37% 笆補毎笆遺毎笆遺毎笆・           笆・1.8 GB/4.9 GB  7.5 MB/s   6m55s[K[A[1Gpulling manifest [K
pulling 667b0c1932bc:  37% 笆補毎笆遺毎笆遺毎笆・           笆・1.8 GB/4.9 GB  7.5 MB/s   6m55s[K[A[1Gpulling manifest [K
pulling 667b0c1932bc:  37% 笆補毎笆遺毎笆遺毎笆・           笆・1.8 GB/4.9 GB  7.5 MB/s   6m55s[K[A[1Gpulling manifest [K
pulling 667b0c1932bc:  37% 笆補毎笆遺毎笆遺毎笆・           笆・1.8 GB/4.9 GB  7.5 MB/s   6m55s[K[A[1Gpulling manifest [K
pulling 667b0c1932bc:  37% 笆補毎笆遺毎笆遺毎笆・           笆・1.8 GB/4.9 GB  7.5 MB/s   6m54s[K[A[1Gpulling manifest [K
pulling 667b0c1932bc:  37% 笆補毎笆遺毎笆遺毎笆・           笆・1.8 GB/4.9 GB  7.5 MB/s   6m54s[K[A[1Gpulling manifest [K
pulling 667b0c1932bc:  37% 笆補毎笆遺毎笆遺毎笆・           笆・1.8 GB/4.9 GB  7.5 MB/s   6m54s[K[A[1Gpulling manifest [K
pulling 667b0c1932bc:  37% 笆補毎笆遺毎笆遺毎笆・           笆・1.8 GB/4.9 GB  7.5 MB/s   6m54s[K[A[1Gpulling manifest [K
pulling 667b0c1932bc:  37% 笆補毎笆遺毎笆遺毎笆・           笆・1.8 GB/4.9 GB  7.4 MB/s    7m1s[K[A[1Gpulling manifest [K
pulling 667b0c1932bc:  37% 笆補毎笆遺毎笆遺毎笆・           笆・1.8 GB/4.9 GB  7.4 MB/s    7m1s[K[A[1Gpulling manifest [K
pulling 667b0c1932bc:  37% 笆補毎笆遺毎笆遺毎笆・           笆・1.8 GB/4.9 GB  7.4 MB/s    7m1s[K[A[1Gpulling manifest [K
pulling 667b0c1932bc:  37% 笆補毎笆遺毎笆遺毎笆・           笆・1.8 GB/4.9 GB  7.4 MB/s    7m1s[K[A[1Gpulling manifest [K
pulling 667b0c1932bc:  37% 笆補毎笆遺毎笆遺毎笆・           笆・1.8 GB/4.9 GB  7.4 MB/s    7m1s[K[A[1Gpulling manifest [K
pulling 667b0c1932bc:  37% 笆補毎笆遺毎笆遺毎笆・           笆・1.8 GB/4.9 GB  7.4 MB/s    7m0s[K[A[1Gpulling manifest [K
pulling 667b0c1932bc:  37% 笆補毎笆遺毎笆遺毎笆・           笆・1.8 GB/4.9 GB  7.4 MB/s    7m0s[K[A[1Gpulling manifest [K
pulling 667b0c1932bc:  37% 笆補毎笆遺毎笆遺毎笆・           笆・1.8 GB/4.9 GB  7.4 MB/s    7m0s[K[A[1Gpulling manifest [K
pulling 667b0c1932bc:  37% 笆補毎笆遺毎笆遺毎笆・           笆・1.8 GB/4.9 GB  7.4 MB/s    7m0s[K[A[1Gpulling manifest [K
pulling 667b0c1932bc:  37% 笆補毎笆遺毎笆遺毎笆・           笆・1.8 GB/4.9 GB  7.4 MB/s    7m0s[K[A[1Gpulling manifest [K
pulling 667b0c1932bc:  37% 笆補毎笆遺毎笆遺毎笆・           笆・1.8 GB/4.9 GB  7.3 MB/s    7m0s[K[A[1Gpulling manifest [K
pulling 667b0c1932bc:  37% 笆補毎笆遺毎笆遺毎笆・           笆・1.8 GB/4.9 GB  7.3 MB/s    7m0s[K[A[1Gpulling manifest [K
pulling 667b0c1932bc:  37% 笆補毎笆遺毎笆遺毎笆・           笆・1.8 GB/4.9 GB  7.3 MB/s    7m0s[K[A[1Gpulling manifest [K
pulling 667b0c1932bc:  37% 笆補毎笆遺毎笆遺毎笆・           笆・1.8 GB/4.9 GB  7.3 MB/s    7m0s[K[A[1Gpulling manifest [K
pulling 667b0c1932bc:  37% 笆補毎笆遺毎笆遺毎笆・           笆・1.8 GB/4.9 GB  7.3 MB/s    7m0s[K[A[1Gpulling manifest [K
pulling 667b0c1932bc:  37% 笆補毎笆遺毎笆遺毎笆・           笆・1.8 GB/4.9 GB  7.3 MB/s    7m0s[K[A[1Gpulling manifest [K
pulling 667b0c1932bc:  37% 笆補毎笆遺毎笆遺毎笆・           笆・1.8 GB/4.9 GB  7.3 MB/s    7m0s[K[A[1Gpulling manifest [K
pulling 667b0c1932bc:  37% 笆補毎笆遺毎笆遺毎笆・           笆・1.8 GB/4.9 GB  7.3 MB/s    7m0s[K[A[1Gpulling manifest [K
pulling 667b0c1932bc:  37% 笆補毎笆遺毎笆遺毎笆・           笆・1.8 GB/4.9 GB  7.3 MB/s    7m0s[K[A[1Gpulling manifest [K
pulling 667b0c1932bc:  37% 笆補毎笆遺毎笆遺毎笆・           笆・1.8 GB/4.9 GB  7.3 MB/s   6m59s[K[A[1Gpulling manifest [K
pulling 667b0c1932bc:  37% 笆補毎笆遺毎笆遺毎笆・           笆・1.8 GB/4.9 GB  7.3 MB/s   6m59s[K[A[1Gpulling manifest [K
pulling 667b0c1932bc:  37% 笆補毎笆遺毎笆遺毎笆・           笆・1.8 GB/4.9 GB  7.4 MB/s   6m54s[K[A[1Gpulling manifest [K
pulling 667b0c1932bc:  37% 笆補毎笆遺毎笆遺毎笆・           笆・1.8 GB/4.9 GB  7.4 MB/s   6m54s[K[A[1Gpulling manifest [K
pulling 667b0c1932bc:  37% 笆補毎笆遺毎笆遺毎笆・           笆・1.8 GB/4.9 GB  7.4 MB/s   6m54s[K[A[1Gpulling manifest [K
pulling 667b0c1932bc:  37% 笆補毎笆遺毎笆遺毎笆・           笆・1.8 GB/4.9 GB  7.4 MB/s   6m54s[K[A[1Gpulling manifest [K
pulling 667b0c1932bc:  37% 笆補毎笆遺毎笆遺毎笆・           笆・1.8 GB/4.9 GB  7.4 MB/s   6m54s[K[A[1Gpulling manifest [K
pulling 667b0c1932bc:  37% 笆補毎笆遺毎笆遺毎笆・           笆・1.8 GB/4.9 GB  7.4 MB/s   6m54s[K[A[1Gpulling manifest [K
pulling 667b0c1932bc:  37% 笆補毎笆遺毎笆遺毎笆・           笆・1.8 GB/4.9 GB  7.4 MB/s   6m54s[K[A[1Gpulling manifest [K
pulling 667b0c1932bc:  37% 笆補毎笆遺毎笆遺毎笆・           笆・1.8 GB/4.9 GB  7.4 MB/s   6m54s[K[A[1Gpulling manifest [K
pulling 667b0c1932bc:  37% 笆補毎笆遺毎笆遺毎笆・           笆・1.8 GB/4.9 GB  7.4 MB/s   6m54s[K[A[1Gpulling manifest [K
pulling 667b0c1932bc:  37% 笆補毎笆遺毎笆遺毎笆・           笆・1.8 GB/4.9 GB  7.4 MB/s   6m54s[K[A[1Gpulling manifest [K
pulling 667b0c1932bc:  37% 笆補毎笆遺毎笆遺毎笆・           笆・1.8 GB/4.9 GB  7.2 MB/s    7m6s[K[A[1Gpulling manifest [K
pulling 667b0c1932bc:  37% 笆補毎笆遺毎笆遺毎笆・           笆・1.8 GB/4.9 GB  7.2 MB/s    7m6s[K[A[1Gpulling manifest [K
pulling 667b0c1932bc:  37% 笆補毎笆遺毎笆遺毎笆・           笆・1.8 GB/4.9 GB  7.2 MB/s    7m6s[K[A[1Gpulling manifest [K
pulling 667b0c1932bc:  38% 笆補毎笆遺毎笆遺毎笆・           笆・1.8 GB/4.9 GB  7.2 MB/s    7m6s[K[A[1Gpulling manifest [K
pulling 667b0c1932bc:  38% 笆補毎笆遺毎笆遺毎笆・           笆・1.8 GB/4.9 GB  7.2 MB/s    7m5s[K[A[1Gpulling manifest [K
pulling 667b0c1932bc:  38% 笆補毎笆遺毎笆遺毎笆・           笆・1.8 GB/4.9 GB  7.2 MB/s    7m5s[K[A[1Gpulling manifest [K
pulling 667b0c1932bc:  38% 笆補毎笆遺毎笆遺毎笆・           笆・1.8 GB/4.9 GB  7.2 MB/s    7m5s[K[A[1Gpulling manifest [K
pulling 667b0c1932bc:  38% 笆補毎笆遺毎笆遺毎笆・           笆・1.8 GB/4.9 GB  7.2 MB/s    7m5s[K[A[1Gpulling manifest [K
pulling 667b0c1932bc:  38% 笆補毎笆遺毎笆遺毎笆・           笆・1.8 GB/4.9 GB  7.2 MB/s    7m5s[K[A[1Gpulling manifest [K
pulling 667b0c1932bc:  38% 笆補毎笆遺毎笆遺毎笆・           笆・1.8 GB/4.9 GB  7.2 MB/s    7m5s[K[A[1Gpulling manifest [K
pulling 667b0c1932bc:  38% 笆補毎笆遺毎笆遺毎笆・           笆・1.9 GB/4.9 GB  7.2 MB/s    7m7s[K[A[1Gpulling manifest [K
pulling 667b0c1932bc:  38% 笆補毎笆遺毎笆遺毎笆・           笆・1.9 GB/4.9 GB  7.2 MB/s    7m7s[K[A[1Gpulling manifest [K
pulling 667b0c1932bc:  38% 笆補毎笆遺毎笆遺毎笆・           笆・1.9 GB/4.9 GB  7.2 MB/s    7m7s[K[A[1Gpulling manifest [K
pulling 667b0c1932bc:  38% 笆補毎笆遺毎笆遺毎笆・           笆・1.9 GB/4.9 GB  7.2 MB/s    7m7s[K[A[1Gpulling manifest [K
pulling 667b0c1932bc:  38% 笆補毎笆遺毎笆遺毎笆・           笆・1.9 GB/4.9 GB  7.2 MB/s    7m7s[K[A[1Gpulling manifest [K
pulling 667b0c1932bc:  38% 笆補毎笆遺毎笆遺毎笆・           笆・1.9 GB/4.9 GB  7.2 MB/s    7m7s[K[A[1Gpulling manifest [K
pulling 667b0c1932bc:  38% 笆補毎笆遺毎笆遺毎笆・           笆・1.9 GB/4.9 GB  7.2 MB/s    7m7s[K[A[1Gpulling manifest [K
pulling 667b0c1932bc:  38% 笆補毎笆遺毎笆遺毎笆・           笆・1.9 GB/4.9 GB  7.2 MB/s    7m7s[K[A[1Gpulling manifest [K
pulling 667b0c1932bc:  38% 笆補毎笆遺毎笆遺毎笆・           笆・1.9 GB/4.9 GB  7.2 MB/s    7m7s[K[A[1Gpulling manifest [K
pulling 667b0c1932bc:  38% 笆補毎笆遺毎笆遺毎笆・           笆・1.9 GB/4.9 GB  7.2 MB/s    7m7s[K[A[1Gpulling manifest [K
pulling 667b0c1932bc:  38% 笆補毎笆遺毎笆遺毎笆・           笆・1.9 GB/4.9 GB  7.2 MB/s    7m7s[K[A[1Gpulling manifest [K
pulling 667b0c1932bc:  38% 笆補毎笆遺毎笆遺毎笆・           笆・1.9 GB/4.9 GB  7.1 MB/s   7m13s[K[A[1Gpulling manifest [K
pulling 667b0c1932bc:  38% 笆補毎笆遺毎笆遺毎笆・           笆・1.9 GB/4.9 GB  7.1 MB/s   7m13s[K[A[1Gpulling manifest [K
pulling 667b0c1932bc:  38% 笆補毎笆遺毎笆遺毎笆・           笆・1.9 GB/4.9 GB  7.1 MB/s   7m13s[K[A[1Gpulling manifest [K
pulling 667b0c1932bc:  38% 笆補毎笆遺毎笆遺毎笆・           笆・1.9 GB/4.9 GB  7.1 MB/s   7m12s[K[A[1Gpulling manifest [K
pulling 667b0c1932bc:  38% 笆補毎笆遺毎笆遺毎笆・           笆・1.9 GB/4.9 GB  7.1 MB/s   7m12s[K[A[1Gpulling manifest [K
pulling 667b0c1932bc:  38% 笆補毎笆遺毎笆遺毎笆・           笆・1.9 GB/4.9 GB  7.1 MB/s   7m12s[K[A[1Gpulling manifest [K
pulling 667b0c1932bc:  38% 笆補毎笆遺毎笆遺毎笆・           笆・1.9 GB/4.9 GB  7.1 MB/s   7m12s[K[A[1Gpulling manifest [K
pulling 667b0c1932bc:  38% 笆補毎笆遺毎笆遺毎笆・           笆・1.9 GB/4.9 GB  7.1 MB/s   7m12s[K[A[1Gpulling manifest [K
pulling 667b0c1932bc:  38% 笆補毎笆遺毎笆遺毎笆・           笆・1.9 GB/4.9 GB  7.1 MB/s   7m12s[K[A[1Gpulling manifest [K
pulling 667b0c1932bc:  38% 笆補毎笆遺毎笆遺毎笆・           笆・1.9 GB/4.9 GB  7.1 MB/s   7m12s[K[A[1Gpulling manifest [K
pulling 667b0c1932bc:  38% 笆補毎笆遺毎笆遺毎笆・           笆・1.9 GB/4.9 GB  7.0 MB/s   7m13s[K[A[1Gpulling manifest [K
pulling 667b0c1932bc:  38% 笆補毎笆遺毎笆遺毎笆・           笆・1.9 GB/4.9 GB  7.0 MB/s   7m13s[K[A[1Gpulling manifest [K
pulling 667b0c1932bc:  38% 笆補毎笆遺毎笆遺毎笆・           笆・1.9 GB/4.9 GB  7.0 MB/s   7m13s[K[A[1Gpulling manifest [K
pulling 667b0c1932bc:  38% 笆補毎笆遺毎笆遺毎笆・           笆・1.9 GB/4.9 GB  7.0 MB/s   7m13s[K[A[1Gpulling manifest [K
pulling 667b0c1932bc:  38% 笆補毎笆遺毎笆遺毎笆・           笆・1.9 GB/4.9 GB  7.0 MB/s   7m13s[K[A[1Gpulling manifest [K
pulling 667b0c1932bc:  38% 笆補毎笆遺毎笆遺毎笆・           笆・1.9 GB/4.9 GB  7.0 MB/s   7m13s[K[A[1Gpulling manifest [K
pulling 667b0c1932bc:  38% 笆補毎笆遺毎笆遺毎笆・           笆・1.9 GB/4.9 GB  7.0 MB/s   7m13s[K[A[1Gpulling manifest [K
pulling 667b0c1932bc:  38% 笆補毎笆遺毎笆遺毎笆・           笆・1.9 GB/4.9 GB  7.0 MB/s   7m13s[K[A[1Gpulling manifest [K
pulling 667b0c1932bc:  38% 笆補毎笆遺毎笆遺毎笆・           笆・1.9 GB/4.9 GB  7.0 MB/s   7m13s[K[A[1Gpulling manifest [K
pulling 667b0c1932bc:  38% 笆補毎笆遺毎笆遺毎笆・           笆・1.9 GB/4.9 GB  7.0 MB/s   7m13s[K[A[1Gpulling manifest [K
pulling 667b0c1932bc:  38% 笆補毎笆遺毎笆遺毎笆・           笆・1.9 GB/4.9 GB  6.9 MB/s   7m22s[K[A[1Gpulling manifest [K
pulling 667b0c1932bc:  38% 笆補毎笆遺毎笆遺毎笆・           笆・1.9 GB/4.9 GB  6.9 MB/s   7m21s[K[A[1Gpulling manifest [K
pulling 667b0c1932bc:  38% 笆補毎笆遺毎笆遺毎笆・           笆・1.9 GB/4.9 GB  6.9 MB/s   7m21s[K[A[1Gpulling manifest [K
pulling 667b0c1932bc:  38% 笆補毎笆遺毎笆遺毎笆・           笆・1.9 GB/4.9 GB  6.9 MB/s   7m21s[K[A[1Gpulling manifest [K
pulling 667b0c1932bc:  38% 笆補毎笆遺毎笆遺毎笆・           笆・1.9 GB/4.9 GB  6.9 MB/s   7m21s[K[A[1Gpulling manifest [K
pulling 667b0c1932bc:  38% 笆補毎笆遺毎笆遺毎笆・           笆・1.9 GB/4.9 GB  6.9 MB/s   7m21s[K[A[1Gpulling manifest [K
pulling 667b0c1932bc:  38% 笆補毎笆遺毎笆遺毎笆・           笆・1.9 GB/4.9 GB  6.9 MB/s   7m21s[K[A[1Gpulling manifest [K
pulling 667b0c1932bc:  38% 笆補毎笆遺毎笆遺毎笆・           笆・1.9 GB/4.9 GB  6.9 MB/s   7m21s[K[A[1Gpulling manifest [K
pulling 667b0c1932bc:  38% 笆補毎笆遺毎笆遺毎笆・           笆・1.9 GB/4.9 GB  6.9 MB/s   7m21s[K[A[1Gpulling manifest [K
pulling 667b0c1932bc:  38% 笆補毎笆遺毎笆遺毎笆・           笆・1.9 GB/4.9 GB  6.9 MB/s   7m21s[K[A[1Gpulling manifest [K
pulling 667b0c1932bc:  38% 笆補毎笆遺毎笆遺毎笆・           笆・1.9 GB/4.9 GB  6.8 MB/s   7m25s[K[A[1Gpulling manifest [K
pulling 667b0c1932bc:  38% 笆補毎笆遺毎笆遺毎笆・           笆・1.9 GB/4.9 GB  6.8 MB/s   7m25s[K[A[1Gpulling manifest [K
pulling 667b0c1932bc:  38% 笆補毎笆遺毎笆遺毎笆・           笆・1.9 GB/4.9 GB  6.8 MB/s   7m25s[K[A[1Gpulling manifest [K
pulling 667b0c1932bc:  38% 笆補毎笆遺毎笆遺毎笆・           笆・1.9 GB/4.9 GB  6.8 MB/s   7m25s[K[A[1Gpulling manifest [K
pulling 667b0c1932bc:  38% 笆補毎笆遺毎笆遺毎笆・           笆・1.9 GB/4.9 GB  6.8 MB/s   7m25s[K[A[1Gpulling manifest [K
pulling 667b0c1932bc:  38% 笆補毎笆遺毎笆遺毎笆・           笆・1.9 GB/4.9 GB  6.8 MB/s   7m25s[K[A[1Gpulling manifest [K
pulling 667b0c1932bc:  38% 笆補毎笆遺毎笆遺毎笆・           笆・1.9 GB/4.9 GB  6.8 MB/s   7m24s[K[A[1Gpulling manifest [K
pulling 667b0c1932bc:  38% 笆補毎笆遺毎笆遺毎笆・           笆・1.9 GB/4.9 GB  6.8 MB/s   7m24s[K[A[1Gpulling manifest [K
pulling 667b0c1932bc:  38% 笆補毎笆遺毎笆遺毎笆・           笆・1.9 GB/4.9 GB  6.8 MB/s   7m24s[K[A[1Gpulling manifest [K
pulling 667b0c1932bc:  38% 笆補毎笆遺毎笆遺毎笆・           笆・1.9 GB/4.9 GB  6.8 MB/s   7m24s[K[A[1Gpulling manifest [K
pulling 667b0c1932bc:  38% 笆補毎笆遺毎笆遺毎笆・           笆・1.9 GB/4.9 GB  6.8 MB/s   7m25s[K[A[1Gpulling manifest [K
pulling 667b0c1932bc:  38% 笆補毎笆遺毎笆遺毎笆・           笆・1.9 GB/4.9 GB  6.8 MB/s   7m25s[K[A[1Gpulling manifest [K
pulling 667b0c1932bc:  38% 笆補毎笆遺毎笆遺毎笆・           笆・1.9 GB/4.9 GB  6.8 MB/s   7m24s[K[A[1Gpulling manifest [K
pulling 667b0c1932bc:  38% 笆補毎笆遺毎笆遺毎笆・           笆・1.9 GB/4.9 GB  6.8 MB/s   7m24s[K[A[1Gpulling manifest [K
pulling 667b0c1932bc:  38% 笆補毎笆遺毎笆遺毎笆・           笆・1.9 GB/4.9 GB  6.8 MB/s   7m24s[K[A[1Gpulling manifest [K
pulling 667b0c1932bc:  38% 笆補毎笆遺毎笆遺毎笆・           笆・1.9 GB/4.9 GB  6.8 MB/s   7m24s[K[A[1Gpulling manifest [K
pulling 667b0c1932bc:  38% 笆補毎笆遺毎笆遺毎笆・           笆・1.9 GB/4.9 GB  6.8 MB/s   7m24s[K[A[1Gpulling manifest [K
pulling 667b0c1932bc:  38% 笆補毎笆遺毎笆遺毎笆・           笆・1.9 GB/4.9 GB  6.8 MB/s   7m24s[K[A[1Gpulling manifest [K
pulling 667b0c1932bc:  38% 笆補毎笆遺毎笆遺毎笆・           笆・1.9 GB/4.9 GB  6.8 MB/s   7m24s[K[A[1Gpulling manifest [K
pulling 667b0c1932bc:  38% 笆補毎笆遺毎笆遺毎笆・           笆・1.9 GB/4.9 GB  6.8 MB/s   7m24s[K[A[1Gpulling manifest [K
pulling 667b0c1932bc:  38% 笆補毎笆遺毎笆遺毎笆・           笆・1.9 GB/4.9 GB  6.8 MB/s   7m24s[K[A[1Gpulling manifest [K
pulling 667b0c1932bc:  38% 笆補毎笆遺毎笆遺毎笆・           笆・1.9 GB/4.9 GB  6.7 MB/s   7m30s[K[A[1Gpulling manifest [K
pulling 667b0c1932bc:  38% 笆補毎笆遺毎笆遺毎笆・           笆・1.9 GB/4.9 GB  6.7 MB/s   7m30s[K[A[1Gpulling manifest [K
pulling 667b0c1932bc:  38% 笆補毎笆遺毎笆遺毎笆・           笆・1.9 GB/4.9 GB  6.7 MB/s   7m30s[K[A[1Gpulling manifest [K
pulling 667b0c1932bc:  38% 笆補毎笆遺毎笆遺毎笆・           笆・1.9 GB/4.9 GB  6.7 MB/s   7m30s[K[A[1Gpulling manifest [K
pulling 667b0c1932bc:  38% 笆補毎笆遺毎笆遺毎笆・           笆・1.9 GB/4.9 GB  6.7 MB/s   7m29s[K[A[1Gpulling manifest [K
pulling 667b0c1932bc:  38% 笆補毎笆遺毎笆遺毎笆・           笆・1.9 GB/4.9 GB  6.7 MB/s   7m29s[K[A[1Gpulling manifest [K
pulling 667b0c1932bc:  38% 笆補毎笆遺毎笆遺毎笆・           笆・1.9 GB/4.9 GB  6.7 MB/s   7m29s[K[A[1Gpulling manifest [K
pulling 667b0c1932bc:  39% 笆補毎笆遺毎笆遺毎笆・           笆・1.9 GB/4.9 GB  6.7 MB/s   7m29s[K[A[1Gpulling manifest [K
pulling 667b0c1932bc:  39% 笆補毎笆遺毎笆遺毎笆・           笆・1.9 GB/4.9 GB  6.7 MB/s   7m29s[K[A[1Gpulling manifest [K
pulling 667b0c1932bc:  39% 笆補毎笆遺毎笆遺毎笆・           笆・1.9 GB/4.9 GB  6.7 MB/s   7m29s[K[A[1Gpulling manifest [K
pulling 667b0c1932bc:  39% 笆補毎笆遺毎笆遺毎笆・           笆・1.9 GB/4.9 GB  6.6 MB/s   7m35s[K[A[1Gpulling manifest [K
pulling 667b0c1932bc:  39% 笆補毎笆遺毎笆遺毎笆・           笆・1.9 GB/4.9 GB  6.6 MB/s   7m35s[K[A[1Gpulling manifest [K
pulling 667b0c1932bc:  39% 笆補毎笆遺毎笆遺毎笆・           笆・1.9 GB/4.9 GB  6.6 MB/s   7m35s[K[A[1Gpulling manifest [K
pulling 667b0c1932bc:  39% 笆補毎笆遺毎笆遺毎笆・           笆・1.9 GB/4.9 GB  6.6 MB/s   7m35s[K[A[1Gpulling manifest [K
pulling 667b0c1932bc:  39% 笆補毎笆遺毎笆遺毎笆・           笆・1.9 GB/4.9 GB  6.6 MB/s   7m35s[K[A[1Gpulling manifest [K
pulling 667b0c1932bc:  39% 笆補毎笆遺毎笆遺毎笆・           笆・1.9 GB/4.9 GB  6.6 MB/s   7m35s[K[A[1Gpulling manifest [K
pulling 667b0c1932bc:  39% 笆補毎笆遺毎笆遺毎笆・           笆・1.9 GB/4.9 GB  6.6 MB/s   7m35s[K[A[1Gpulling manifest [K
pulling 667b0c1932bc:  39% 笆補毎笆遺毎笆遺毎笆・           笆・1.9 GB/4.9 GB  6.6 MB/s   7m35s[K[A[1Gpulling manifest [K
pulling 667b0c1932bc:  39% 笆補毎笆遺毎笆遺毎笆・           笆・1.9 GB/4.9 GB  6.6 MB/s   7m34s[K[A[1Gpulling manifest [K
pulling 667b0c1932bc:  39% 笆補毎笆遺毎笆遺毎笆・           笆・1.9 GB/4.9 GB  6.6 MB/s   7m34s[K[A[1Gpulling manifest [K
pulling 667b0c1932bc:  39% 笆補毎笆遺毎笆遺毎笆・           笆・1.9 GB/4.9 GB  6.6 MB/s   7m37s[K[A[1Gpulling manifest [K
pulling 667b0c1932bc:  39% 笆補毎笆遺毎笆遺毎笆・           笆・1.9 GB/4.9 GB  6.6 MB/s   7m37s[K[A[1Gpulling manifest [K
pulling 667b0c1932bc:  39% 笆補毎笆遺毎笆遺毎笆・           笆・1.9 GB/4.9 GB  6.6 MB/s   7m37s[K[A[1Gpulling manifest [K
pulling 667b0c1932bc:  39% 笆補毎笆遺毎笆遺毎笆・           笆・1.9 GB/4.9 GB  6.6 MB/s   7m37s[K[A[1Gpulling manifest [K
pulling 667b0c1932bc:  39% 笆補毎笆遺毎笆遺毎笆・           笆・1.9 GB/4.9 GB  6.6 MB/s   7m37s[K[A[1Gpulling manifest [K
pulling 667b0c1932bc:  39% 笆補毎笆遺毎笆遺毎笆・           笆・1.9 GB/4.9 GB  6.6 MB/s   7m37s[K[A[1Gpulling manifest [K
pulling 667b0c1932bc:  39% 笆補毎笆遺毎笆遺毎笆・           笆・1.9 GB/4.9 GB  6.6 MB/s   7m37s[K[A[1Gpulling manifest [K
pulling 667b0c1932bc:  39% 笆補毎笆遺毎笆遺毎笆・           笆・1.9 GB/4.9 GB  6.6 MB/s   7m37s[K[A[1Gpulling manifest [K
pulling 667b0c1932bc:  39% 笆補毎笆遺毎笆遺毎笆・           笆・1.9 GB/4.9 GB  6.6 MB/s   7m36s[K[A[1Gpulling manifest [K
pulling 667b0c1932bc:  39% 笆補毎笆遺毎笆遺毎笆・           笆・1.9 GB/4.9 GB  6.6 MB/s   7m36s[K[A[1Gpulling manifest [K
pulling 667b0c1932bc:  39% 笆補毎笆遺毎笆遺毎笆・           笆・1.9 GB/4.9 GB  6.4 MB/s   7m49s[K[A[1Gpulling manifest [K
pulling 667b0c1932bc:  39% 笆補毎笆遺毎笆遺毎笆・           笆・1.9 GB/4.9 GB  6.4 MB/s   7m49s[K[A[1Gpulling manifest [K
pulling 667b0c1932bc:  39% 笆補毎笆遺毎笆遺毎笆・           笆・1.9 GB/4.9 GB  6.4 MB/s   7m48s[K[A[1Gpulling manifest [K
pulling 667b0c1932bc:  39% 笆補毎笆遺毎笆遺毎笆・           笆・1.9 GB/4.9 GB  6.4 MB/s   7m48s[K[A[1Gpulling manifest [K
pulling 667b0c1932bc:  39% 笆補毎笆遺毎笆遺毎笆・           笆・1.9 GB/4.9 GB  6.4 MB/s   7m48s[K[A[1Gpulling manifest [K
pulling 667b0c1932bc:  39% 笆補毎笆遺毎笆遺毎笆・           笆・1.9 GB/4.9 GB  6.4 MB/s   7m48s[K[A[1Gpulling manifest [K
pulling 667b0c1932bc:  39% 笆補毎笆遺毎笆遺毎笆・           笆・1.9 GB/4.9 GB  6.4 MB/s   7m48s[K[A[1Gpulling manifest [K
pulling 667b0c1932bc:  39% 笆補毎笆遺毎笆遺毎笆・           笆・1.9 GB/4.9 GB  6.4 MB/s   7m48s[K[A[1Gpulling manifest [K
pulling 667b0c1932bc:  39% 笆補毎笆遺毎笆遺毎笆・           笆・1.9 GB/4.9 GB  6.4 MB/s   7m48s[K[A[1Gpulling manifest [K
pulling 667b0c1932bc:  39% 笆補毎笆遺毎笆遺毎笆・           笆・1.9 GB/4.9 GB  6.4 MB/s   7m48s[K[A[1Gpulling manifest [K
pulling 667b0c1932bc:  39% 笆補毎笆遺毎笆遺毎笆遺毎           笆・1.9 GB/4.9 GB  6.3 MB/s   7m55s[K[A[1Gpulling manifest [K
pulling 667b0c1932bc:  39% 笆補毎笆遺毎笆遺毎笆遺毎           笆・1.9 GB/4.9 GB  6.3 MB/s   7m55s[K[A[1Gpulling manifest [K
pulling 667b0c1932bc:  39% 笆補毎笆遺毎笆遺毎笆遺毎           笆・1.9 GB/4.9 GB  6.3 MB/s   7m54s[K[A[1Gpulling manifest [K
pulling 667b0c1932bc:  39% 笆補毎笆遺毎笆遺毎笆遺毎           笆・1.9 GB/4.9 GB  6.3 MB/s   7m54s[K[A[1Gpulling manifest [K
pulling 667b0c1932bc:  39% 笆補毎笆遺毎笆遺毎笆遺毎           笆・1.9 GB/4.9 GB  6.3 MB/s   7m54s[K[A[1Gpulling manifest [K
pulling 667b0c1932bc:  39% 笆補毎笆遺毎笆遺毎笆遺毎           笆・1.9 GB/4.9 GB  6.3 MB/s   7m54s[K[A[1Gpulling manifest [K
pulling 667b0c1932bc:  39% 笆補毎笆遺毎笆遺毎笆遺毎           笆・1.9 GB/4.9 GB  6.3 MB/s   7m54s[K[A[1Gpulling manifest [K
pulling 667b0c1932bc:  39% 笆補毎笆遺毎笆遺毎笆遺毎           笆・1.9 GB/4.9 GB  6.3 MB/s   7m54s[K[A[1Gpulling manifest [K
pulling 667b0c1932bc:  39% 笆補毎笆遺毎笆遺毎笆遺毎           笆・1.9 GB/4.9 GB  6.3 MB/s   7m54s[K[A[1Gpulling manifest [K
pulling 667b0c1932bc:  39% 笆補毎笆遺毎笆遺毎笆遺毎           笆・1.9 GB/4.9 GB  6.3 MB/s   7m54s[K[A[1Gpulling manifest [K
pulling 667b0c1932bc:  39% 笆補毎笆遺毎笆遺毎笆遺毎           笆・1.9 GB/4.9 GB  6.3 MB/s   7m54s[K[A[1Gpulling manifest [K
pulling 667b0c1932bc:  39% 笆補毎笆遺毎笆遺毎笆遺毎           笆・1.9 GB/4.9 GB  6.3 MB/s   7m59s[K[A[1Gpulling manifest [K
pulling 667b0c1932bc:  39% 笆補毎笆遺毎笆遺毎笆遺毎           笆・1.9 GB/4.9 GB  6.3 MB/s   7m59s[K[A[1Gpulling manifest [K
pulling 667b0c1932bc:  39% 笆補毎笆遺毎笆遺毎笆遺毎           笆・1.9 GB/4.9 GB  6.3 MB/s   7m59s[K[A[1Gpulling manifest [K
pulling 667b0c1932bc:  39% 笆補毎笆遺毎笆遺毎笆遺毎           笆・1.9 GB/4.9 GB  6.3 MB/s   7m59s[K[A[1Gpulling manifest [K
pulling 667b0c1932bc:  39% 笆補毎笆遺毎笆遺毎笆遺毎           笆・1.9 GB/4.9 GB  6.3 MB/s   7m59s[K[A[1Gpulling manifest [K
pulling 667b0c1932bc:  39% 笆補毎笆遺毎笆遺毎笆遺毎           笆・1.9 GB/4.9 GB  6.3 MB/s   7m59s[K[A[1Gpulling manifest [K
pulling 667b0c1932bc:  39% 笆補毎笆遺毎笆遺毎笆遺毎           笆・1.9 GB/4.9 GB  6.3 MB/s   7m59s[K[A[1Gpulling manifest [K
pulling 667b0c1932bc:  39% 笆補毎笆遺毎笆遺毎笆遺毎           笆・1.9 GB/4.9 GB  6.3 MB/s   7m59s[K[A[1Gpulling manifest [K
pulling 667b0c1932bc:  39% 笆補毎笆遺毎笆遺毎笆遺毎           笆・1.9 GB/4.9 GB  6.3 MB/s   7m59s[K[A[1Gpulling manifest [K
pulling 667b0c1932bc:  39% 笆補毎笆遺毎笆遺毎笆遺毎           笆・1.9 GB/4.9 GB  6.3 MB/s   7m59s[K[A[1Gpulling manifest [K
pulling 667b0c1932bc:  39% 笆補毎笆遺毎笆遺毎笆遺毎           笆・1.9 GB/4.9 GB  6.2 MB/s   7m59s[K[A[1Gpulling manifest [K
pulling 667b0c1932bc:  39% 笆補毎笆遺毎笆遺毎笆遺毎           笆・1.9 GB/4.9 GB  6.2 MB/s   7m59s[K[A[1Gpulling manifest [K
pulling 667b0c1932bc:  39% 笆補毎笆遺毎笆遺毎笆遺毎           笆・1.9 GB/4.9 GB  6.2 MB/s   7m59s[K[A[1Gpulling manifest [K
pulling 667b0c1932bc:  39% 笆補毎笆遺毎笆遺毎笆遺毎           笆・1.9 GB/4.9 GB  6.2 MB/s   7m59s[K[A[1Gpulling manifest [K
pulling 667b0c1932bc:  39% 笆補毎笆遺毎笆遺毎笆遺毎           笆・1.9 GB/4.9 GB  6.2 MB/s   7m59s[K[A[1Gpulling manifest [K
pulling 667b0c1932bc:  39% 笆補毎笆遺毎笆遺毎笆遺毎           笆・1.9 GB/4.9 GB  6.2 MB/s   7m59s[K[A[1Gpulling manifest [K
pulling 667b0c1932bc:  39% 笆補毎笆遺毎笆遺毎笆遺毎           笆・1.9 GB/4.9 GB  6.2 MB/s   7m59s[K[A[1Gpulling manifest [K
pulling 667b0c1932bc:  39% 笆補毎笆遺毎笆遺毎笆遺毎           笆・1.9 GB/4.9 GB  6.2 MB/s   7m59s[K[A[1Gpulling manifest [K
pulling 667b0c1932bc:  39% 笆補毎笆遺毎笆遺毎笆遺毎           笆・1.9 GB/4.9 GB  6.2 MB/s   7m59s[K[A[1Gpulling manifest [K
pulling 667b0c1932bc:  39% 笆補毎笆遺毎笆遺毎笆遺毎           笆・1.9 GB/4.9 GB  6.2 MB/s   7m59s[K[A[1Gpulling manifest [K
pulling 667b0c1932bc:  39% 笆補毎笆遺毎笆遺毎笆遺毎           笆・1.9 GB/4.9 GB  6.3 MB/s   7m57s[K[A[1Gpulling manifest [K
pulling 667b0c1932bc:  39% 笆補毎笆遺毎笆遺毎笆遺毎           笆・1.9 GB/4.9 GB  6.3 MB/s   7m57s[K[A[1Gpulling manifest [K
pulling 667b0c1932bc:  39% 笆補毎笆遺毎笆遺毎笆遺毎           笆・1.9 GB/4.9 GB  6.3 MB/s   7m56s[K[A[1Gpulling manifest [K
pulling 667b0c1932bc:  39% 笆補毎笆遺毎笆遺毎笆遺毎           笆・1.9 GB/4.9 GB  6.3 MB/s   7m56s[K[A[1Gpulling manifest [K
pulling 667b0c1932bc:  39% 笆補毎笆遺毎笆遺毎笆遺毎           笆・1.9 GB/4.9 GB  6.3 MB/s   7m56s[K[A[1Gpulling manifest [K
pulling 667b0c1932bc:  39% 笆補毎笆遺毎笆遺毎笆遺毎           笆・1.9 GB/4.9 GB  6.3 MB/s   7m56s[K[A[1Gpulling manifest [K
pulling 667b0c1932bc:  39% 笆補毎笆遺毎笆遺毎笆遺毎           笆・1.9 GB/4.9 GB  6.3 MB/s   7m56s[K[A[1Gpulling manifest [K
pulling 667b0c1932bc:  39% 笆補毎笆遺毎笆遺毎笆遺毎           笆・1.9 GB/4.9 GB  6.3 MB/s   7m56s[K[A[1Gpulling manifest [K
pulling 667b0c1932bc:  39% 笆補毎笆遺毎笆遺毎笆遺毎           笆・1.9 GB/4.9 GB  6.3 MB/s   7m56s[K[A[1Gpulling manifest [K
pulling 667b0c1932bc:  39% 笆補毎笆遺毎笆遺毎笆遺毎           笆・1.9 GB/4.9 GB  6.3 MB/s   7m56s[K[A[1Gpulling manifest [K
pulling 667b0c1932bc:  39% 笆補毎笆遺毎笆遺毎笆遺毎           笆・1.9 GB/4.9 GB  6.1 MB/s   8m12s[K[A[1Gpulling manifest [K
pulling 667b0c1932bc:  39% 笆補毎笆遺毎笆遺毎笆遺毎           笆・1.9 GB/4.9 GB  6.1 MB/s   8m12s[K[A[1Gpulling manifest [K
pulling 667b0c1932bc:  39% 笆補毎笆遺毎笆遺毎笆遺毎           笆・1.9 GB/4.9 GB  6.1 MB/s   8m12s[K[A[1Gpulling manifest [K
pulling 667b0c1932bc:  39% 笆補毎笆遺毎笆遺毎笆遺毎           笆・1.9 GB/4.9 GB  6.1 MB/s   8m12s[K[A[1Gpulling manifest [K
pulling 667b0c1932bc:  39% 笆補毎笆遺毎笆遺毎笆遺毎           笆・1.9 GB/4.9 GB  6.1 MB/s   8m11s[K[A[1Gpulling manifest [K
pulling 667b0c1932bc:  39% 笆補毎笆遺毎笆遺毎笆遺毎           笆・1.9 GB/4.9 GB  6.1 MB/s   8m11s[K[A[1Gpulling manifest [K
pulling 667b0c1932bc:  39% 笆補毎笆遺毎笆遺毎笆遺毎           笆・1.9 GB/4.9 GB  6.1 MB/s   8m11s[K[A[1Gpulling manifest [K
pulling 667b0c1932bc:  39% 笆補毎笆遺毎笆遺毎笆遺毎           笆・1.9 GB/4.9 GB  6.1 MB/s   8m11s[K[A[1Gpulling manifest [K
pulling 667b0c1932bc:  39% 笆補毎笆遺毎笆遺毎笆遺毎           笆・1.9 GB/4.9 GB  6.1 MB/s   8m11s[K[A[1Gpulling manifest [K
pulling 667b0c1932bc:  39% 笆補毎笆遺毎笆遺毎笆遺毎           笆・1.9 GB/4.9 GB  6.1 MB/s   8m11s[K[A[1Gpulling manifest [K
pulling 667b0c1932bc:  40% 笆補毎笆遺毎笆遺毎笆遺毎           笆・1.9 GB/4.9 GB  6.1 MB/s   8m10s[K[A[1Gpulling manifest [K
pulling 667b0c1932bc:  40% 笆補毎笆遺毎笆遺毎笆遺毎           笆・1.9 GB/4.9 GB  6.1 MB/s   8m10s[K[A[1Gpulling manifest [K
pulling 667b0c1932bc:  40% 笆補毎笆遺毎笆遺毎笆遺毎           笆・1.9 GB/4.9 GB  6.1 MB/s   8m10s[K[A[1Gpulling manifest [K
pulling 667b0c1932bc:  40% 笆補毎笆遺毎笆遺毎笆遺毎           笆・1.9 GB/4.9 GB  6.1 MB/s   8m10s[K[A[1Gpulling manifest [K
pulling 667b0c1932bc:  40% 笆補毎笆遺毎笆遺毎笆遺毎           笆・1.9 GB/4.9 GB  6.1 MB/s   8m10s[K[A[1Gpulling manifest [K
pulling 667b0c1932bc:  40% 笆補毎笆遺毎笆遺毎笆遺毎           笆・1.9 GB/4.9 GB  6.1 MB/s   8m10s[K[A[1Gpulling manifest [K
pulling 667b0c1932bc:  40% 笆補毎笆遺毎笆遺毎笆遺毎           笆・1.9 GB/4.9 GB  6.1 MB/s    8m9s[K[A[1Gpulling manifest [K
pulling 667b0c1932bc:  40% 笆補毎笆遺毎笆遺毎笆遺毎           笆・1.9 GB/4.9 GB  6.1 MB/s    8m9s[K[A[1Gpulling manifest [K
pulling 667b0c1932bc:  40% 笆補毎笆遺毎笆遺毎笆遺毎           笆・1.9 GB/4.9 GB  6.1 MB/s    8m9s[K[A[1Gpulling manifest [K
pulling 667b0c1932bc:  40% 笆補毎笆遺毎笆遺毎笆遺毎           笆・1.9 GB/4.9 GB  6.1 MB/s    8m9s[K[A[1Gpulling manifest [K
pulling 667b0c1932bc:  40% 笆補毎笆遺毎笆遺毎笆遺毎           笆・2.0 GB/4.9 GB  6.0 MB/s   8m18s[K[A[1Gpulling manifest [K
pulling 667b0c1932bc:  40% 笆補毎笆遺毎笆遺毎笆遺毎           笆・2.0 GB/4.9 GB  6.0 MB/s   8m18s[K[A[1Gpulling manifest [K
pulling 667b0c1932bc:  40% 笆補毎笆遺毎笆遺毎笆遺毎           笆・2.0 GB/4.9 GB  6.0 MB/s   8m18s[K[A[1Gpulling manifest [K
pulling 667b0c1932bc:  40% 笆補毎笆遺毎笆遺毎笆遺毎           笆・2.0 GB/4.9 GB  6.0 MB/s   8m18s[K[A[1Gpulling manifest [K
pulling 667b0c1932bc:  40% 笆補毎笆遺毎笆遺毎笆遺毎           笆・2.0 GB/4.9 GB  6.0 MB/s   8m17s[K[A[1Gpulling manifest [K
pulling 667b0c1932bc:  40% 笆補毎笆遺毎笆遺毎笆遺毎           笆・2.0 GB/4.9 GB  6.0 MB/s   8m17s[K[A[1Gpulling manifest [K
pulling 667b0c1932bc:  40% 笆補毎笆遺毎笆遺毎笆遺毎           笆・2.0 GB/4.9 GB  6.0 MB/s   8m17s[K[A[1Gpulling manifest [K
pulling 667b0c1932bc:  40% 笆補毎笆遺毎笆遺毎笆遺毎           笆・2.0 GB/4.9 GB  6.0 MB/s   8m17s[K[A[1Gpulling manifest [K
pulling 667b0c1932bc:  40% 笆補毎笆遺毎笆遺毎笆遺毎           笆・2.0 GB/4.9 GB  6.0 MB/s   8m17s[K[A[1Gpulling manifest [K
pulling 667b0c1932bc:  40% 笆補毎笆遺毎笆遺毎笆遺毎           笆・2.0 GB/4.9 GB  6.0 MB/s   8m17s[K[A[1Gpulling manifest [K
pulling 667b0c1932bc:  40% 笆補毎笆遺毎笆遺毎笆遺毎           笆・2.0 GB/4.9 GB  6.0 MB/s   8m17s[K[A[1Gpulling manifest [K
pulling 667b0c1932bc:  40% 笆補毎笆遺毎笆遺毎笆遺毎           笆・2.0 GB/4.9 GB  6.0 MB/s   8m16s[K[A[1Gpulling manifest [K
pulling 667b0c1932bc:  40% 笆補毎笆遺毎笆遺毎笆遺毎           笆・2.0 GB/4.9 GB  6.0 MB/s   8m16s[K[A[1Gpulling manifest [K
pulling 667b0c1932bc:  40% 笆補毎笆遺毎笆遺毎笆遺毎           笆・2.0 GB/4.9 GB  6.0 MB/s   8m16s[K[A[1Gpulling manifest [K
pulling 667b0c1932bc:  40% 笆補毎笆遺毎笆遺毎笆遺毎           笆・2.0 GB/4.9 GB  6.0 MB/s   8m16s[K[A[1Gpulling manifest [K
pulling 667b0c1932bc:  40% 笆補毎笆遺毎笆遺毎笆遺毎           笆・2.0 GB/4.9 GB  6.0 MB/s   8m16s[K[A[1Gpulling manifest [K
pulling 667b0c1932bc:  40% 笆補毎笆遺毎笆遺毎笆遺毎           笆・2.0 GB/4.9 GB  6.0 MB/s   8m16s[K[A[1Gpulling manifest [K
pulling 667b0c1932bc:  40% 笆補毎笆遺毎笆遺毎笆遺毎           笆・2.0 GB/4.9 GB  6.0 MB/s   8m16s[K[A[1Gpulling manifest [K
pulling 667b0c1932bc:  40% 笆補毎笆遺毎笆遺毎笆遺毎           笆・2.0 GB/4.9 GB  6.0 MB/s   8m16s[K[A[1Gpulling manifest [K
pulling 667b0c1932bc:  40% 笆補毎笆遺毎笆遺毎笆遺毎           笆・2.0 GB/4.9 GB  6.0 MB/s   8m16s[K[A[1Gpulling manifest [K
pulling 667b0c1932bc:  40% 笆補毎笆遺毎笆遺毎笆遺毎           笆・2.0 GB/4.9 GB  6.0 MB/s   8m15s[K[A[1Gpulling manifest [K
pulling 667b0c1932bc:  40% 笆補毎笆遺毎笆遺毎笆遺毎           笆・2.0 GB/4.9 GB  6.1 MB/s    8m6s[K[A[1Gpulling manifest [K
pulling 667b0c1932bc:  40% 笆補毎笆遺毎笆遺毎笆遺毎           笆・2.0 GB/4.9 GB  6.1 MB/s    8m6s[K[A[1Gpulling manifest [K
pulling 667b0c1932bc:  40% 笆補毎笆遺毎笆遺毎笆遺毎           笆・2.0 GB/4.9 GB  6.1 MB/s    8m6s[K[A[1Gpulling manifest [K
pulling 667b0c1932bc:  40% 笆補毎笆遺毎笆遺毎笆遺毎           笆・2.0 GB/4.9 GB  6.1 MB/s    8m6s[K[A[1Gpulling manifest [K
pulling 667b0c1932bc:  40% 笆補毎笆遺毎笆遺毎笆遺毎           笆・2.0 GB/4.9 GB  6.1 MB/s    8m6s[K[A[1Gpulling manifest [K
pulling 667b0c1932bc:  40% 笆補毎笆遺毎笆遺毎笆遺毎           笆・2.0 GB/4.9 GB  6.1 MB/s    8m6s[K[A[1Gpulling manifest [K
pulling 667b0c1932bc:  40% 笆補毎笆遺毎笆遺毎笆遺毎           笆・2.0 GB/4.9 GB  6.1 MB/s    8m6s[K[A[1Gpulling manifest [K
pulling 667b0c1932bc:  40% 笆補毎笆遺毎笆遺毎笆遺毎           笆・2.0 GB/4.9 GB  6.1 MB/s    8m6s[K[A[1Gpulling manifest [K
pulling 667b0c1932bc:  40% 笆補毎笆遺毎笆遺毎笆遺毎           笆・2.0 GB/4.9 GB  6.1 MB/s    8m6s[K[A[1Gpulling manifest [K
pulling 667b0c1932bc:  40% 笆補毎笆遺毎笆遺毎笆遺毎           笆・2.0 GB/4.9 GB  6.1 MB/s    8m6s[K[A[1Gpulling manifest [K
pulling 667b0c1932bc:  40% 笆補毎笆遺毎笆遺毎笆遺毎           笆・2.0 GB/4.9 GB  6.2 MB/s   7m58s[K[A[1Gpulling manifest [K
pulling 667b0c1932bc:  40% 笆補毎笆遺毎笆遺毎笆遺毎           笆・2.0 GB/4.9 GB  6.2 MB/s   7m58s[K[A[1Gpulling manifest [K
pulling 667b0c1932bc:  40% 笆補毎笆遺毎笆遺毎笆遺毎           笆・2.0 GB/4.9 GB  6.2 MB/s   7m58s[K[A[1Gpulling manifest [K
pulling 667b0c1932bc:  40% 笆補毎笆遺毎笆遺毎笆遺毎           笆・2.0 GB/4.9 GB  6.2 MB/s   7m58s[K[A[1Gpulling manifest [K
pulling 667b0c1932bc:  40% 笆補毎笆遺毎笆遺毎笆遺毎           笆・2.0 GB/4.9 GB  6.2 MB/s   7m58s[K[A[1Gpulling manifest [K
pulling 667b0c1932bc:  40% 笆補毎笆遺毎笆遺毎笆遺毎           笆・2.0 GB/4.9 GB  6.2 MB/s   7m58s[K[A[1Gpulling manifest [K
pulling 667b0c1932bc:  40% 笆補毎笆遺毎笆遺毎笆遺毎           笆・2.0 GB/4.9 GB  6.2 MB/s   7m57s[K[A[1Gpulling manifest [K
pulling 667b0c1932bc:  40% 笆補毎笆遺毎笆遺毎笆遺毎           笆・2.0 GB/4.9 GB  6.2 MB/s   7m57s[K[A[1Gpulling manifest [K
pulling 667b0c1932bc:  40% 笆補毎笆遺毎笆遺毎笆遺毎           笆・2.0 GB/4.9 GB  6.2 MB/s   7m57s[K[A[1Gpulling manifest [K
pulling 667b0c1932bc:  40% 笆補毎笆遺毎笆遺毎笆遺毎           笆・2.0 GB/4.9 GB  6.2 MB/s   7m57s[K[A[1Gpulling manifest [K
pulling 667b0c1932bc:  40% 笆補毎笆遺毎笆遺毎笆遺毎           笆・2.0 GB/4.9 GB  6.2 MB/s   7m52s[K[A[1Gpulling manifest [K
pulling 667b0c1932bc:  40% 笆補毎笆遺毎笆遺毎笆遺毎           笆・2.0 GB/4.9 GB  6.2 MB/s   7m52s[K[A[1Gpulling manifest [K
pulling 667b0c1932bc:  40% 笆補毎笆遺毎笆遺毎笆遺毎           笆・2.0 GB/4.9 GB  6.2 MB/s   7m52s[K[A[1Gpulling manifest [K
pulling 667b0c1932bc:  40% 笆補毎笆遺毎笆遺毎笆遺毎           笆・2.0 GB/4.9 GB  6.2 MB/s   7m52s[K[A[1Gpulling manifest [K
pulling 667b0c1932bc:  40% 笆補毎笆遺毎笆遺毎笆遺毎           笆・2.0 GB/4.9 GB  6.2 MB/s   7m51s[K[A[1Gpulling manifest [K
pulling 667b0c1932bc:  40% 笆補毎笆遺毎笆遺毎笆遺毎           笆・2.0 GB/4.9 GB  6.2 MB/s   7m51s[K[A[1Gpulling manifest [K
pulling 667b0c1932bc:  40% 笆補毎笆遺毎笆遺毎笆遺毎           笆・2.0 GB/4.9 GB  6.2 MB/s   7m51s[K[A[1Gpulling manifest [K
pulling 667b0c1932bc:  40% 笆補毎笆遺毎笆遺毎笆遺毎           笆・2.0 GB/4.9 GB  6.2 MB/s   7m51s[K[A[1Gpulling manifest [K
pulling 667b0c1932bc:  40% 笆補毎笆遺毎笆遺毎笆遺毎           笆・2.0 GB/4.9 GB  6.2 MB/s   7m51s[K[A[1Gpulling manifest [K
pulling 667b0c1932bc:  40% 笆補毎笆遺毎笆遺毎笆遺毎           笆・2.0 GB/4.9 GB  6.2 MB/s   7m51s[K[A[1Gpulling manifest [K
pulling 667b0c1932bc:  40% 笆補毎笆遺毎笆遺毎笆遺毎           笆・2.0 GB/4.9 GB  6.2 MB/s   7m51s[K[A[1Gpulling manifest [K
pulling 667b0c1932bc:  40% 笆補毎笆遺毎笆遺毎笆遺毎           笆・2.0 GB/4.9 GB  6.1 MB/s    8m1s[K[A[1Gpulling manifest [K
pulling 667b0c1932bc:  40% 笆補毎笆遺毎笆遺毎笆遺毎           笆・2.0 GB/4.9 GB  6.1 MB/s    8m1s[K[A[1Gpulling manifest [K
pulling 667b0c1932bc:  40% 笆補毎笆遺毎笆遺毎笆遺毎           笆・2.0 GB/4.9 GB  6.1 MB/s    8m1s[K[A[1Gpulling manifest [K
pulling 667b0c1932bc:  40% 笆補毎笆遺毎笆遺毎笆遺毎           笆・2.0 GB/4.9 GB  6.1 MB/s    8m1s[K[A[1Gpulling manifest [K
pulling 667b0c1932bc:  40% 笆補毎笆遺毎笆遺毎笆遺毎           笆・2.0 GB/4.9 GB  6.1 MB/s    8m1s[K[A[1Gpulling manifest [K
pulling 667b0c1932bc:  40% 笆補毎笆遺毎笆遺毎笆遺毎           笆・2.0 GB/4.9 GB  6.1 MB/s    8m1s[K[A[1Gpulling manifest [K
pulling 667b0c1932bc:  40% 笆補毎笆遺毎笆遺毎笆遺毎           笆・2.0 GB/4.9 GB  6.1 MB/s    8m0s[K[A[1Gpulling manifest [K
pulling 667b0c1932bc:  40% 笆補毎笆遺毎笆遺毎笆遺毎           笆・2.0 GB/4.9 GB  6.1 MB/s    8m0s[K[A[1Gpulling manifest [K
pulling 667b0c1932bc:  40% 笆補毎笆遺毎笆遺毎笆遺毎           笆・2.0 GB/4.9 GB  6.1 MB/s    8m0s[K[A[1Gpulling manifest [K
pulling 667b0c1932bc:  40% 笆補毎笆遺毎笆遺毎笆遺毎           笆・2.0 GB/4.9 GB  6.1 MB/s    8m0s[K[A[1Gpulling manifest [K
pulling 667b0c1932bc:  40% 笆補毎笆遺毎笆遺毎笆遺毎           笆・2.0 GB/4.9 GB  6.0 MB/s    8m7s[K[A[1Gpulling manifest [K
pulling 667b0c1932bc:  40% 笆補毎笆遺毎笆遺毎笆遺毎           笆・2.0 GB/4.9 GB  6.0 MB/s    8m6s[K[A[1Gpulling manifest [K
pulling 667b0c1932bc:  40% 笆補毎笆遺毎笆遺毎笆遺毎           笆・2.0 GB/4.9 GB  6.0 MB/s    8m6s[K[A[1Gpulling manifest [K
pulling 667b0c1932bc:  40% 笆補毎笆遺毎笆遺毎笆遺毎           笆・2.0 GB/4.9 GB  6.0 MB/s    8m6s[K[A[1Gpulling manifest [K
pulling 667b0c1932bc:  40% 笆補毎笆遺毎笆遺毎笆遺毎           笆・2.0 GB/4.9 GB  6.0 MB/s    8m6s[K[A[1Gpulling manifest [K
pulling 667b0c1932bc:  40% 笆補毎笆遺毎笆遺毎笆遺毎           笆・2.0 GB/4.9 GB  6.0 MB/s    8m6s[K[A[1Gpulling manifest [K
pulling 667b0c1932bc:  40% 笆補毎笆遺毎笆遺毎笆遺毎           笆・2.0 GB/4.9 GB  6.0 MB/s    8m6s[K[A[1Gpulling manifest [K
pulling 667b0c1932bc:  40% 笆補毎笆遺毎笆遺毎笆遺毎           笆・2.0 GB/4.9 GB  6.0 MB/s    8m6s[K[A[1Gpulling manifest [K
pulling 667b0c1932bc:  40% 笆補毎笆遺毎笆遺毎笆遺毎           笆・2.0 GB/4.9 GB  6.0 MB/s    8m6s[K[A[1Gpulling manifest [K
pulling 667b0c1932bc:  40% 笆補毎笆遺毎笆遺毎笆遺毎           笆・2.0 GB/4.9 GB  6.0 MB/s    8m6s[K[A[1Gpulling manifest [K
pulling 667b0c1932bc:  40% 笆補毎笆遺毎笆遺毎笆遺毎           笆・2.0 GB/4.9 GB  6.0 MB/s    8m5s[K[A[1Gpulling manifest [K
pulling 667b0c1932bc:  40% 笆補毎笆遺毎笆遺毎笆遺毎           笆・2.0 GB/4.9 GB  6.0 MB/s    8m5s[K[A[1Gpulling manifest [K
pulling 667b0c1932bc:  41% 笆補毎笆遺毎笆遺毎笆遺毎           笆・2.0 GB/4.9 GB  6.0 MB/s    8m4s[K[A[1Gpulling manifest [K
pulling 667b0c1932bc:  41% 笆補毎笆遺毎笆遺毎笆遺毎           笆・2.0 GB/4.9 GB  6.0 MB/s    8m4s[K[A[1Gpulling manifest [K
pulling 667b0c1932bc:  41% 笆補毎笆遺毎笆遺毎笆遺毎           笆・2.0 GB/4.9 GB  6.0 MB/s    8m4s[K[A[1Gpulling manifest [K
pulling 667b0c1932bc:  41% 笆補毎笆遺毎笆遺毎笆遺毎           笆・2.0 GB/4.9 GB  6.0 MB/s    8m4s[K[A[1Gpulling manifest [K
pulling 667b0c1932bc:  41% 笆補毎笆遺毎笆遺毎笆遺毎           笆・2.0 GB/4.9 GB  6.0 MB/s    8m4s[K[A[1Gpulling manifest [K
pulling 667b0c1932bc:  41% 笆補毎笆遺毎笆遺毎笆遺毎           笆・2.0 GB/4.9 GB  6.0 MB/s    8m4s[K[A[1Gpulling manifest [K
pulling 667b0c1932bc:  41% 笆補毎笆遺毎笆遺毎笆遺毎           笆・2.0 GB/4.9 GB  6.0 MB/s    8m4s[K[A[1Gpulling manifest [K
pulling 667b0c1932bc:  41% 笆補毎笆遺毎笆遺毎笆遺毎           笆・2.0 GB/4.9 GB  6.0 MB/s    8m4s[K[A[1Gpulling manifest [K
pulling 667b0c1932bc:  41% 笆補毎笆遺毎笆遺毎笆遺毎           笆・2.0 GB/4.9 GB  5.9 MB/s   8m13s[K[A[1Gpulling manifest [K
pulling 667b0c1932bc:  41% 笆補毎笆遺毎笆遺毎笆遺毎           笆・2.0 GB/4.9 GB  5.9 MB/s   8m13s[K[A[1Gpulling manifest [K
pulling 667b0c1932bc:  41% 笆補毎笆遺毎笆遺毎笆遺毎           笆・2.0 GB/4.9 GB  5.9 MB/s   8m13s[K[A[1Gpulling manifest [K
pulling 667b0c1932bc:  41% 笆補毎笆遺毎笆遺毎笆遺毎           笆・2.0 GB/4.9 GB  5.9 MB/s   8m13s[K[A[1Gpulling manifest [K
pulling 667b0c1932bc:  41% 笆補毎笆遺毎笆遺毎笆遺毎           笆・2.0 GB/4.9 GB  5.9 MB/s   8m13s[K[A[1Gpulling manifest [K
pulling 667b0c1932bc:  41% 笆補毎笆遺毎笆遺毎笆遺毎           笆・2.0 GB/4.9 GB  5.9 MB/s   8m13s[K[A[1Gpulling manifest [K
pulling 667b0c1932bc:  41% 笆補毎笆遺毎笆遺毎笆遺毎           笆・2.0 GB/4.9 GB  5.9 MB/s   8m13s[K[A[1Gpulling manifest [K
pulling 667b0c1932bc:  41% 笆補毎笆遺毎笆遺毎笆遺毎           笆・2.0 GB/4.9 GB  5.9 MB/s   8m13s[K[A[1Gpulling manifest [K
pulling 667b0c1932bc:  41% 笆補毎笆遺毎笆遺毎笆遺毎           笆・2.0 GB/4.9 GB  5.9 MB/s   8m13s[K[A[1Gpulling manifest [K
pulling 667b0c1932bc:  41% 笆補毎笆遺毎笆遺毎笆遺毎           笆・2.0 GB/4.9 GB  5.9 MB/s   8m12s[K[A[1Gpulling manifest [K
pulling 667b0c1932bc:  41% 笆補毎笆遺毎笆遺毎笆遺毎           笆・2.0 GB/4.9 GB  5.8 MB/s   8m26s[K[A[1Gpulling manifest [K
pulling 667b0c1932bc:  41% 笆補毎笆遺毎笆遺毎笆遺毎           笆・2.0 GB/4.9 GB  5.8 MB/s   8m26s[K[A[1Gpulling manifest [K
pulling 667b0c1932bc:  41% 笆補毎笆遺毎笆遺毎笆遺毎           笆・2.0 GB/4.9 GB  5.8 MB/s   8m26s[K[A[1Gpulling manifest [K
pulling 667b0c1932bc:  41% 笆補毎笆遺毎笆遺毎笆遺毎           笆・2.0 GB/4.9 GB  5.8 MB/s   8m26s[K[A[1Gpulling manifest [K
pulling 667b0c1932bc:  41% 笆補毎笆遺毎笆遺毎笆遺毎           笆・2.0 GB/4.9 GB  5.8 MB/s   8m26s[K[A[1Gpulling manifest [K
pulling 667b0c1932bc:  41% 笆補毎笆遺毎笆遺毎笆遺毎           笆・2.0 GB/4.9 GB  5.8 MB/s   8m25s[K[A[1Gpulling manifest [K
pulling 667b0c1932bc:  41% 笆補毎笆遺毎笆遺毎笆遺毎           笆・2.0 GB/4.9 GB  5.8 MB/s   8m25s[K[A[1Gpulling manifest [K
pulling 667b0c1932bc:  41% 笆補毎笆遺毎笆遺毎笆遺毎           笆・2.0 GB/4.9 GB  5.8 MB/s   8m25s[K[A[1Gpulling manifest [K
pulling 667b0c1932bc:  41% 笆補毎笆遺毎笆遺毎笆遺毎           笆・2.0 GB/4.9 GB  5.8 MB/s   8m25s[K[A[1Gpulling manifest [K
pulling 667b0c1932bc:  41% 笆補毎笆遺毎笆遺毎笆遺毎           笆・2.0 GB/4.9 GB  5.8 MB/s   8m25s[K[A[1Gpulling manifest [K
pulling 667b0c1932bc:  41% 笆補毎笆遺毎笆遺毎笆遺毎           笆・2.0 GB/4.9 GB  5.8 MB/s   8m25s[K[A[1Gpulling manifest [K
pulling 667b0c1932bc:  41% 笆補毎笆遺毎笆遺毎笆遺毎           笆・2.0 GB/4.9 GB  5.8 MB/s   8m18s[K[A[1Gpulling manifest [K
pulling 667b0c1932bc:  41% 笆補毎笆遺毎笆遺毎笆遺毎           笆・2.0 GB/4.9 GB  5.8 MB/s   8m18s[K[A[1Gpulling manifest [K
pulling 667b0c1932bc:  41% 笆補毎笆遺毎笆遺毎笆遺毎           笆・2.0 GB/4.9 GB  5.8 MB/s   8m18s[K[A[1Gpulling manifest [K
pulling 667b0c1932bc:  41% 笆補毎笆遺毎笆遺毎笆遺毎           笆・2.0 GB/4.9 GB  5.8 MB/s   8m18s[K[A[1Gpulling manifest [K
pulling 667b0c1932bc:  41% 笆補毎笆遺毎笆遺毎笆遺毎           笆・2.0 GB/4.9 GB  5.8 MB/s   8m18s[K[A[1Gpulling manifest [K
pulling 667b0c1932bc:  41% 笆補毎笆遺毎笆遺毎笆遺毎           笆・2.0 GB/4.9 GB  5.8 MB/s   8m18s[K[A[1Gpulling manifest [K
pulling 667b0c1932bc:  41% 笆補毎笆遺毎笆遺毎笆遺毎           笆・2.0 GB/4.9 GB  5.8 MB/s   8m18s[K[A[1Gpulling manifest [K
pulling 667b0c1932bc:  41% 笆補毎笆遺毎笆遺毎笆遺毎           笆・2.0 GB/4.9 GB  5.8 MB/s   8m18s[K[A[1Gpulling manifest [K
pulling 667b0c1932bc:  41% 笆補毎笆遺毎笆遺毎笆遺毎           笆・2.0 GB/4.9 GB  5.8 MB/s   8m18s[K[A[1Gpulling manifest [K
pulling 667b0c1932bc:  41% 笆補毎笆遺毎笆遺毎笆遺毎           笆・2.0 GB/4.9 GB  5.8 MB/s   8m17s[K[A[1Gpulling manifest [K
pulling 667b0c1932bc:  41% 笆補毎笆遺毎笆遺毎笆遺毎           笆・2.0 GB/4.9 GB  5.8 MB/s   8m25s[K[A[1Gpulling manifest [K
pulling 667b0c1932bc:  41% 笆補毎笆遺毎笆遺毎笆遺毎           笆・2.0 GB/4.9 GB  5.8 MB/s   8m25s[K[A[1Gpulling manifest [K
pulling 667b0c1932bc:  41% 笆補毎笆遺毎笆遺毎笆遺毎           笆・2.0 GB/4.9 GB  5.8 MB/s   8m25s[K[A[1Gpulling manifest [K
pulling 667b0c1932bc:  41% 笆補毎笆遺毎笆遺毎笆遺毎           笆・2.0 GB/4.9 GB  5.8 MB/s   8m25s[K[A[1Gpulling manifest [K
pulling 667b0c1932bc:  41% 笆補毎笆遺毎笆遺毎笆遺毎           笆・2.0 GB/4.9 GB  5.8 MB/s   8m24s[K[A[1Gpulling manifest [K
pulling 667b0c1932bc:  41% 笆補毎笆遺毎笆遺毎笆遺毎           笆・2.0 GB/4.9 GB  5.8 MB/s   8m24s[K[A[1Gpulling manifest [K
pulling 667b0c1932bc:  41% 笆補毎笆遺毎笆遺毎笆遺毎           笆・2.0 GB/4.9 GB  5.8 MB/s   8m24s[K[A[1Gpulling manifest [K
pulling 667b0c1932bc:  41% 笆補毎笆遺毎笆遺毎笆遺毎           笆・2.0 GB/4.9 GB  5.8 MB/s   8m24s[K[A[1Gpulling manifest [K
pulling 667b0c1932bc:  41% 笆補毎笆遺毎笆遺毎笆遺毎           笆・2.0 GB/4.9 GB  5.8 MB/s   8m24s[K[A[1Gpulling manifest [K
pulling 667b0c1932bc:  41% 笆補毎笆遺毎笆遺毎笆遺毎           笆・2.0 GB/4.9 GB  5.8 MB/s   8m24s[K[A[1Gpulling manifest [K
pulling 667b0c1932bc:  41% 笆補毎笆遺毎笆遺毎笆遺毎           笆・2.0 GB/4.9 GB  5.8 MB/s   8m20s[K[A[1Gpulling manifest [K
pulling 667b0c1932bc:  41% 笆補毎笆遺毎笆遺毎笆遺毎           笆・2.0 GB/4.9 GB  5.8 MB/s   8m20s[K[A[1Gpulling manifest [K
pulling 667b0c1932bc:  41% 笆補毎笆遺毎笆遺毎笆遺毎           笆・2.0 GB/4.9 GB  5.8 MB/s   8m20s[K[A[1Gpulling manifest [K
pulling 667b0c1932bc:  41% 笆補毎笆遺毎笆遺毎笆遺毎           笆・2.0 GB/4.9 GB  5.8 MB/s   8m20s[K[A[1Gpulling manifest [K
pulling 667b0c1932bc:  41% 笆補毎笆遺毎笆遺毎笆遺毎           笆・2.0 GB/4.9 GB  5.8 MB/s   8m20s[K[A[1Gpulling manifest [K
pulling 667b0c1932bc:  41% 笆補毎笆遺毎笆遺毎笆遺毎           笆・2.0 GB/4.9 GB  5.8 MB/s   8m19s[K[A[1Gpulling manifest [K
pulling 667b0c1932bc:  41% 笆補毎笆遺毎笆遺毎笆遺毎           笆・2.0 GB/4.9 GB  5.8 MB/s   8m19s[K[A[1Gpulling manifest [K
pulling 667b0c1932bc:  41% 笆補毎笆遺毎笆遺毎笆遺毎           笆・2.0 GB/4.9 GB  5.8 MB/s   8m19s[K[A[1Gpulling manifest [K
pulling 667b0c1932bc:  41% 笆補毎笆遺毎笆遺毎笆遺毎           笆・2.0 GB/4.9 GB  5.8 MB/s   8m19s[K[A[1Gpulling manifest [K
pulling 667b0c1932bc:  41% 笆補毎笆遺毎笆遺毎笆遺毎           笆・2.0 GB/4.9 GB  5.8 MB/s   8m19s[K[A[1Gpulling manifest [K
pulling 667b0c1932bc:  41% 笆補毎笆遺毎笆遺毎笆遺毎           笆・2.0 GB/4.9 GB  5.8 MB/s   8m17s[K[A[1Gpulling manifest [K
pulling 667b0c1932bc:  41% 笆補毎笆遺毎笆遺毎笆遺毎           笆・2.0 GB/4.9 GB  5.8 MB/s   8m17s[K[A[1Gpulling manifest [K
pulling 667b0c1932bc:  41% 笆補毎笆遺毎笆遺毎笆遺毎           笆・2.0 GB/4.9 GB  5.8 MB/s   8m17s[K[A[1Gpulling manifest [K
pulling 667b0c1932bc:  41% 笆補毎笆遺毎笆遺毎笆遺毎           笆・2.0 GB/4.9 GB  5.8 MB/s   8m17s[K[A[1Gpulling manifest [K
pulling 667b0c1932bc:  41% 笆補毎笆遺毎笆遺毎笆遺毎           笆・2.0 GB/4.9 GB  5.8 MB/s   8m17s[K[A[1Gpulling manifest [K
pulling 667b0c1932bc:  41% 笆補毎笆遺毎笆遺毎笆遺毎           笆・2.0 GB/4.9 GB  5.8 MB/s   8m17s[K[A[1Gpulling manifest [K
pulling 667b0c1932bc:  41% 笆補毎笆遺毎笆遺毎笆遺毎           笆・2.0 GB/4.9 GB  5.8 MB/s   8m17s[K[A[1Gpulling manifest [K
pulling 667b0c1932bc:  41% 笆補毎笆遺毎笆遺毎笆遺毎           笆・2.0 GB/4.9 GB  5.8 MB/s   8m17s[K[A[1Gpulling manifest [K
pulling 667b0c1932bc:  41% 笆補毎笆遺毎笆遺毎笆遺毎           笆・2.0 GB/4.9 GB  5.8 MB/s   8m17s[K[A[1Gpulling manifest [K
pulling 667b0c1932bc:  41% 笆補毎笆遺毎笆遺毎笆遺毎           笆・2.0 GB/4.9 GB  5.8 MB/s   8m16s[K[A[1Gpulling manifest [K
pulling 667b0c1932bc:  41% 笆補毎笆遺毎笆遺毎笆遺毎           笆・2.0 GB/4.9 GB  5.8 MB/s   8m16s[K[A[1Gpulling manifest [K
pulling 667b0c1932bc:  41% 笆補毎笆遺毎笆遺毎笆遺毎           笆・2.0 GB/4.9 GB  5.8 MB/s   8m16s[K[A[1Gpulling manifest [K
pulling 667b0c1932bc:  41% 笆補毎笆遺毎笆遺毎笆遺毎           笆・2.0 GB/4.9 GB  5.8 MB/s   8m16s[K[A[1Gpulling manifest [K
pulling 667b0c1932bc:  41% 笆補毎笆遺毎笆遺毎笆遺毎           笆・2.0 GB/4.9 GB  5.8 MB/s   8m16s[K[A[1Gpulling manifest [K
pulling 667b0c1932bc:  41% 笆補毎笆遺毎笆遺毎笆遺毎           笆・2.0 GB/4.9 GB  5.8 MB/s   8m15s[K[A[1Gpulling manifest [K
pulling 667b0c1932bc:  41% 笆補毎笆遺毎笆遺毎笆遺毎           笆・2.0 GB/4.9 GB  5.8 MB/s   8m15s[K[A[1Gpulling manifest [K
pulling 667b0c1932bc:  41% 笆補毎笆遺毎笆遺毎笆遺毎           笆・2.0 GB/4.9 GB  5.8 MB/s   8m15s[K[A[1Gpulling manifest [K
pulling 667b0c1932bc:  41% 笆補毎笆遺毎笆遺毎笆遺毎           笆・2.0 GB/4.9 GB  5.8 MB/s   8m15s[K[A[1Gpulling manifest [K
pulling 667b0c1932bc:  41% 笆補毎笆遺毎笆遺毎笆遺毎           笆・2.0 GB/4.9 GB  5.8 MB/s   8m15s[K[A[1Gpulling manifest [K
pulling 667b0c1932bc:  41% 笆補毎笆遺毎笆遺毎笆遺毎           笆・2.0 GB/4.9 GB  5.8 MB/s   8m15s[K[A[1Gpulling manifest [K
pulling 667b0c1932bc:  41% 笆補毎笆遺毎笆遺毎笆遺毎           笆・2.0 GB/4.9 GB  5.9 MB/s    8m5s[K[A[1Gpulling manifest [K
pulling 667b0c1932bc:  41% 笆補毎笆遺毎笆遺毎笆遺毎           笆・2.0 GB/4.9 GB  5.9 MB/s    8m5s[K[A[1Gpulling manifest [K
pulling 667b0c1932bc:  41% 笆補毎笆遺毎笆遺毎笆遺毎           笆・2.0 GB/4.9 GB  5.9 MB/s    8m5s[K[A[1Gpulling manifest [K
pulling 667b0c1932bc:  41% 笆補毎笆遺毎笆遺毎笆遺毎           笆・2.0 GB/4.9 GB  5.9 MB/s    8m5s[K[A[1Gpulling manifest [K
pulling 667b0c1932bc:  41% 笆補毎笆遺毎笆遺毎笆遺毎           笆・2.0 GB/4.9 GB  5.9 MB/s    8m5s[K[A[1Gpulling manifest [K
pulling 667b0c1932bc:  42% 笆補毎笆遺毎笆遺毎笆遺毎           笆・2.0 GB/4.9 GB  5.9 MB/s    8m5s[K[A[1Gpulling manifest [K
pulling 667b0c1932bc:  42% 笆補毎笆遺毎笆遺毎笆遺毎           笆・2.0 GB/4.9 GB  5.9 MB/s    8m5s[K[A[1Gpulling manifest [K
pulling 667b0c1932bc:  42% 笆補毎笆遺毎笆遺毎笆遺毎           笆・2.0 GB/4.9 GB  5.9 MB/s    8m5s[K[A[1Gpulling manifest [K
pulling 667b0c1932bc:  42% 笆補毎笆遺毎笆遺毎笆遺毎           笆・2.0 GB/4.9 GB  5.9 MB/s    8m4s[K[A[1Gpulling manifest [K
pulling 667b0c1932bc:  42% 笆補毎笆遺毎笆遺毎笆遺毎           笆・2.0 GB/4.9 GB  5.9 MB/s    8m4s[K[A[1Gpulling manifest [K
pulling 667b0c1932bc:  42% 笆補毎笆遺毎笆遺毎笆遺毎           笆・2.0 GB/4.9 GB  5.9 MB/s    8m4s[K[A[1Gpulling manifest [K
pulling 667b0c1932bc:  42% 笆補毎笆遺毎笆遺毎笆遺毎           笆・2.0 GB/4.9 GB  6.2 MB/s   7m46s[K[A[1Gpulling manifest [K
pulling 667b0c1932bc:  42% 笆補毎笆遺毎笆遺毎笆遺毎           笆・2.0 GB/4.9 GB  6.2 MB/s   7m46s[K[A[1Gpulling manifest [K
pulling 667b0c1932bc:  42% 笆補毎笆遺毎笆遺毎笆遺毎           笆・2.0 GB/4.9 GB  6.2 MB/s   7m46s[K[A[1Gpulling manifest [K
pulling 667b0c1932bc:  42% 笆補毎笆遺毎笆遺毎笆遺毎           笆・2.0 GB/4.9 GB  6.2 MB/s   7m46s[K[A[1Gpulling manifest [K
pulling 667b0c1932bc:  42% 笆補毎笆遺毎笆遺毎笆遺毎           笆・2.1 GB/4.9 GB  6.2 MB/s   7m46s[K[A[1Gpulling manifest [K
pulling 667b0c1932bc:  42% 笆補毎笆遺毎笆遺毎笆遺毎           笆・2.1 GB/4.9 GB  6.2 MB/s   7m46s[K[A[1Gpulling manifest [K
pulling 667b0c1932bc:  42% 笆補毎笆遺毎笆遺毎笆遺毎           笆・2.1 GB/4.9 GB  6.2 MB/s   7m46s[K[A[1Gpulling manifest [K
pulling 667b0c1932bc:  42% 笆補毎笆遺毎笆遺毎笆遺毎           笆・2.1 GB/4.9 GB  6.2 MB/s   7m46s[K[A[1Gpulling manifest [K
pulling 667b0c1932bc:  42% 笆補毎笆遺毎笆遺毎笆遺毎           笆・2.1 GB/4.9 GB  6.2 MB/s   7m46s[K[A[1Gpulling manifest [K
pulling 667b0c1932bc:  42% 笆補毎笆遺毎笆遺毎笆遺毎           笆・2.1 GB/4.9 GB  6.2 MB/s   7m46s[K[A[1Gpulling manifest [K
pulling 667b0c1932bc:  42% 笆補毎笆遺毎笆遺毎笆遺毎           笆・2.1 GB/4.9 GB  6.2 MB/s   7m46s[K[A[1Gpulling manifest [K
pulling 667b0c1932bc:  42% 笆補毎笆遺毎笆遺毎笆遺毎           笆・2.1 GB/4.9 GB  6.2 MB/s   7m39s[K[A[1Gpulling manifest [K
pulling 667b0c1932bc:  42% 笆補毎笆遺毎笆遺毎笆遺毎           笆・2.1 GB/4.9 GB  6.2 MB/s   7m39s[K[A[1Gpulling manifest [K
pulling 667b0c1932bc:  42% 笆補毎笆遺毎笆遺毎笆遺毎           笆・2.1 GB/4.9 GB  6.2 MB/s   7m39s[K[A[1Gpulling manifest [K
pulling 667b0c1932bc:  42% 笆補毎笆遺毎笆遺毎笆遺毎           笆・2.1 GB/4.9 GB  6.2 MB/s   7m39s[K[A[1Gpulling manifest [K
pulling 667b0c1932bc:  42% 笆補毎笆遺毎笆遺毎笆遺毎           笆・2.1 GB/4.9 GB  6.2 MB/s   7m39s[K[A[1Gpulling manifest [K
pulling 667b0c1932bc:  42% 笆補毎笆遺毎笆遺毎笆遺毎           笆・2.1 GB/4.9 GB  6.2 MB/s   7m39s[K[A[1Gpulling manifest [K
pulling 667b0c1932bc:  42% 笆補毎笆遺毎笆遺毎笆遺毎           笆・2.1 GB/4.9 GB  6.2 MB/s   7m39s[K[A[1Gpulling manifest [K
pulling 667b0c1932bc:  42% 笆補毎笆遺毎笆遺毎笆遺毎           笆・2.1 GB/4.9 GB  6.2 MB/s   7m39s[K[A[1Gpulling manifest [K
pulling 667b0c1932bc:  42% 笆補毎笆遺毎笆遺毎笆遺毎           笆・2.1 GB/4.9 GB  6.2 MB/s   7m38s[K[A[1Gpulling manifest [K
pulling 667b0c1932bc:  42% 笆補毎笆遺毎笆遺毎笆遺毎           笆・2.1 GB/4.9 GB  6.2 MB/s   7m38s[K[A[1Gpulling manifest [K
pulling 667b0c1932bc:  42% 笆補毎笆遺毎笆遺毎笆遺毎           笆・2.1 GB/4.9 GB  6.5 MB/s   7m20s[K[A[1Gpulling manifest [K
pulling 667b0c1932bc:  42% 笆補毎笆遺毎笆遺毎笆遺毎           笆・2.1 GB/4.9 GB  6.5 MB/s   7m20s[K[A[1Gpulling manifest [K
pulling 667b0c1932bc:  42% 笆補毎笆遺毎笆遺毎笆遺毎           笆・2.1 GB/4.9 GB  6.5 MB/s   7m20s[K[A[1Gpulling manifest [K
pulling 667b0c1932bc:  42% 笆補毎笆遺毎笆遺毎笆遺毎           笆・2.1 GB/4.9 GB  6.5 MB/s   7m20s[K[A[1Gpulling manifest [K
pulling 667b0c1932bc:  42% 笆補毎笆遺毎笆遺毎笆遺毎           笆・2.1 GB/4.9 GB  6.5 MB/s   7m20s[K[A[1Gpulling manifest [K
pulling 667b0c1932bc:  42% 笆補毎笆遺毎笆遺毎笆遺毎           笆・2.1 GB/4.9 GB  6.5 MB/s   7m20s[K[A[1Gpulling manifest [K
pulling 667b0c1932bc:  42% 笆補毎笆遺毎笆遺毎笆遺毎           笆・2.1 GB/4.9 GB  6.5 MB/s   7m19s[K[A[1Gpulling manifest [K
pulling 667b0c1932bc:  42% 笆補毎笆遺毎笆遺毎笆遺毎           笆・2.1 GB/4.9 GB  6.5 MB/s   7m19s[K[A[1Gpulling manifest [K
pulling 667b0c1932bc:  42% 笆補毎笆遺毎笆遺毎笆遺毎           笆・2.1 GB/4.9 GB  6.5 MB/s   7m19s[K[A[1Gpulling manifest [K
pulling 667b0c1932bc:  42% 笆補毎笆遺毎笆遺毎笆遺毎           笆・2.1 GB/4.9 GB  6.5 MB/s   7m19s[K[A[1Gpulling manifest [K
pulling 667b0c1932bc:  42% 笆補毎笆遺毎笆遺毎笆遺毎           笆・2.1 GB/4.9 GB  6.5 MB/s   7m17s[K[A[1Gpulling manifest [K
pulling 667b0c1932bc:  42% 笆補毎笆遺毎笆遺毎笆遺毎           笆・2.1 GB/4.9 GB  6.5 MB/s   7m17s[K[A[1Gpulling manifest [K
pulling 667b0c1932bc:  42% 笆補毎笆遺毎笆遺毎笆遺毎           笆・2.1 GB/4.9 GB  6.5 MB/s   7m17s[K[A[1Gpulling manifest [K
pulling 667b0c1932bc:  42% 笆補毎笆遺毎笆遺毎笆遺毎           笆・2.1 GB/4.9 GB  6.5 MB/s   7m17s[K[A[1Gpulling manifest [K
pulling 667b0c1932bc:  42% 笆補毎笆遺毎笆遺毎笆遺毎           笆・2.1 GB/4.9 GB  6.5 MB/s   7m17s[K[A[1Gpulling manifest [K
pulling 667b0c1932bc:  42% 笆補毎笆遺毎笆遺毎笆遺毎           笆・2.1 GB/4.9 GB  6.5 MB/s   7m17s[K[A[1Gpulling manifest [K
pulling 667b0c1932bc:  42% 笆補毎笆遺毎笆遺毎笆遺毎           笆・2.1 GB/4.9 GB  6.5 MB/s   7m17s[K[A[1Gpulling manifest [K
pulling 667b0c1932bc:  42% 笆補毎笆遺毎笆遺毎笆遺毎           笆・2.1 GB/4.9 GB  6.5 MB/s   7m17s[K[A[1Gpulling manifest [K
pulling 667b0c1932bc:  42% 笆補毎笆遺毎笆遺毎笆遺毎           笆・2.1 GB/4.9 GB  6.5 MB/s   7m17s[K[A[1Gpulling manifest [K
pulling 667b0c1932bc:  42% 笆補毎笆遺毎笆遺毎笆遺毎           笆・2.1 GB/4.9 GB  6.5 MB/s   7m17s[K[A[1Gpulling manifest [K
pulling 667b0c1932bc:  42% 笆補毎笆遺毎笆遺毎笆遺毎           笆・2.1 GB/4.9 GB  6.6 MB/s   7m14s[K[A[1Gpulling manifest [K
pulling 667b0c1932bc:  42% 笆補毎笆遺毎笆遺毎笆遺毎           笆・2.1 GB/4.9 GB  6.6 MB/s   7m13s[K[A[1Gpulling manifest [K
pulling 667b0c1932bc:  42% 笆補毎笆遺毎笆遺毎笆遺毎           笆・2.1 GB/4.9 GB  6.6 MB/s   7m13s[K[A[1Gpulling manifest [K
pulling 667b0c1932bc:  42% 笆補毎笆遺毎笆遺毎笆遺毎           笆・2.1 GB/4.9 GB  6.6 MB/s   7m13s[K[A[1Gpulling manifest [K
pulling 667b0c1932bc:  42% 笆補毎笆遺毎笆遺毎笆遺毎           笆・2.1 GB/4.9 GB  6.6 MB/s   7m13s[K[A[1Gpulling manifest [K
pulling 667b0c1932bc:  42% 笆補毎笆遺毎笆遺毎笆遺毎           笆・2.1 GB/4.9 GB  6.6 MB/s   7m13s[K[A[1Gpulling manifest [K
pulling 667b0c1932bc:  42% 笆補毎笆遺毎笆遺毎笆遺毎           笆・2.1 GB/4.9 GB  6.6 MB/s   7m13s[K[A[1Gpulling manifest [K
pulling 667b0c1932bc:  42% 笆補毎笆遺毎笆遺毎笆遺毎           笆・2.1 GB/4.9 GB  6.6 MB/s   7m13s[K[A[1Gpulling manifest [K
pulling 667b0c1932bc:  42% 笆補毎笆遺毎笆遺毎笆遺毎           笆・2.1 GB/4.9 GB  6.6 MB/s   7m13s[K[A[1Gpulling manifest [K
pulling 667b0c1932bc:  42% 笆補毎笆遺毎笆遺毎笆遺毎           笆・2.1 GB/4.9 GB  6.6 MB/s   7m13s[K[A[1Gpulling manifest [K
pulling 667b0c1932bc:  42% 笆補毎笆遺毎笆遺毎笆遺毎           笆・2.1 GB/4.9 GB  6.6 MB/s   7m12s[K[A[1Gpulling manifest [K
pulling 667b0c1932bc:  42% 笆補毎笆遺毎笆遺毎笆遺毎           笆・2.1 GB/4.9 GB  6.6 MB/s   7m12s[K[A[1Gpulling manifest [K
pulling 667b0c1932bc:  42% 笆補毎笆遺毎笆遺毎笆遺毎           笆・2.1 GB/4.9 GB  6.6 MB/s   7m12s[K[A[1Gpulling manifest [K
pulling 667b0c1932bc:  42% 笆補毎笆遺毎笆遺毎笆遺毎           笆・2.1 GB/4.9 GB  6.6 MB/s   7m12s[K[A[1Gpulling manifest [K
pulling 667b0c1932bc:  42% 笆補毎笆遺毎笆遺毎笆遺毎           笆・2.1 GB/4.9 GB  6.6 MB/s   7m12s[K[A[1Gpulling manifest [K
pulling 667b0c1932bc:  42% 笆補毎笆遺毎笆遺毎笆遺毎           笆・2.1 GB/4.9 GB  6.6 MB/s   7m12s[K[A[1Gpulling manifest [K
pulling 667b0c1932bc:  42% 笆補毎笆遺毎笆遺毎笆遺毎           笆・2.1 GB/4.9 GB  6.6 MB/s   7m12s[K[A[1Gpulling manifest [K
pulling 667b0c1932bc:  42% 笆補毎笆遺毎笆遺毎笆遺毎           笆・2.1 GB/4.9 GB  6.6 MB/s   7m11s[K[A[1Gpulling manifest [K
pulling 667b0c1932bc:  42% 笆補毎笆遺毎笆遺毎笆遺毎           笆・2.1 GB/4.9 GB  6.6 MB/s   7m11s[K[A[1Gpulling manifest [K
pulling 667b0c1932bc:  42% 笆補毎笆遺毎笆遺毎笆遺毎           笆・2.1 GB/4.9 GB  6.6 MB/s   7m11s[K[A[1Gpulling manifest [K
pulling 667b0c1932bc:  42% 笆補毎笆遺毎笆遺毎笆遺毎           笆・2.1 GB/4.9 GB  6.6 MB/s   7m11s[K[A[1Gpulling manifest [K
pulling 667b0c1932bc:  42% 笆補毎笆遺毎笆遺毎笆遺毎           笆・2.1 GB/4.9 GB  6.7 MB/s    7m3s[K[A[1Gpulling manifest [K
pulling 667b0c1932bc:  42% 笆補毎笆遺毎笆遺毎笆遺毎           笆・2.1 GB/4.9 GB  6.7 MB/s    7m3s[K[A[1Gpulling manifest [K
pulling 667b0c1932bc:  42% 笆補毎笆遺毎笆遺毎笆遺毎           笆・2.1 GB/4.9 GB  6.7 MB/s    7m3s[K[A[1Gpulling manifest [K
pulling 667b0c1932bc:  42% 笆補毎笆遺毎笆遺毎笆遺毎           笆・2.1 GB/4.9 GB  6.7 MB/s    7m3s[K[A[1Gpulling manifest [K
pulling 667b0c1932bc:  42% 笆補毎笆遺毎笆遺毎笆遺毎           笆・2.1 GB/4.9 GB  6.7 MB/s    7m3s[K[A[1Gpulling manifest [K
pulling 667b0c1932bc:  42% 笆補毎笆遺毎笆遺毎笆遺毎           笆・2.1 GB/4.9 GB  6.7 MB/s    7m3s[K[A[1Gpulling manifest [K
pulling 667b0c1932bc:  43% 笆補毎笆遺毎笆遺毎笆遺毎           笆・2.1 GB/4.9 GB  6.7 MB/s    7m3s[K[A[1Gpulling manifest [K
pulling 667b0c1932bc:  43% 笆補毎笆遺毎笆遺毎笆遺毎           笆・2.1 GB/4.9 GB  6.7 MB/s    7m3s[K[A[1Gpulling manifest [K
pulling 667b0c1932bc:  43% 笆補毎笆遺毎笆遺毎笆遺毎           笆・2.1 GB/4.9 GB  6.7 MB/s    7m3s[K[A[1Gpulling manifest [K
pulling 667b0c1932bc:  43% 笆補毎笆遺毎笆遺毎笆遺毎           笆・2.1 GB/4.9 GB  6.7 MB/s    7m3s[K[A[1Gpulling manifest [K
pulling 667b0c1932bc:  43% 笆補毎笆遺毎笆遺毎笆遺毎           笆・2.1 GB/4.9 GB  6.8 MB/s   6m56s[K[A[1Gpulling manifest [K
pulling 667b0c1932bc:  43% 笆補毎笆遺毎笆遺毎笆遺毎           笆・2.1 GB/4.9 GB  6.8 MB/s   6m56s[K[A[1Gpulling manifest [K
pulling 667b0c1932bc:  43% 笆補毎笆遺毎笆遺毎笆遺毎           笆・2.1 GB/4.9 GB  6.8 MB/s   6m56s[K[A[1Gpulling manifest [K
pulling 667b0c1932bc:  43% 笆補毎笆遺毎笆遺毎笆遺毎           笆・2.1 GB/4.9 GB  6.8 MB/s   6m56s[K[A[1Gpulling manifest [K
pulling 667b0c1932bc:  43% 笆補毎笆遺毎笆遺毎笆遺毎           笆・2.1 GB/4.9 GB  6.8 MB/s   6m56s[K[A[1Gpulling manifest [K
pulling 667b0c1932bc:  43% 笆補毎笆遺毎笆遺毎笆遺毎           笆・2.1 GB/4.9 GB  6.8 MB/s   6m56s[K[A[1Gpulling manifest [K
pulling 667b0c1932bc:  43% 笆補毎笆遺毎笆遺毎笆遺毎           笆・2.1 GB/4.9 GB  6.8 MB/s   6m56s[K[A[1Gpulling manifest [K
pulling 667b0c1932bc:  43% 笆補毎笆遺毎笆遺毎笆遺毎           笆・2.1 GB/4.9 GB  6.8 MB/s   6m56s[K[A[1Gpulling manifest [K
pulling 667b0c1932bc:  43% 笆補毎笆遺毎笆遺毎笆遺毎           笆・2.1 GB/4.9 GB  6.8 MB/s   6m55s[K[A[1Gpulling manifest [K
pulling 667b0c1932bc:  43% 笆補毎笆遺毎笆遺毎笆遺毎           笆・2.1 GB/4.9 GB  6.8 MB/s   6m55s[K[A[1Gpulling manifest [K
pulling 667b0c1932bc:  43% 笆補毎笆遺毎笆遺毎笆遺毎           笆・2.1 GB/4.9 GB  6.7 MB/s    7m1s[K[A[1Gpulling manifest [K
pulling 667b0c1932bc:  43% 笆補毎笆遺毎笆遺毎笆遺毎           笆・2.1 GB/4.9 GB  6.7 MB/s    7m1s[K[A[1Gpulling manifest [K
pulling 667b0c1932bc:  43% 笆補毎笆遺毎笆遺毎笆遺毎           笆・2.1 GB/4.9 GB  6.7 MB/s    7m1s[K[A[1Gpulling manifest [K
pulling 667b0c1932bc:  43% 笆補毎笆遺毎笆遺毎笆遺毎           笆・2.1 GB/4.9 GB  6.7 MB/s    7m0s[K[A[1Gpulling manifest [K
pulling 667b0c1932bc:  43% 笆補毎笆遺毎笆遺毎笆遺毎           笆・2.1 GB/4.9 GB  6.7 MB/s    7m0s[K[A[1Gpulling manifest [K
pulling 667b0c1932bc:  43% 笆補毎笆遺毎笆遺毎笆遺毎           笆・2.1 GB/4.9 GB  6.7 MB/s    7m0s[K[A[1Gpulling manifest [K
pulling 667b0c1932bc:  43% 笆補毎笆遺毎笆遺毎笆遺毎           笆・2.1 GB/4.9 GB  6.7 MB/s    7m0s[K[A[1Gpulling manifest [K
pulling 667b0c1932bc:  43% 笆補毎笆遺毎笆遺毎笆遺毎           笆・2.1 GB/4.9 GB  6.7 MB/s    7m0s[K[A[1Gpulling manifest [K
pulling 667b0c1932bc:  43% 笆補毎笆遺毎笆遺毎笆遺毎           笆・2.1 GB/4.9 GB  6.7 MB/s    7m0s[K[A[1Gpulling manifest [K
pulling 667b0c1932bc:  43% 笆補毎笆遺毎笆遺毎笆遺毎           笆・2.1 GB/4.9 GB  6.7 MB/s    7m0s[K[A[1Gpulling manifest [K
pulling 667b0c1932bc:  43% 笆補毎笆遺毎笆遺毎笆遺毎           笆・2.1 GB/4.9 GB  6.7 MB/s    7m2s[K[A[1Gpulling manifest [K
pulling 667b0c1932bc:  43% 笆補毎笆遺毎笆遺毎笆遺毎           笆・2.1 GB/4.9 GB  6.7 MB/s    7m2s[K[A[1Gpulling manifest [K
pulling 667b0c1932bc:  43% 笆補毎笆遺毎笆遺毎笆遺毎           笆・2.1 GB/4.9 GB  6.7 MB/s    7m2s[K[A[1Gpulling manifest [K
pulling 667b0c1932bc:  43% 笆補毎笆遺毎笆遺毎笆遺毎           笆・2.1 GB/4.9 GB  6.7 MB/s    7m2s[K[A[1Gpulling manifest [K
pulling 667b0c1932bc:  43% 笆補毎笆遺毎笆遺毎笆遺毎           笆・2.1 GB/4.9 GB  6.7 MB/s    7m2s[K[A[1Gpulling manifest [K
pulling 667b0c1932bc:  43% 笆補毎笆遺毎笆遺毎笆遺毎           笆・2.1 GB/4.9 GB  6.7 MB/s    7m2s[K[A[1Gpulling manifest [K
pulling 667b0c1932bc:  43% 笆補毎笆遺毎笆遺毎笆遺毎           笆・2.1 GB/4.9 GB  6.7 MB/s    7m2s[K[A[1Gpulling manifest [K
pulling 667b0c1932bc:  43% 笆補毎笆遺毎笆遺毎笆遺毎           笆・2.1 GB/4.9 GB  6.7 MB/s    7m2s[K[A[1Gpulling manifest [K
pulling 667b0c1932bc:  43% 笆補毎笆遺毎笆遺毎笆遺毎           笆・2.1 GB/4.9 GB  6.7 MB/s    7m1s[K[A[1Gpulling manifest [K
pulling 667b0c1932bc:  43% 笆補毎笆遺毎笆遺毎笆遺毎           笆・2.1 GB/4.9 GB  6.7 MB/s    7m1s[K[A[1Gpulling manifest [K
pulling 667b0c1932bc:  43% 笆補毎笆遺毎笆遺毎笆遺毎           笆・2.1 GB/4.9 GB  6.6 MB/s    7m3s[K[A[1Gpulling manifest [K
pulling 667b0c1932bc:  43% 笆補毎笆遺毎笆遺毎笆遺毎           笆・2.1 GB/4.9 GB  6.6 MB/s    7m3s[K[A[1Gpulling manifest [K
pulling 667b0c1932bc:  43% 笆補毎笆遺毎笆遺毎笆遺毎           笆・2.1 GB/4.9 GB  6.6 MB/s    7m3s[K[A[1Gpulling manifest [K
pulling 667b0c1932bc:  43% 笆補毎笆遺毎笆遺毎笆遺毎           笆・2.1 GB/4.9 GB  6.6 MB/s    7m3s[K[A[1Gpulling manifest [K
pulling 667b0c1932bc:  43% 笆補毎笆遺毎笆遺毎笆遺毎           笆・2.1 GB/4.9 GB  6.6 MB/s    7m3s[K[A[1Gpulling manifest [K
pulling 667b0c1932bc:  43% 笆補毎笆遺毎笆遺毎笆遺毎           笆・2.1 GB/4.9 GB  6.6 MB/s    7m3s[K[A[1Gpulling manifest [K
pulling 667b0c1932bc:  43% 笆補毎笆遺毎笆遺毎笆遺毎           笆・2.1 GB/4.9 GB  6.6 MB/s    7m3s[K[A[1Gpulling manifest [K
pulling 667b0c1932bc:  43% 笆補毎笆遺毎笆遺毎笆遺毎           笆・2.1 GB/4.9 GB  6.6 MB/s    7m3s[K[A[1Gpulling manifest [K
pulling 667b0c1932bc:  43% 笆補毎笆遺毎笆遺毎笆遺毎           笆・2.1 GB/4.9 GB  6.6 MB/s    7m2s[K[A[1Gpulling manifest [K
pulling 667b0c1932bc:  43% 笆補毎笆遺毎笆遺毎笆遺毎           笆・2.1 GB/4.9 GB  6.6 MB/s    7m2s[K[A[1Gpulling manifest [K
pulling 667b0c1932bc:  43% 笆補毎笆遺毎笆遺毎笆遺毎           笆・2.1 GB/4.9 GB  6.6 MB/s    7m2s[K[A[1Gpulling manifest [K
pulling 667b0c1932bc:  43% 笆補毎笆遺毎笆遺毎笆遺毎           笆・2.1 GB/4.9 GB  6.6 MB/s    7m1s[K[A[1Gpulling manifest [K
pulling 667b0c1932bc:  43% 笆補毎笆遺毎笆遺毎笆遺毎           笆・2.1 GB/4.9 GB  6.6 MB/s    7m1s[K[A[1Gpulling manifest [K
pulling 667b0c1932bc:  43% 笆補毎笆遺毎笆遺毎笆遺毎           笆・2.1 GB/4.9 GB  6.6 MB/s    7m0s[K[A[1Gpulling manifest [K
pulling 667b0c1932bc:  43% 笆補毎笆遺毎笆遺毎笆遺毎           笆・2.1 GB/4.9 GB  6.6 MB/s    7m0s[K[A[1Gpulling manifest [K
pulling 667b0c1932bc:  43% 笆補毎笆遺毎笆遺毎笆遺毎           笆・2.1 GB/4.9 GB  6.6 MB/s    7m0s[K[A[1Gpulling manifest [K
pulling 667b0c1932bc:  43% 笆補毎笆遺毎笆遺毎笆遺毎           笆・2.1 GB/4.9 GB  6.6 MB/s    7m0s[K[A[1Gpulling manifest [K
pulling 667b0c1932bc:  43% 笆補毎笆遺毎笆遺毎笆遺毎           笆・2.1 GB/4.9 GB  6.6 MB/s    7m0s[K[A[1Gpulling manifest [K
pulling 667b0c1932bc:  43% 笆補毎笆遺毎笆遺毎笆遺毎           笆・2.1 GB/4.9 GB  6.6 MB/s    7m0s[K[A[1Gpulling manifest [K
pulling 667b0c1932bc:  43% 笆補毎笆遺毎笆遺毎笆遺毎           笆・2.1 GB/4.9 GB  6.6 MB/s    7m0s[K[A[1Gpulling manifest [K
pulling 667b0c1932bc:  43% 笆補毎笆遺毎笆遺毎笆遺毎           笆・2.1 GB/4.9 GB  6.6 MB/s    7m0s[K[A[1Gpulling manifest [K
pulling 667b0c1932bc:  43% 笆補毎笆遺毎笆遺毎笆遺毎           笆・2.1 GB/4.9 GB  6.7 MB/s   6m59s[K[A[1Gpulling manifest [K
pulling 667b0c1932bc:  43% 笆補毎笆遺毎笆遺毎笆遺毎           笆・2.1 GB/4.9 GB  6.7 MB/s   6m59s[K[A[1Gpulling manifest [K
pulling 667b0c1932bc:  43% 笆補毎笆遺毎笆遺毎笆遺毎           笆・2.1 GB/4.9 GB  6.7 MB/s   6m59s[K[A[1Gpulling manifest [K
pulling 667b0c1932bc:  43% 笆補毎笆遺毎笆遺毎笆遺毎           笆・2.1 GB/4.9 GB  6.7 MB/s   6m59s[K[A[1Gpulling manifest [K
pulling 667b0c1932bc:  43% 笆補毎笆遺毎笆遺毎笆遺毎           笆・2.1 GB/4.9 GB  6.7 MB/s   6m59s[K[A[1Gpulling manifest [K
pulling 667b0c1932bc:  43% 笆補毎笆遺毎笆遺毎笆遺毎           笆・2.1 GB/4.9 GB  6.7 MB/s   6m59s[K[A[1Gpulling manifest [K
pulling 667b0c1932bc:  43% 笆補毎笆遺毎笆遺毎笆遺毎           笆・2.1 GB/4.9 GB  6.7 MB/s   6m59s[K[A[1Gpulling manifest [K
pulling 667b0c1932bc:  43% 笆補毎笆遺毎笆遺毎笆遺毎           笆・2.1 GB/4.9 GB  6.7 MB/s   6m59s[K[A[1Gpulling manifest [K
pulling 667b0c1932bc:  43% 笆補毎笆遺毎笆遺毎笆遺毎           笆・2.1 GB/4.9 GB  6.7 MB/s   6m59s[K[A[1Gpulling manifest [K
pulling 667b0c1932bc:  43% 笆補毎笆遺毎笆遺毎笆遺毎           笆・2.1 GB/4.9 GB  6.7 MB/s   6m58s[K[A[1Gpulling manifest [K
pulling 667b0c1932bc:  43% 笆補毎笆遺毎笆遺毎笆遺毎           笆・2.1 GB/4.9 GB  6.7 MB/s   6m54s[K[A[1Gpulling manifest [K
pulling 667b0c1932bc:  43% 笆補毎笆遺毎笆遺毎笆遺毎           笆・2.1 GB/4.9 GB  6.7 MB/s   6m54s[K[A[1Gpulling manifest [K
pulling 667b0c1932bc:  43% 笆補毎笆遺毎笆遺毎笆遺毎           笆・2.1 GB/4.9 GB  6.7 MB/s   6m54s[K[A[1Gpulling manifest [K
pulling 667b0c1932bc:  43% 笆補毎笆遺毎笆遺毎笆遺毎           笆・2.1 GB/4.9 GB  6.7 MB/s   6m54s[K[A[1Gpulling manifest [K
pulling 667b0c1932bc:  43% 笆補毎笆遺毎笆遺毎笆遺毎           笆・2.1 GB/4.9 GB  6.7 MB/s   6m53s[K[A[1Gpulling manifest [K
pulling 667b0c1932bc:  43% 笆補毎笆遺毎笆遺毎笆遺毎           笆・2.1 GB/4.9 GB  6.7 MB/s   6m53s[K[A[1Gpulling manifest [K
pulling 667b0c1932bc:  43% 笆補毎笆遺毎笆遺毎笆遺毎           笆・2.1 GB/4.9 GB  6.7 MB/s   6m53s[K[A[1Gpulling manifest [K
pulling 667b0c1932bc:  43% 笆補毎笆遺毎笆遺毎笆遺毎           笆・2.1 GB/4.9 GB  6.7 MB/s   6m53s[K[A[1Gpulling manifest [K
pulling 667b0c1932bc:  43% 笆補毎笆遺毎笆遺毎笆遺毎           笆・2.1 GB/4.9 GB  6.7 MB/s   6m53s[K[A[1Gpulling manifest [K
pulling 667b0c1932bc:  43% 笆補毎笆遺毎笆遺毎笆遺毎           笆・2.1 GB/4.9 GB  6.7 MB/s   6m53s[K[A[1Gpulling manifest [K
pulling 667b0c1932bc:  44% 笆補毎笆遺毎笆遺毎笆遺毎           笆・2.1 GB/4.9 GB  6.7 MB/s   6m55s[K[A[1Gpulling manifest [K
pulling 667b0c1932bc:  44% 笆補毎笆遺毎笆遺毎笆遺毎           笆・2.1 GB/4.9 GB  6.7 MB/s   6m55s[K[A[1Gpulling manifest [K
pulling 667b0c1932bc:  44% 笆補毎笆遺毎笆遺毎笆遺毎           笆・2.1 GB/4.9 GB  6.7 MB/s   6m54s[K[A[1Gpulling manifest [K
pulling 667b0c1932bc:  44% 笆補毎笆遺毎笆遺毎笆遺毎           笆・2.1 GB/4.9 GB  6.7 MB/s   6m54s[K[A[1Gpulling manifest [K
pulling 667b0c1932bc:  44% 笆補毎笆遺毎笆遺毎笆遺毎           笆・2.1 GB/4.9 GB  6.7 MB/s   6m54s[K[A[1Gpulling manifest [K
pulling 667b0c1932bc:  44% 笆補毎笆遺毎笆遺毎笆遺毎           笆・2.1 GB/4.9 GB  6.7 MB/s   6m54s[K[A[1Gpulling manifest [K
pulling 667b0c1932bc:  44% 笆補毎笆遺毎笆遺毎笆遺毎           笆・2.1 GB/4.9 GB  6.7 MB/s   6m54s[K[A[1Gpulling manifest [K
pulling 667b0c1932bc:  44% 笆補毎笆遺毎笆遺毎笆遺毎           笆・2.1 GB/4.9 GB  6.7 MB/s   6m54s[K[A[1Gpulling manifest [K
pulling 667b0c1932bc:  44% 笆補毎笆遺毎笆遺毎笆遺毎           笆・2.1 GB/4.9 GB  6.7 MB/s   6m54s[K[A[1Gpulling manifest [K
pulling 667b0c1932bc:  44% 笆補毎笆遺毎笆遺毎笆遺毎           笆・2.1 GB/4.9 GB  6.7 MB/s   6m54s[K[A[1Gpulling manifest [K
pulling 667b0c1932bc:  44% 笆補毎笆遺毎笆遺毎笆遺毎           笆・2.1 GB/4.9 GB  6.7 MB/s   6m51s[K[A[1Gpulling manifest [K
pulling 667b0c1932bc:  44% 笆補毎笆遺毎笆遺毎笆遺毎           笆・2.1 GB/4.9 GB  6.7 MB/s   6m51s[K[A[1Gpulling manifest [K
pulling 667b0c1932bc:  44% 笆補毎笆遺毎笆遺毎笆遺毎           笆・2.1 GB/4.9 GB  6.7 MB/s   6m51s[K[A[1Gpulling manifest [K
pulling 667b0c1932bc:  44% 笆補毎笆遺毎笆遺毎笆遺毎           笆・2.1 GB/4.9 GB  6.7 MB/s   6m51s[K[A[1Gpulling manifest [K
pulling 667b0c1932bc:  44% 笆補毎笆遺毎笆遺毎笆遺毎           笆・2.1 GB/4.9 GB  6.7 MB/s   6m51s[K[A[1Gpulling manifest [K
pulling 667b0c1932bc:  44% 笆補毎笆遺毎笆遺毎笆遺毎           笆・2.2 GB/4.9 GB  6.7 MB/s   6m51s[K[A[1Gpulling manifest [K
pulling 667b0c1932bc:  44% 笆補毎笆遺毎笆遺毎笆遺毎           笆・2.2 GB/4.9 GB  6.7 MB/s   6m51s[K[A[1Gpulling manifest [K
pulling 667b0c1932bc:  44% 笆補毎笆遺毎笆遺毎笆遺毎           笆・2.2 GB/4.9 GB  6.7 MB/s   6m51s[K[A[1Gpulling manifest [K
pulling 667b0c1932bc:  44% 笆補毎笆遺毎笆遺毎笆遺毎           笆・2.2 GB/4.9 GB  6.7 MB/s   6m51s[K[A[1Gpulling manifest [K
pulling 667b0c1932bc:  44% 笆補毎笆遺毎笆遺毎笆遺毎           笆・2.2 GB/4.9 GB  6.7 MB/s   6m50s[K[A[1Gpulling manifest [K
pulling 667b0c1932bc:  44% 笆補毎笆遺毎笆遺毎笆遺毎           笆・2.2 GB/4.9 GB  6.7 MB/s   6m50s[K[A[1Gpulling manifest [K
pulling 667b0c1932bc:  44% 笆補毎笆遺毎笆遺毎笆遺毎           笆・2.2 GB/4.9 GB  6.7 MB/s   6m51s[K[A[1Gpulling manifest [K
pulling 667b0c1932bc:  44% 笆補毎笆遺毎笆遺毎笆遺毎           笆・2.2 GB/4.9 GB  6.7 MB/s   6m51s[K[A[1Gpulling manifest [K
pulling 667b0c1932bc:  44% 笆補毎笆遺毎笆遺毎笆遺毎           笆・2.2 GB/4.9 GB  6.7 MB/s   6m51s[K[A[1Gpulling manifest [K
pulling 667b0c1932bc:  44% 笆補毎笆遺毎笆遺毎笆遺毎           笆・2.2 GB/4.9 GB  6.7 MB/s   6m51s[K[A[1Gpulling manifest [K
pulling 667b0c1932bc:  44% 笆補毎笆遺毎笆遺毎笆遺毎           笆・2.2 GB/4.9 GB  6.7 MB/s   6m50s[K[A[1Gpulling manifest [K
pulling 667b0c1932bc:  44% 笆補毎笆遺毎笆遺毎笆遺毎           笆・2.2 GB/4.9 GB  6.7 MB/s   6m50s[K[A[1Gpulling manifest [K
pulling 667b0c1932bc:  44% 笆補毎笆遺毎笆遺毎笆遺毎           笆・2.2 GB/4.9 GB  6.7 MB/s   6m50s[K[A[1Gpulling manifest [K
pulling 667b0c1932bc:  44% 笆補毎笆遺毎笆遺毎笆遺毎           笆・2.2 GB/4.9 GB  6.7 MB/s   6m50s[K[A[1Gpulling manifest [K
pulling 667b0c1932bc:  44% 笆補毎笆遺毎笆遺毎笆遺毎           笆・2.2 GB/4.9 GB  6.7 MB/s   6m50s[K[A[1Gpulling manifest [K
pulling 667b0c1932bc:  44% 笆補毎笆遺毎笆遺毎笆遺毎           笆・2.2 GB/4.9 GB  6.7 MB/s   6m50s[K[A[1Gpulling manifest [K
pulling 667b0c1932bc:  44% 笆補毎笆遺毎笆遺毎笆遺毎           笆・2.2 GB/4.9 GB  6.9 MB/s   6m36s[K[A[1Gpulling manifest [K
pulling 667b0c1932bc:  44% 笆補毎笆遺毎笆遺毎笆遺毎           笆・2.2 GB/4.9 GB  6.9 MB/s   6m36s[K[A[1Gpulling manifest [K
pulling 667b0c1932bc:  44% 笆補毎笆遺毎笆遺毎笆遺毎           笆・2.2 GB/4.9 GB  6.9 MB/s   6m36s[K[A[1Gpulling manifest [K
pulling 667b0c1932bc:  44% 笆補毎笆遺毎笆遺毎笆遺毎           笆・2.2 GB/4.9 GB  6.9 MB/s   6m36s[K[A[1Gpulling manifest [K
pulling 667b0c1932bc:  44% 笆補毎笆遺毎笆遺毎笆遺毎           笆・2.2 GB/4.9 GB  6.9 MB/s   6m36s[K[A[1Gpulling manifest [K
pulling 667b0c1932bc:  44% 笆補毎笆遺毎笆遺毎笆遺毎           笆・2.2 GB/4.9 GB  6.9 MB/s   6m36s[K[A[1Gpulling manifest [K
pulling 667b0c1932bc:  44% 笆補毎笆遺毎笆遺毎笆遺毎           笆・2.2 GB/4.9 GB  6.9 MB/s   6m36s[K[A[1Gpulling manifest [K
pulling 667b0c1932bc:  44% 笆補毎笆遺毎笆遺毎笆遺毎           笆・2.2 GB/4.9 GB  6.9 MB/s   6m36s[K[A[1Gpulling manifest [K
pulling 667b0c1932bc:  44% 笆補毎笆遺毎笆遺毎笆遺毎           笆・2.2 GB/4.9 GB  6.9 MB/s   6m36s[K[A[1Gpulling manifest [K
pulling 667b0c1932bc:  44% 笆補毎笆遺毎笆遺毎笆遺毎           笆・2.2 GB/4.9 GB  6.9 MB/s   6m35s[K[A[1Gpulling manifest [K
pulling 667b0c1932bc:  44% 笆補毎笆遺毎笆遺毎笆遺毎           笆・2.2 GB/4.9 GB  6.9 MB/s   6m36s[K[A[1Gpulling manifest [K
pulling 667b0c1932bc:  44% 笆補毎笆遺毎笆遺毎笆遺毎           笆・2.2 GB/4.9 GB  6.9 MB/s   6m36s[K[A[1Gpulling manifest [K
pulling 667b0c1932bc:  44% 笆補毎笆遺毎笆遺毎笆遺毎           笆・2.2 GB/4.9 GB  6.9 MB/s   6m36s[K[A[1Gpulling manifest [K
pulling 667b0c1932bc:  44% 笆補毎笆遺毎笆遺毎笆遺毎           笆・2.2 GB/4.9 GB  6.9 MB/s   6m36s[K[A[1Gpulling manifest [K
pulling 667b0c1932bc:  44% 笆補毎笆遺毎笆遺毎笆遺毎           笆・2.2 GB/4.9 GB  6.9 MB/s   6m36s[K[A[1Gpulling manifest [K
pulling 667b0c1932bc:  44% 笆補毎笆遺毎笆遺毎笆遺毎           笆・2.2 GB/4.9 GB  6.9 MB/s   6m36s[K[A[1Gpulling manifest [K
pulling 667b0c1932bc:  44% 笆補毎笆遺毎笆遺毎笆遺毎           笆・2.2 GB/4.9 GB  6.9 MB/s   6m36s[K[A[1Gpulling manifest [K
pulling 667b0c1932bc:  44% 笆補毎笆遺毎笆遺毎笆遺毎           笆・2.2 GB/4.9 GB  6.9 MB/s   6m36s[K[A[1Gpulling manifest [K
pulling 667b0c1932bc:  44% 笆補毎笆遺毎笆遺毎笆遺毎           笆・2.2 GB/4.9 GB  6.9 MB/s   6m36s[K[A[1Gpulling manifest [K
pulling 667b0c1932bc:  44% 笆補毎笆遺毎笆遺毎笆遺毎           笆・2.2 GB/4.9 GB  6.9 MB/s   6m36s[K[A[1Gpulling manifest [K
pulling 667b0c1932bc:  44% 笆補毎笆遺毎笆遺毎笆遺毎           笆・2.2 GB/4.9 GB  6.7 MB/s   6m50s[K[A[1Gpulling manifest [K
pulling 667b0c1932bc:  44% 笆補毎笆遺毎笆遺毎笆遺毎           笆・2.2 GB/4.9 GB  6.7 MB/s   6m49s[K[A[1Gpulling manifest [K
pulling 667b0c1932bc:  44% 笆補毎笆遺毎笆遺毎笆遺毎           笆・2.2 GB/4.9 GB  6.7 MB/s   6m49s[K[A[1Gpulling manifest [K
pulling 667b0c1932bc:  44% 笆補毎笆遺毎笆遺毎笆遺毎           笆・2.2 GB/4.9 GB  6.7 MB/s   6m49s[K[A[1Gpulling manifest [K
pulling 667b0c1932bc:  44% 笆補毎笆遺毎笆遺毎笆遺毎           笆・2.2 GB/4.9 GB  6.7 MB/s   6m49s[K[A[1Gpulling manifest [K
pulling 667b0c1932bc:  44% 笆補毎笆遺毎笆遺毎笆遺毎           笆・2.2 GB/4.9 GB  6.7 MB/s   6m49s[K[A[1Gpulling manifest [K
pulling 667b0c1932bc:  44% 笆補毎笆遺毎笆遺毎笆遺毎           笆・2.2 GB/4.9 GB  6.7 MB/s   6m49s[K[A[1Gpulling manifest [K
pulling 667b0c1932bc:  44% 笆補毎笆遺毎笆遺毎笆遺毎           笆・2.2 GB/4.9 GB  6.7 MB/s   6m49s[K[A[1Gpulling manifest [K
pulling 667b0c1932bc:  44% 笆補毎笆遺毎笆遺毎笆遺毎           笆・2.2 GB/4.9 GB  6.7 MB/s   6m49s[K[A[1Gpulling manifest [K
pulling 667b0c1932bc:  44% 笆補毎笆遺毎笆遺毎笆遺毎           笆・2.2 GB/4.9 GB  6.7 MB/s   6m49s[K[A[1Gpulling manifest [K
pulling 667b0c1932bc:  44% 笆補毎笆遺毎笆遺毎笆遺毎           笆・2.2 GB/4.9 GB  6.7 MB/s   6m48s[K[A[1Gpulling manifest [K
pulling 667b0c1932bc:  44% 笆補毎笆遺毎笆遺毎笆遺毎           笆・2.2 GB/4.9 GB  6.7 MB/s   6m48s[K[A[1Gpulling manifest [K
pulling 667b0c1932bc:  44% 笆補毎笆遺毎笆遺毎笆遺毎           笆・2.2 GB/4.9 GB  6.7 MB/s   6m48s[K[A[1Gpulling manifest [K
pulling 667b0c1932bc:  44% 笆補毎笆遺毎笆遺毎笆遺毎           笆・2.2 GB/4.9 GB  6.7 MB/s   6m48s[K[A[1Gpulling manifest [K
pulling 667b0c1932bc:  44% 笆補毎笆遺毎笆遺毎笆遺毎           笆・2.2 GB/4.9 GB  6.7 MB/s   6m48s[K[A[1Gpulling manifest [K
pulling 667b0c1932bc:  44% 笆補毎笆遺毎笆遺毎笆遺毎           笆・2.2 GB/4.9 GB  6.7 MB/s   6m48s[K[A[1Gpulling manifest [K
pulling 667b0c1932bc:  44% 笆補毎笆遺毎笆遺毎笆遺毎           笆・2.2 GB/4.9 GB  6.7 MB/s   6m48s[K[A[1Gpulling manifest [K
pulling 667b0c1932bc:  44% 笆補毎笆遺毎笆遺毎笆遺毎           笆・2.2 GB/4.9 GB  6.7 MB/s   6m48s[K[A[1Gpulling manifest [K
pulling 667b0c1932bc:  44% 笆補毎笆遺毎笆遺毎笆遺毎           笆・2.2 GB/4.9 GB  6.7 MB/s   6m48s[K[A[1Gpulling manifest [K
pulling 667b0c1932bc:  44% 笆補毎笆遺毎笆遺毎笆遺毎           笆・2.2 GB/4.9 GB  6.7 MB/s   6m47s[K[A[1Gpulling manifest [K
pulling 667b0c1932bc:  44% 笆補毎笆遺毎笆遺毎笆遺毎           笆・2.2 GB/4.9 GB  6.7 MB/s   6m47s[K[A[1Gpulling manifest [K
pulling 667b0c1932bc:  44% 笆補毎笆遺毎笆遺毎笆遺毎           笆・2.2 GB/4.9 GB  6.5 MB/s    7m3s[K[A[1Gpulling manifest [K
pulling 667b0c1932bc:  44% 笆補毎笆遺毎笆遺毎笆遺毎           笆・2.2 GB/4.9 GB  6.5 MB/s    7m3s[K[A[1Gpulling manifest [K
pulling 667b0c1932bc:  44% 笆補毎笆遺毎笆遺毎笆遺毎           笆・2.2 GB/4.9 GB  6.5 MB/s    7m3s[K[A[1Gpulling manifest [K
pulling 667b0c1932bc:  44% 笆補毎笆遺毎笆遺毎笆遺毎           笆・2.2 GB/4.9 GB  6.5 MB/s    7m3s[K[A[1Gpulling manifest [K
pulling 667b0c1932bc:  44% 笆補毎笆遺毎笆遺毎笆遺毎笆・         笆・2.2 GB/4.9 GB  6.5 MB/s    7m2s[K[A[1Gpulling manifest [K
pulling 667b0c1932bc:  44% 笆補毎笆遺毎笆遺毎笆遺毎笆・         笆・2.2 GB/4.9 GB  6.5 MB/s    7m2s[K[A[1Gpulling manifest [K
pulling 667b0c1932bc:  44% 笆補毎笆遺毎笆遺毎笆遺毎笆・         笆・2.2 GB/4.9 GB  6.5 MB/s    7m2s[K[A[1Gpulling manifest [K
pulling 667b0c1932bc:  44% 笆補毎笆遺毎笆遺毎笆遺毎笆・         笆・2.2 GB/4.9 GB  6.5 MB/s    7m2s[K[A[1Gpulling manifest [K
pulling 667b0c1932bc:  44% 笆補毎笆遺毎笆遺毎笆遺毎笆・         笆・2.2 GB/4.9 GB  6.5 MB/s    7m2s[K[A[1Gpulling manifest [K
pulling 667b0c1932bc:  45% 笆補毎笆遺毎笆遺毎笆遺毎笆・         笆・2.2 GB/4.9 GB  6.5 MB/s    7m2s[K[A[1Gpulling manifest [K
pulling 667b0c1932bc:  45% 笆補毎笆遺毎笆遺毎笆遺毎笆・         笆・2.2 GB/4.9 GB  6.2 MB/s   7m18s[K[A[1Gpulling manifest [K
pulling 667b0c1932bc:  45% 笆補毎笆遺毎笆遺毎笆遺毎笆・         笆・2.2 GB/4.9 GB  6.2 MB/s   7m18s[K[A[1Gpulling manifest [K
pulling 667b0c1932bc:  45% 笆補毎笆遺毎笆遺毎笆遺毎笆・         笆・2.2 GB/4.9 GB  6.2 MB/s   7m18s[K[A[1Gpulling manifest [K
pulling 667b0c1932bc:  45% 笆補毎笆遺毎笆遺毎笆遺毎笆・         笆・2.2 GB/4.9 GB  6.2 MB/s   7m17s[K[A[1Gpulling manifest [K
pulling 667b0c1932bc:  45% 笆補毎笆遺毎笆遺毎笆遺毎笆・         笆・2.2 GB/4.9 GB  6.2 MB/s   7m17s[K[A[1Gpulling manifest [K
pulling 667b0c1932bc:  45% 笆補毎笆遺毎笆遺毎笆遺毎笆・         笆・2.2 GB/4.9 GB  6.2 MB/s   7m17s[K[A[1Gpulling manifest [K
pulling 667b0c1932bc:  45% 笆補毎笆遺毎笆遺毎笆遺毎笆・         笆・2.2 GB/4.9 GB  6.2 MB/s   7m17s[K[A[1Gpulling manifest [K
pulling 667b0c1932bc:  45% 笆補毎笆遺毎笆遺毎笆遺毎笆・         笆・2.2 GB/4.9 GB  6.2 MB/s   7m17s[K[A[1Gpulling manifest [K
pulling 667b0c1932bc:  45% 笆補毎笆遺毎笆遺毎笆遺毎笆・         笆・2.2 GB/4.9 GB  6.2 MB/s   7m17s[K[A[1Gpulling manifest [K
pulling 667b0c1932bc:  45% 笆補毎笆遺毎笆遺毎笆遺毎笆・         笆・2.2 GB/4.9 GB  6.2 MB/s   7m17s[K[A[1Gpulling manifest [K
pulling 667b0c1932bc:  45% 笆補毎笆遺毎笆遺毎笆遺毎笆・         笆・2.2 GB/4.9 GB  6.1 MB/s   7m27s[K[A[1Gpulling manifest [K
pulling 667b0c1932bc:  45% 笆補毎笆遺毎笆遺毎笆遺毎笆・         笆・2.2 GB/4.9 GB  6.1 MB/s   7m27s[K[A[1Gpulling manifest [K
pulling 667b0c1932bc:  45% 笆補毎笆遺毎笆遺毎笆遺毎笆・         笆・2.2 GB/4.9 GB  6.1 MB/s   7m27s[K[A[1Gpulling manifest [K
pulling 667b0c1932bc:  45% 笆補毎笆遺毎笆遺毎笆遺毎笆・         笆・2.2 GB/4.9 GB  6.1 MB/s   7m27s[K[A[1Gpulling manifest [K
pulling 667b0c1932bc:  45% 笆補毎笆遺毎笆遺毎笆遺毎笆・         笆・2.2 GB/4.9 GB  6.1 MB/s   7m27s[K[A[1Gpulling manifest [K
pulling 667b0c1932bc:  45% 笆補毎笆遺毎笆遺毎笆遺毎笆・         笆・2.2 GB/4.9 GB  6.1 MB/s   7m27s[K[A[1Gpulling manifest [K
pulling 667b0c1932bc:  45% 笆補毎笆遺毎笆遺毎笆遺毎笆・         笆・2.2 GB/4.9 GB  6.1 MB/s   7m27s[K[A[1Gpulling manifest [K
pulling 667b0c1932bc:  45% 笆補毎笆遺毎笆遺毎笆遺毎笆・         笆・2.2 GB/4.9 GB  6.1 MB/s   7m27s[K[A[1Gpulling manifest [K
pulling 667b0c1932bc:  45% 笆補毎笆遺毎笆遺毎笆遺毎笆・         笆・2.2 GB/4.9 GB  6.1 MB/s   7m27s[K[A[1Gpulling manifest [K
pulling 667b0c1932bc:  45% 笆補毎笆遺毎笆遺毎笆遺毎笆・         笆・2.2 GB/4.9 GB  6.1 MB/s   7m27s[K[A[1Gpulling manifest [K
pulling 667b0c1932bc:  45% 笆補毎笆遺毎笆遺毎笆遺毎笆・         笆・2.2 GB/4.9 GB  5.8 MB/s   7m47s[K[A[1Gpulling manifest [K
pulling 667b0c1932bc:  45% 笆補毎笆遺毎笆遺毎笆遺毎笆・         笆・2.2 GB/4.9 GB  5.8 MB/s   7m47s[K[A[1Gpulling manifest [K
pulling 667b0c1932bc:  45% 笆補毎笆遺毎笆遺毎笆遺毎笆・         笆・2.2 GB/4.9 GB  5.8 MB/s   7m46s[K[A[1Gpulling manifest [K
pulling 667b0c1932bc:  45% 笆補毎笆遺毎笆遺毎笆遺毎笆・         笆・2.2 GB/4.9 GB  5.8 MB/s   7m46s[K[A[1Gpulling manifest [K
pulling 667b0c1932bc:  45% 笆補毎笆遺毎笆遺毎笆遺毎笆・         笆・2.2 GB/4.9 GB  5.8 MB/s   7m46s[K[A[1Gpulling manifest [K
pulling 667b0c1932bc:  45% 笆補毎笆遺毎笆遺毎笆遺毎笆・         笆・2.2 GB/4.9 GB  5.8 MB/s   7m46s[K[A[1Gpulling manifest [K
pulling 667b0c1932bc:  45% 笆補毎笆遺毎笆遺毎笆遺毎笆・         笆・2.2 GB/4.9 GB  5.8 MB/s   7m46s[K[A[1Gpulling manifest [K
pulling 667b0c1932bc:  45% 笆補毎笆遺毎笆遺毎笆遺毎笆・         笆・2.2 GB/4.9 GB  5.8 MB/s   7m46s[K[A[1Gpulling manifest [K
pulling 667b0c1932bc:  45% 笆補毎笆遺毎笆遺毎笆遺毎笆・         笆・2.2 GB/4.9 GB  5.8 MB/s   7m46s[K[A[1Gpulling manifest [K
pulling 667b0c1932bc:  45% 笆補毎笆遺毎笆遺毎笆遺毎笆・         笆・2.2 GB/4.9 GB  5.8 MB/s   7m46s[K[A[1Gpulling manifest [K
pulling 667b0c1932bc:  45% 笆補毎笆遺毎笆遺毎笆遺毎笆・         笆・2.2 GB/4.9 GB  5.8 MB/s   7m48s[K[A[1Gpulling manifest [K
pulling 667b0c1932bc:  45% 笆補毎笆遺毎笆遺毎笆遺毎笆・         笆・2.2 GB/4.9 GB  5.8 MB/s   7m48s[K[A[1Gpulling manifest [K
pulling 667b0c1932bc:  45% 笆補毎笆遺毎笆遺毎笆遺毎笆・         笆・2.2 GB/4.9 GB  5.8 MB/s   7m48s[K[A[1Gpulling manifest [K
pulling 667b0c1932bc:  45% 笆補毎笆遺毎笆遺毎笆遺毎笆・         笆・2.2 GB/4.9 GB  5.8 MB/s   7m48s[K[A[1Gpulling manifest [K
pulling 667b0c1932bc:  45% 笆補毎笆遺毎笆遺毎笆遺毎笆・         笆・2.2 GB/4.9 GB  5.8 MB/s   7m48s[K[A[1Gpulling manifest [K
pulling 667b0c1932bc:  45% 笆補毎笆遺毎笆遺毎笆遺毎笆・         笆・2.2 GB/4.9 GB  5.8 MB/s   7m48s[K[A[1Gpulling manifest [K
pulling 667b0c1932bc:  45% 笆補毎笆遺毎笆遺毎笆遺毎笆・         笆・2.2 GB/4.9 GB  5.8 MB/s   7m48s[K[A[1Gpulling manifest [K
pulling 667b0c1932bc:  45% 笆補毎笆遺毎笆遺毎笆遺毎笆・         笆・2.2 GB/4.9 GB  5.8 MB/s   7m48s[K[A[1Gpulling manifest [K
pulling 667b0c1932bc:  45% 笆補毎笆遺毎笆遺毎笆遺毎笆・         笆・2.2 GB/4.9 GB  5.8 MB/s   7m48s[K[A[1Gpulling manifest [K
pulling 667b0c1932bc:  45% 笆補毎笆遺毎笆遺毎笆遺毎笆・         笆・2.2 GB/4.9 GB  5.8 MB/s   7m47s[K[A[1Gpulling manifest [K
pulling 667b0c1932bc:  45% 笆補毎笆遺毎笆遺毎笆遺毎笆・         笆・2.2 GB/4.9 GB  5.8 MB/s   7m47s[K[A[1Gpulling manifest [K
pulling 667b0c1932bc:  45% 笆補毎笆遺毎笆遺毎笆遺毎笆・         笆・2.2 GB/4.9 GB  5.4 MB/s   8m17s[K[A[1Gpulling manifest [K
pulling 667b0c1932bc:  45% 笆補毎笆遺毎笆遺毎笆遺毎笆・         笆・2.2 GB/4.9 GB  5.4 MB/s   8m17s[K[A[1Gpulling manifest [K
pulling 667b0c1932bc:  45% 笆補毎笆遺毎笆遺毎笆遺毎笆・         笆・2.2 GB/4.9 GB  5.4 MB/s   8m17s[K[A[1Gpulling manifest [K
pulling 667b0c1932bc:  45% 笆補毎笆遺毎笆遺毎笆遺毎笆・         笆・2.2 GB/4.9 GB  5.4 MB/s   8m17s[K[A[1Gpulling manifest [K
pulling 667b0c1932bc:  45% 笆補毎笆遺毎笆遺毎笆遺毎笆・         笆・2.2 GB/4.9 GB  5.4 MB/s   8m17s[K[A[1Gpulling manifest [K
pulling 667b0c1932bc:  45% 笆補毎笆遺毎笆遺毎笆遺毎笆・         笆・2.2 GB/4.9 GB  5.4 MB/s   8m17s[K[A[1Gpulling manifest [K
pulling 667b0c1932bc:  45% 笆補毎笆遺毎笆遺毎笆遺毎笆・         笆・2.2 GB/4.9 GB  5.4 MB/s   8m17s[K[A[1Gpulling manifest [K
pulling 667b0c1932bc:  45% 笆補毎笆遺毎笆遺毎笆遺毎笆・         笆・2.2 GB/4.9 GB  5.4 MB/s   8m17s[K[A[1Gpulling manifest [K
pulling 667b0c1932bc:  45% 笆補毎笆遺毎笆遺毎笆遺毎笆・         笆・2.2 GB/4.9 GB  5.4 MB/s   8m17s[K[A[1Gpulling manifest [K
pulling 667b0c1932bc:  45% 笆補毎笆遺毎笆遺毎笆遺毎笆・         笆・2.2 GB/4.9 GB  5.4 MB/s   8m16s[K[A[1Gpulling manifest [K
pulling 667b0c1932bc:  45% 笆補毎笆遺毎笆遺毎笆遺毎笆・         笆・2.2 GB/4.9 GB  5.3 MB/s   8m28s[K[A[1Gpulling manifest [K
pulling 667b0c1932bc:  45% 笆補毎笆遺毎笆遺毎笆遺毎笆・         笆・2.2 GB/4.9 GB  5.3 MB/s   8m28s[K[A[1Gpulling manifest [K
pulling 667b0c1932bc:  45% 笆補毎笆遺毎笆遺毎笆遺毎笆・         笆・2.2 GB/4.9 GB  5.3 MB/s   8m28s[K[A[1Gpulling manifest [K
pulling 667b0c1932bc:  45% 笆補毎笆遺毎笆遺毎笆遺毎笆・         笆・2.2 GB/4.9 GB  5.3 MB/s   8m28s[K[A[1Gpulling manifest [K
pulling 667b0c1932bc:  45% 笆補毎笆遺毎笆遺毎笆遺毎笆・         笆・2.2 GB/4.9 GB  5.3 MB/s   8m28s[K[A[1Gpulling manifest [K
pulling 667b0c1932bc:  45% 笆補毎笆遺毎笆遺毎笆遺毎笆・         笆・2.2 GB/4.9 GB  5.3 MB/s   8m28s[K[A[1Gpulling manifest [K
pulling 667b0c1932bc:  45% 笆補毎笆遺毎笆遺毎笆遺毎笆・         笆・2.2 GB/4.9 GB  5.3 MB/s   8m27s[K[A[1Gpulling manifest [K
pulling 667b0c1932bc:  45% 笆補毎笆遺毎笆遺毎笆遺毎笆・         笆・2.2 GB/4.9 GB  5.3 MB/s   8m27s[K[A[1Gpulling manifest [K
pulling 667b0c1932bc:  45% 笆補毎笆遺毎笆遺毎笆遺毎笆・         笆・2.2 GB/4.9 GB  5.3 MB/s   8m27s[K[A[1Gpulling manifest [K
pulling 667b0c1932bc:  45% 笆補毎笆遺毎笆遺毎笆遺毎笆・         笆・2.2 GB/4.9 GB  5.3 MB/s   8m27s[K[A[1Gpulling manifest [K
pulling 667b0c1932bc:  45% 笆補毎笆遺毎笆遺毎笆遺毎笆・         笆・2.2 GB/4.9 GB  5.4 MB/s   8m16s[K[A[1Gpulling manifest [K
pulling 667b0c1932bc:  45% 笆補毎笆遺毎笆遺毎笆遺毎笆・         笆・2.2 GB/4.9 GB  5.4 MB/s   8m16s[K[A[1Gpulling manifest [K
pulling 667b0c1932bc:  45% 笆補毎笆遺毎笆遺毎笆遺毎笆・         笆・2.2 GB/4.9 GB  5.4 MB/s   8m16s[K[A[1Gpulling manifest [K
pulling 667b0c1932bc:  45% 笆補毎笆遺毎笆遺毎笆遺毎笆・         笆・2.2 GB/4.9 GB  5.4 MB/s   8m16s[K[A[1Gpulling manifest [K
pulling 667b0c1932bc:  45% 笆補毎笆遺毎笆遺毎笆遺毎笆・         笆・2.2 GB/4.9 GB  5.4 MB/s   8m16s[K[A[1Gpulling manifest [K
pulling 667b0c1932bc:  45% 笆補毎笆遺毎笆遺毎笆遺毎笆・         笆・2.2 GB/4.9 GB  5.4 MB/s   8m16s[K[A[1Gpulling manifest [K
pulling 667b0c1932bc:  45% 笆補毎笆遺毎笆遺毎笆遺毎笆・         笆・2.2 GB/4.9 GB  5.4 MB/s   8m16s[K[A[1Gpulling manifest [K
pulling 667b0c1932bc:  45% 笆補毎笆遺毎笆遺毎笆遺毎笆・         笆・2.2 GB/4.9 GB  5.4 MB/s   8m15s[K[A[1Gpulling manifest [K
pulling 667b0c1932bc:  45% 笆補毎笆遺毎笆遺毎笆遺毎笆・         笆・2.2 GB/4.9 GB  5.4 MB/s   8m15s[K[A[1Gpulling manifest [K
pulling 667b0c1932bc:  45% 笆補毎笆遺毎笆遺毎笆遺毎笆・         笆・2.2 GB/4.9 GB  5.4 MB/s   8m15s[K[A[1Gpulling manifest [K
pulling 667b0c1932bc:  45% 笆補毎笆遺毎笆遺毎笆遺毎笆・         笆・2.2 GB/4.9 GB  5.3 MB/s   8m30s[K[A[1Gpulling manifest [K
pulling 667b0c1932bc:  45% 笆補毎笆遺毎笆遺毎笆遺毎笆・         笆・2.2 GB/4.9 GB  5.3 MB/s   8m29s[K[A[1Gpulling manifest [K
pulling 667b0c1932bc:  45% 笆補毎笆遺毎笆遺毎笆遺毎笆・         笆・2.2 GB/4.9 GB  5.3 MB/s   8m29s[K[A[1Gpulling manifest [K
pulling 667b0c1932bc:  45% 笆補毎笆遺毎笆遺毎笆遺毎笆・         笆・2.2 GB/4.9 GB  5.3 MB/s   8m29s[K[A[1Gpulling manifest [K
pulling 667b0c1932bc:  45% 笆補毎笆遺毎笆遺毎笆遺毎笆・         笆・2.2 GB/4.9 GB  5.3 MB/s   8m29s[K[A[1Gpulling manifest [K
pulling 667b0c1932bc:  45% 笆補毎笆遺毎笆遺毎笆遺毎笆・         笆・2.2 GB/4.9 GB  5.3 MB/s   8m29s[K[A[1Gpulling manifest [K
pulling 667b0c1932bc:  45% 笆補毎笆遺毎笆遺毎笆遺毎笆・         笆・2.2 GB/4.9 GB  5.3 MB/s   8m29s[K[A[1Gpulling manifest [K
pulling 667b0c1932bc:  45% 笆補毎笆遺毎笆遺毎笆遺毎笆・         笆・2.2 GB/4.9 GB  5.3 MB/s   8m29s[K[A[1Gpulling manifest [K
pulling 667b0c1932bc:  45% 笆補毎笆遺毎笆遺毎笆遺毎笆・         笆・2.2 GB/4.9 GB  5.3 MB/s   8m29s[K[A[1Gpulling manifest [K
pulling 667b0c1932bc:  45% 笆補毎笆遺毎笆遺毎笆遺毎笆・         笆・2.2 GB/4.9 GB  5.3 MB/s   8m29s[K[A[1Gpulling manifest [K
pulling 667b0c1932bc:  45% 笆補毎笆遺毎笆遺毎笆遺毎笆・         笆・2.2 GB/4.9 GB  5.4 MB/s   8m16s[K[A[1Gpulling manifest [K
pulling 667b0c1932bc:  45% 笆補毎笆遺毎笆遺毎笆遺毎笆・         笆・2.2 GB/4.9 GB  5.4 MB/s   8m16s[K[A[1Gpulling manifest [K
pulling 667b0c1932bc:  45% 笆補毎笆遺毎笆遺毎笆遺毎笆・         笆・2.2 GB/4.9 GB  5.4 MB/s   8m16s[K[A[1Gpulling manifest [K
pulling 667b0c1932bc:  45% 笆補毎笆遺毎笆遺毎笆遺毎笆・         笆・2.2 GB/4.9 GB  5.4 MB/s   8m15s[K[A[1Gpulling manifest [K
pulling 667b0c1932bc:  45% 笆補毎笆遺毎笆遺毎笆遺毎笆・         笆・2.2 GB/4.9 GB  5.4 MB/s   8m15s[K[A[1Gpulling manifest [K
pulling 667b0c1932bc:  45% 笆補毎笆遺毎笆遺毎笆遺毎笆・         笆・2.2 GB/4.9 GB  5.4 MB/s   8m15s[K[A[1Gpulling manifest [K
pulling 667b0c1932bc:  45% 笆補毎笆遺毎笆遺毎笆遺毎笆・         笆・2.2 GB/4.9 GB  5.4 MB/s   8m15s[K[A[1Gpulling manifest [K
pulling 667b0c1932bc:  45% 笆補毎笆遺毎笆遺毎笆遺毎笆・         笆・2.2 GB/4.9 GB  5.4 MB/s   8m15s[K[A[1Gpulling manifest [K
pulling 667b0c1932bc:  45% 笆補毎笆遺毎笆遺毎笆遺毎笆・         笆・2.2 GB/4.9 GB  5.4 MB/s   8m15s[K[A[1Gpulling manifest [K
pulling 667b0c1932bc:  45% 笆補毎笆遺毎笆遺毎笆遺毎笆・         笆・2.2 GB/4.9 GB  5.4 MB/s   8m15s[K[A[1Gpulling manifest [K
pulling 667b0c1932bc:  46% 笆補毎笆遺毎笆遺毎笆遺毎笆・         笆・2.2 GB/4.9 GB  5.4 MB/s   8m15s[K[A[1Gpulling manifest [K
pulling 667b0c1932bc:  46% 笆補毎笆遺毎笆遺毎笆遺毎笆・         笆・2.2 GB/4.9 GB  5.4 MB/s   8m14s[K[A[1Gpulling manifest [K
pulling 667b0c1932bc:  46% 笆補毎笆遺毎笆遺毎笆遺毎笆・         笆・2.2 GB/4.9 GB  5.4 MB/s   8m14s[K[A[1Gpulling manifest [K
pulling 667b0c1932bc:  46% 笆補毎笆遺毎笆遺毎笆遺毎笆・         笆・2.2 GB/4.9 GB  5.4 MB/s   8m14s[K[A[1Gpulling manifest [K
pulling 667b0c1932bc:  46% 笆補毎笆遺毎笆遺毎笆遺毎笆・         笆・2.2 GB/4.9 GB  5.4 MB/s   8m14s[K[A[1Gpulling manifest [K
pulling 667b0c1932bc:  46% 笆補毎笆遺毎笆遺毎笆遺毎笆・         笆・2.2 GB/4.9 GB  5.4 MB/s   8m14s[K[A[1Gpulling manifest [K
pulling 667b0c1932bc:  46% 笆補毎笆遺毎笆遺毎笆遺毎笆・         笆・2.2 GB/4.9 GB  5.4 MB/s   8m14s[K[A[1Gpulling manifest [K
pulling 667b0c1932bc:  46% 笆補毎笆遺毎笆遺毎笆遺毎笆・         笆・2.2 GB/4.9 GB  5.4 MB/s   8m13s[K[A[1Gpulling manifest [K
pulling 667b0c1932bc:  46% 笆補毎笆遺毎笆遺毎笆遺毎笆・         笆・2.2 GB/4.9 GB  5.4 MB/s   8m13s[K[A[1Gpulling manifest [K
pulling 667b0c1932bc:  46% 笆補毎笆遺毎笆遺毎笆遺毎笆・         笆・2.2 GB/4.9 GB  5.4 MB/s   8m13s[K[A[1Gpulling manifest [K
pulling 667b0c1932bc:  46% 笆補毎笆遺毎笆遺毎笆遺毎笆・         笆・2.2 GB/4.9 GB  5.4 MB/s   8m13s[K[A[1Gpulling manifest [K
pulling 667b0c1932bc:  46% 笆補毎笆遺毎笆遺毎笆遺毎笆・         笆・2.2 GB/4.9 GB  5.5 MB/s    8m4s[K[A[1Gpulling manifest [K
pulling 667b0c1932bc:  46% 笆補毎笆遺毎笆遺毎笆遺毎笆・         笆・2.2 GB/4.9 GB  5.5 MB/s    8m4s[K[A[1Gpulling manifest [K
pulling 667b0c1932bc:  46% 笆補毎笆遺毎笆遺毎笆遺毎笆・         笆・2.2 GB/4.9 GB  5.5 MB/s    8m4s[K[A[1Gpulling manifest [K
pulling 667b0c1932bc:  46% 笆補毎笆遺毎笆遺毎笆遺毎笆・         笆・2.2 GB/4.9 GB  5.5 MB/s    8m4s[K[A[1Gpulling manifest [K
pulling 667b0c1932bc:  46% 笆補毎笆遺毎笆遺毎笆遺毎笆・         笆・2.2 GB/4.9 GB  5.5 MB/s    8m4s[K[A[1Gpulling manifest [K
pulling 667b0c1932bc:  46% 笆補毎笆遺毎笆遺毎笆遺毎笆・         笆・2.2 GB/4.9 GB  5.5 MB/s    8m4s[K[A[1Gpulling manifest [K
pulling 667b0c1932bc:  46% 笆補毎笆遺毎笆遺毎笆遺毎笆・         笆・2.2 GB/4.9 GB  5.5 MB/s    8m4s[K[A[1Gpulling manifest [K
pulling 667b0c1932bc:  46% 笆補毎笆遺毎笆遺毎笆遺毎笆・         笆・2.2 GB/4.9 GB  5.5 MB/s    8m4s[K[A[1Gpulling manifest [K
pulling 667b0c1932bc:  46% 笆補毎笆遺毎笆遺毎笆遺毎笆・         笆・2.2 GB/4.9 GB  5.5 MB/s    8m4s[K[A[1Gpulling manifest [K
pulling 667b0c1932bc:  46% 笆補毎笆遺毎笆遺毎笆遺毎笆・         笆・2.3 GB/4.9 GB  5.5 MB/s    8m4s[K[A[1Gpulling manifest [K
pulling 667b0c1932bc:  46% 笆補毎笆遺毎笆遺毎笆遺毎笆・         笆・2.3 GB/4.9 GB  5.5 MB/s    8m4s[K[A[1Gpulling manifest [K
pulling 667b0c1932bc:  46% 笆補毎笆遺毎笆遺毎笆遺毎笆・         笆・2.3 GB/4.9 GB  5.5 MB/s    8m4s[K[A[1Gpulling manifest [K
pulling 667b0c1932bc:  46% 笆補毎笆遺毎笆遺毎笆遺毎笆・         笆・2.3 GB/4.9 GB  5.5 MB/s    8m4s[K[A[1Gpulling manifest [K
pulling 667b0c1932bc:  46% 笆補毎笆遺毎笆遺毎笆遺毎笆・         笆・2.3 GB/4.9 GB  5.5 MB/s    8m4s[K[A[1Gpulling manifest [K
pulling 667b0c1932bc:  46% 笆補毎笆遺毎笆遺毎笆遺毎笆・         笆・2.3 GB/4.9 GB  5.5 MB/s    8m4s[K[A[1Gpulling manifest [K
pulling 667b0c1932bc:  46% 笆補毎笆遺毎笆遺毎笆遺毎笆・         笆・2.3 GB/4.9 GB  5.5 MB/s    8m4s[K[A[1Gpulling manifest [K
pulling 667b0c1932bc:  46% 笆補毎笆遺毎笆遺毎笆遺毎笆・         笆・2.3 GB/4.9 GB  5.5 MB/s    8m4s[K[A[1Gpulling manifest [K
pulling 667b0c1932bc:  46% 笆補毎笆遺毎笆遺毎笆遺毎笆・         笆・2.3 GB/4.9 GB  5.5 MB/s    8m4s[K[A[1Gpulling manifest [K
pulling 667b0c1932bc:  46% 笆補毎笆遺毎笆遺毎笆遺毎笆・         笆・2.3 GB/4.9 GB  5.5 MB/s    8m4s[K[A[1Gpulling manifest [K
pulling 667b0c1932bc:  46% 笆補毎笆遺毎笆遺毎笆遺毎笆・         笆・2.3 GB/4.9 GB  5.5 MB/s    8m4s[K[A[1Gpulling manifest [K
pulling 667b0c1932bc:  46% 笆補毎笆遺毎笆遺毎笆遺毎笆・         笆・2.3 GB/4.9 GB  5.4 MB/s   8m10s[K[A[1Gpulling manifest [K
pulling 667b0c1932bc:  46% 笆補毎笆遺毎笆遺毎笆遺毎笆・         笆・2.3 GB/4.9 GB  5.4 MB/s   8m10s[K[A[1Gpulling manifest [K
pulling 667b0c1932bc:  46% 笆補毎笆遺毎笆遺毎笆遺毎笆・         笆・2.3 GB/4.9 GB  5.4 MB/s    8m9s[K[A[1Gpulling manifest [K
pulling 667b0c1932bc:  46% 笆補毎笆遺毎笆遺毎笆遺毎笆・         笆・2.3 GB/4.9 GB  5.4 MB/s    8m9s[K[A[1Gpulling manifest [K
pulling 667b0c1932bc:  46% 笆補毎笆遺毎笆遺毎笆遺毎笆・         笆・2.3 GB/4.9 GB  5.4 MB/s    8m9s[K[A[1Gpulling manifest [K
pulling 667b0c1932bc:  46% 笆補毎笆遺毎笆遺毎笆遺毎笆・         笆・2.3 GB/4.9 GB  5.4 MB/s    8m9s[K[A[1Gpulling manifest [K
pulling 667b0c1932bc:  46% 笆補毎笆遺毎笆遺毎笆遺毎笆・         笆・2.3 GB/4.9 GB  5.4 MB/s    8m9s[K[A[1Gpulling manifest [K
pulling 667b0c1932bc:  46% 笆補毎笆遺毎笆遺毎笆遺毎笆・         笆・2.3 GB/4.9 GB  5.4 MB/s    8m9s[K[A[1Gpulling manifest [K
pulling 667b0c1932bc:  46% 笆補毎笆遺毎笆遺毎笆遺毎笆・         笆・2.3 GB/4.9 GB  5.4 MB/s    8m9s[K[A[1Gpulling manifest [K
pulling 667b0c1932bc:  46% 笆補毎笆遺毎笆遺毎笆遺毎笆・         笆・2.3 GB/4.9 GB  5.4 MB/s    8m9s[K[A[1Gpulling manifest [K
pulling 667b0c1932bc:  46% 笆補毎笆遺毎笆遺毎笆遺毎笆・         笆・2.3 GB/4.9 GB  5.4 MB/s   8m17s[K[A[1Gpulling manifest [K
pulling 667b0c1932bc:  46% 笆補毎笆遺毎笆遺毎笆遺毎笆・         笆・2.3 GB/4.9 GB  5.4 MB/s   8m17s[K[A[1Gpulling manifest [K
pulling 667b0c1932bc:  46% 笆補毎笆遺毎笆遺毎笆遺毎笆・         笆・2.3 GB/4.9 GB  5.4 MB/s   8m17s[K[A[1Gpulling manifest [K
pulling 667b0c1932bc:  46% 笆補毎笆遺毎笆遺毎笆遺毎笆・         笆・2.3 GB/4.9 GB  5.4 MB/s   8m16s[K[A[1Gpulling manifest [K
pulling 667b0c1932bc:  46% 笆補毎笆遺毎笆遺毎笆遺毎笆・         笆・2.3 GB/4.9 GB  5.4 MB/s   8m16s[K[A[1Gpulling manifest [K
pulling 667b0c1932bc:  46% 笆補毎笆遺毎笆遺毎笆遺毎笆・         笆・2.3 GB/4.9 GB  5.4 MB/s   8m16s[K[A[1Gpulling manifest [K
pulling 667b0c1932bc:  46% 笆補毎笆遺毎笆遺毎笆遺毎笆・         笆・2.3 GB/4.9 GB  5.4 MB/s   8m16s[K[A[1Gpulling manifest [K
pulling 667b0c1932bc:  46% 笆補毎笆遺毎笆遺毎笆遺毎笆・         笆・2.3 GB/4.9 GB  5.4 MB/s   8m16s[K[A[1Gpulling manifest [K
pulling 667b0c1932bc:  46% 笆補毎笆遺毎笆遺毎笆遺毎笆・         笆・2.3 GB/4.9 GB  5.4 MB/s   8m16s[K[A[1Gpulling manifest [K
pulling 667b0c1932bc:  46% 笆補毎笆遺毎笆遺毎笆遺毎笆・         笆・2.3 GB/4.9 GB  5.4 MB/s   8m16s[K[A[1Gpulling manifest [K
pulling 667b0c1932bc:  46% 笆補毎笆遺毎笆遺毎笆遺毎笆・         笆・2.3 GB/4.9 GB  5.4 MB/s   8m16s[K[A[1Gpulling manifest [K
pulling 667b0c1932bc:  46% 笆補毎笆遺毎笆遺毎笆遺毎笆・         笆・2.3 GB/4.9 GB  5.5 MB/s    8m1s[K[A[1Gpulling manifest [K
pulling 667b0c1932bc:  46% 笆補毎笆遺毎笆遺毎笆遺毎笆・         笆・2.3 GB/4.9 GB  5.5 MB/s    8m1s[K[A[1Gpulling manifest [K
pulling 667b0c1932bc:  46% 笆補毎笆遺毎笆遺毎笆遺毎笆・         笆・2.3 GB/4.9 GB  5.5 MB/s    8m1s[K[A[1Gpulling manifest [K
pulling 667b0c1932bc:  46% 笆補毎笆遺毎笆遺毎笆遺毎笆・         笆・2.3 GB/4.9 GB  5.5 MB/s    8m1s[K[A[1Gpulling manifest [K
pulling 667b0c1932bc:  46% 笆補毎笆遺毎笆遺毎笆遺毎笆・         笆・2.3 GB/4.9 GB  5.5 MB/s    8m0s[K[A[1Gpulling manifest [K
pulling 667b0c1932bc:  46% 笆補毎笆遺毎笆遺毎笆遺毎笆・         笆・2.3 GB/4.9 GB  5.5 MB/s    8m0s[K[A[1Gpulling manifest [K
pulling 667b0c1932bc:  46% 笆補毎笆遺毎笆遺毎笆遺毎笆・         笆・2.3 GB/4.9 GB  5.5 MB/s    8m0s[K[A[1Gpulling manifest [K
pulling 667b0c1932bc:  46% 笆補毎笆遺毎笆遺毎笆遺毎笆・         笆・2.3 GB/4.9 GB  5.5 MB/s    8m0s[K[A[1Gpulling manifest [K
pulling 667b0c1932bc:  46% 笆補毎笆遺毎笆遺毎笆遺毎笆・         笆・2.3 GB/4.9 GB  5.5 MB/s    8m0s[K[A[1Gpulling manifest [K
pulling 667b0c1932bc:  46% 笆補毎笆遺毎笆遺毎笆遺毎笆・         笆・2.3 GB/4.9 GB  5.5 MB/s    8m0s[K[A[1Gpulling manifest [K
pulling 667b0c1932bc:  46% 笆補毎笆遺毎笆遺毎笆遺毎笆・         笆・2.3 GB/4.9 GB  5.5 MB/s    8m0s[K[A[1Gpulling manifest [K
pulling 667b0c1932bc:  46% 笆補毎笆遺毎笆遺毎笆遺毎笆・         笆・2.3 GB/4.9 GB  5.5 MB/s    8m0s[K[A[1Gpulling manifest [K
pulling 667b0c1932bc:  46% 笆補毎笆遺毎笆遺毎笆遺毎笆・         笆・2.3 GB/4.9 GB  5.5 MB/s    8m0s[K[A[1Gpulling manifest [K
pulling 667b0c1932bc:  46% 笆補毎笆遺毎笆遺毎笆遺毎笆・         笆・2.3 GB/4.9 GB  5.5 MB/s    8m0s[K[A[1Gpulling manifest [K
pulling 667b0c1932bc:  46% 笆補毎笆遺毎笆遺毎笆遺毎笆・         笆・2.3 GB/4.9 GB  5.5 MB/s    8m0s[K[A[1Gpulling manifest [K
pulling 667b0c1932bc:  46% 笆補毎笆遺毎笆遺毎笆遺毎笆・         笆・2.3 GB/4.9 GB  5.5 MB/s   7m59s[K[A[1Gpulling manifest [K
pulling 667b0c1932bc:  46% 笆補毎笆遺毎笆遺毎笆遺毎笆・         笆・2.3 GB/4.9 GB  5.5 MB/s   7m59s[K[A[1Gpulling manifest [K
pulling 667b0c1932bc:  46% 笆補毎笆遺毎笆遺毎笆遺毎笆・         笆・2.3 GB/4.9 GB  5.5 MB/s   7m59s[K[A[1Gpulling manifest [K
pulling 667b0c1932bc:  46% 笆補毎笆遺毎笆遺毎笆遺毎笆・         笆・2.3 GB/4.9 GB  5.5 MB/s   7m59s[K[A[1Gpulling manifest [K
pulling 667b0c1932bc:  46% 笆補毎笆遺毎笆遺毎笆遺毎笆・         笆・2.3 GB/4.9 GB  5.5 MB/s   7m59s[K[A[1Gpulling manifest [K
pulling 667b0c1932bc:  46% 笆補毎笆遺毎笆遺毎笆遺毎笆・         笆・2.3 GB/4.9 GB  5.6 MB/s   7m54s[K[A[1Gpulling manifest [K
pulling 667b0c1932bc:  46% 笆補毎笆遺毎笆遺毎笆遺毎笆・         笆・2.3 GB/4.9 GB  5.6 MB/s   7m54s[K[A[1Gpulling manifest [K
pulling 667b0c1932bc:  46% 笆補毎笆遺毎笆遺毎笆遺毎笆・         笆・2.3 GB/4.9 GB  5.6 MB/s   7m53s[K[A[1Gpulling manifest [K
pulling 667b0c1932bc:  46% 笆補毎笆遺毎笆遺毎笆遺毎笆・         笆・2.3 GB/4.9 GB  5.6 MB/s   7m53s[K[A[1Gpulling manifest [K
pulling 667b0c1932bc:  46% 笆補毎笆遺毎笆遺毎笆遺毎笆・         笆・2.3 GB/4.9 GB  5.6 MB/s   7m53s[K[A[1Gpulling manifest [K
pulling 667b0c1932bc:  46% 笆補毎笆遺毎笆遺毎笆遺毎笆・         笆・2.3 GB/4.9 GB  5.6 MB/s   7m53s[K[A[1Gpulling manifest [K
pulling 667b0c1932bc:  46% 笆補毎笆遺毎笆遺毎笆遺毎笆・         笆・2.3 GB/4.9 GB  5.6 MB/s   7m53s[K[A[1Gpulling manifest [K
pulling 667b0c1932bc:  46% 笆補毎笆遺毎笆遺毎笆遺毎笆・         笆・2.3 GB/4.9 GB  5.6 MB/s   7m53s[K[A[1Gpulling manifest [K
pulling 667b0c1932bc:  46% 笆補毎笆遺毎笆遺毎笆遺毎笆・         笆・2.3 GB/4.9 GB  5.6 MB/s   7m53s[K[A[1Gpulling manifest [K
pulling 667b0c1932bc:  46% 笆補毎笆遺毎笆遺毎笆遺毎笆・         笆・2.3 GB/4.9 GB  5.6 MB/s   7m53s[K[A[1Gpulling manifest [K
pulling 667b0c1932bc:  46% 笆補毎笆遺毎笆遺毎笆遺毎笆・         笆・2.3 GB/4.9 GB  5.4 MB/s    8m8s[K[A[1Gpulling manifest [K
pulling 667b0c1932bc:  46% 笆補毎笆遺毎笆遺毎笆遺毎笆・         笆・2.3 GB/4.9 GB  5.4 MB/s    8m8s[K[A[1Gpulling manifest [K
pulling 667b0c1932bc:  46% 笆補毎笆遺毎笆遺毎笆遺毎笆・         笆・2.3 GB/4.9 GB  5.4 MB/s    8m8s[K[A[1Gpulling manifest [K
pulling 667b0c1932bc:  46% 笆補毎笆遺毎笆遺毎笆遺毎笆・         笆・2.3 GB/4.9 GB  5.4 MB/s    8m7s[K[A[1Gpulling manifest [K
pulling 667b0c1932bc:  46% 笆補毎笆遺毎笆遺毎笆遺毎笆・         笆・2.3 GB/4.9 GB  5.4 MB/s    8m7s[K[A[1Gpulling manifest [K
pulling 667b0c1932bc:  46% 笆補毎笆遺毎笆遺毎笆遺毎笆・         笆・2.3 GB/4.9 GB  5.4 MB/s    8m7s[K[A[1Gpulling manifest [K
pulling 667b0c1932bc:  46% 笆補毎笆遺毎笆遺毎笆遺毎笆・         笆・2.3 GB/4.9 GB  5.4 MB/s    8m7s[K[A[1Gpulling manifest [K
pulling 667b0c1932bc:  46% 笆補毎笆遺毎笆遺毎笆遺毎笆・         笆・2.3 GB/4.9 GB  5.4 MB/s    8m7s[K[A[1Gpulling manifest [K
pulling 667b0c1932bc:  46% 笆補毎笆遺毎笆遺毎笆遺毎笆・         笆・2.3 GB/4.9 GB  5.4 MB/s    8m7s[K[A[1Gpulling manifest [K
pulling 667b0c1932bc:  47% 笆補毎笆遺毎笆遺毎笆遺毎笆・         笆・2.3 GB/4.9 GB  5.4 MB/s    8m7s[K[A[1Gpulling manifest [K
pulling 667b0c1932bc:  47% 笆補毎笆遺毎笆遺毎笆遺毎笆・         笆・2.3 GB/4.9 GB  5.6 MB/s   7m50s[K[A[1Gpulling manifest [K
pulling 667b0c1932bc:  47% 笆補毎笆遺毎笆遺毎笆遺毎笆・         笆・2.3 GB/4.9 GB  5.6 MB/s   7m50s[K[A[1Gpulling manifest [K
pulling 667b0c1932bc:  47% 笆補毎笆遺毎笆遺毎笆遺毎笆・         笆・2.3 GB/4.9 GB  5.6 MB/s   7m49s[K[A[1Gpulling manifest [K
pulling 667b0c1932bc:  47% 笆補毎笆遺毎笆遺毎笆遺毎笆・         笆・2.3 GB/4.9 GB  5.6 MB/s   7m49s[K[A[1Gpulling manifest [K
pulling 667b0c1932bc:  47% 笆補毎笆遺毎笆遺毎笆遺毎笆・         笆・2.3 GB/4.9 GB  5.6 MB/s   7m49s[K[A[1Gpulling manifest [K
pulling 667b0c1932bc:  47% 笆補毎笆遺毎笆遺毎笆遺毎笆・         笆・2.3 GB/4.9 GB  5.6 MB/s   7m49s[K[A[1Gpulling manifest [K
pulling 667b0c1932bc:  47% 笆補毎笆遺毎笆遺毎笆遺毎笆・         笆・2.3 GB/4.9 GB  5.6 MB/s   7m49s[K[A[1Gpulling manifest [K
pulling 667b0c1932bc:  47% 笆補毎笆遺毎笆遺毎笆遺毎笆・         笆・2.3 GB/4.9 GB  5.6 MB/s   7m49s[K[A[1Gpulling manifest [K
pulling 667b0c1932bc:  47% 笆補毎笆遺毎笆遺毎笆遺毎笆・         笆・2.3 GB/4.9 GB  5.6 MB/s   7m49s[K[A[1Gpulling manifest [K
pulling 667b0c1932bc:  47% 笆補毎笆遺毎笆遺毎笆遺毎笆・         笆・2.3 GB/4.9 GB  5.6 MB/s   7m49s[K[A[1Gpulling manifest [K
pulling 667b0c1932bc:  47% 笆補毎笆遺毎笆遺毎笆遺毎笆・         笆・2.3 GB/4.9 GB  5.6 MB/s   7m49s[K[A[1Gpulling manifest [K
pulling 667b0c1932bc:  47% 笆補毎笆遺毎笆遺毎笆遺毎笆・         笆・2.3 GB/4.9 GB  5.6 MB/s   7m51s[K[A[1Gpulling manifest [K
pulling 667b0c1932bc:  47% 笆補毎笆遺毎笆遺毎笆遺毎笆・         笆・2.3 GB/4.9 GB  5.6 MB/s   7m51s[K[A[1Gpulling manifest [K
pulling 667b0c1932bc:  47% 笆補毎笆遺毎笆遺毎笆遺毎笆・         笆・2.3 GB/4.9 GB  5.6 MB/s   7m51s[K[A[1Gpulling manifest [K
pulling 667b0c1932bc:  47% 笆補毎笆遺毎笆遺毎笆遺毎笆・         笆・2.3 GB/4.9 GB  5.6 MB/s   7m51s[K[A[1Gpulling manifest [K
pulling 667b0c1932bc:  47% 笆補毎笆遺毎笆遺毎笆遺毎笆・         笆・2.3 GB/4.9 GB  5.6 MB/s   7m51s[K[A[1Gpulling manifest [K
pulling 667b0c1932bc:  47% 笆補毎笆遺毎笆遺毎笆遺毎笆・         笆・2.3 GB/4.9 GB  5.6 MB/s   7m51s[K[A[1Gpulling manifest [K
pulling 667b0c1932bc:  47% 笆補毎笆遺毎笆遺毎笆遺毎笆・         笆・2.3 GB/4.9 GB  5.6 MB/s   7m50s[K[A[1Gpulling manifest [K
pulling 667b0c1932bc:  47% 笆補毎笆遺毎笆遺毎笆遺毎笆・         笆・2.3 GB/4.9 GB  5.6 MB/s   7m50s[K[A[1Gpulling manifest [K
pulling 667b0c1932bc:  47% 笆補毎笆遺毎笆遺毎笆遺毎笆・         笆・2.3 GB/4.9 GB  5.6 MB/s   7m50s[K[A[1Gpulling manifest [K
pulling 667b0c1932bc:  47% 笆補毎笆遺毎笆遺毎笆遺毎笆・         笆・2.3 GB/4.9 GB  5.6 MB/s   7m50s[K[A[1Gpulling manifest [K
pulling 667b0c1932bc:  47% 笆補毎笆遺毎笆遺毎笆遺毎笆・         笆・2.3 GB/4.9 GB  5.8 MB/s   7m33s[K[A[1Gpulling manifest [K
pulling 667b0c1932bc:  47% 笆補毎笆遺毎笆遺毎笆遺毎笆・         笆・2.3 GB/4.9 GB  5.8 MB/s   7m33s[K[A[1Gpulling manifest [K
pulling 667b0c1932bc:  47% 笆補毎笆遺毎笆遺毎笆遺毎笆・         笆・2.3 GB/4.9 GB  5.8 MB/s   7m32s[K[A[1Gpulling manifest [K
pulling 667b0c1932bc:  47% 笆補毎笆遺毎笆遺毎笆遺毎笆・         笆・2.3 GB/4.9 GB  5.8 MB/s   7m32s[K[A[1Gpulling manifest [K
pulling 667b0c1932bc:  47% 笆補毎笆遺毎笆遺毎笆遺毎笆・         笆・2.3 GB/4.9 GB  5.8 MB/s   7m32s[K[A[1Gpulling manifest [K
pulling 667b0c1932bc:  47% 笆補毎笆遺毎笆遺毎笆遺毎笆・         笆・2.3 GB/4.9 GB  5.8 MB/s   7m32s[K[A[1Gpulling manifest [K
pulling 667b0c1932bc:  47% 笆補毎笆遺毎笆遺毎笆遺毎笆・         笆・2.3 GB/4.9 GB  5.8 MB/s   7m32s[K[A[1Gpulling manifest [K
pulling 667b0c1932bc:  47% 笆補毎笆遺毎笆遺毎笆遺毎笆・         笆・2.3 GB/4.9 GB  5.8 MB/s   7m32s[K[A[1Gpulling manifest [K
pulling 667b0c1932bc:  47% 笆補毎笆遺毎笆遺毎笆遺毎笆・         笆・2.3 GB/4.9 GB  5.8 MB/s   7m32s[K[A[1Gpulling manifest [K
pulling 667b0c1932bc:  47% 笆補毎笆遺毎笆遺毎笆遺毎笆・         笆・2.3 GB/4.9 GB  5.8 MB/s   7m31s[K[A[1Gpulling manifest [K
pulling 667b0c1932bc:  47% 笆補毎笆遺毎笆遺毎笆遺毎笆・         笆・2.3 GB/4.9 GB  6.0 MB/s   7m14s[K[A[1Gpulling manifest [K
pulling 667b0c1932bc:  47% 笆補毎笆遺毎笆遺毎笆遺毎笆・         笆・2.3 GB/4.9 GB  6.0 MB/s   7m14s[K[A[1Gpulling manifest [K
pulling 667b0c1932bc:  47% 笆補毎笆遺毎笆遺毎笆遺毎笆・         笆・2.3 GB/4.9 GB  6.0 MB/s   7m14s[K[A[1Gpulling manifest [K
pulling 667b0c1932bc:  47% 笆補毎笆遺毎笆遺毎笆遺毎笆・         笆・2.3 GB/4.9 GB  6.0 MB/s   7m14s[K[A[1Gpulling manifest [K
pulling 667b0c1932bc:  47% 笆補毎笆遺毎笆遺毎笆遺毎笆・         笆・2.3 GB/4.9 GB  6.0 MB/s   7m13s[K[A[1Gpulling manifest [K
pulling 667b0c1932bc:  47% 笆補毎笆遺毎笆遺毎笆遺毎笆・         笆・2.3 GB/4.9 GB  6.0 MB/s   7m13s[K[A[1Gpulling manifest [K
pulling 667b0c1932bc:  47% 笆補毎笆遺毎笆遺毎笆遺毎笆・         笆・2.3 GB/4.9 GB  6.0 MB/s   7m13s[K[A[1Gpulling manifest [K
pulling 667b0c1932bc:  47% 笆補毎笆遺毎笆遺毎笆遺毎笆・         笆・2.3 GB/4.9 GB  6.0 MB/s   7m13s[K[A[1Gpulling manifest [K
pulling 667b0c1932bc:  47% 笆補毎笆遺毎笆遺毎笆遺毎笆・         笆・2.3 GB/4.9 GB  6.0 MB/s   7m13s[K[A[1Gpulling manifest [K
pulling 667b0c1932bc:  47% 笆補毎笆遺毎笆遺毎笆遺毎笆・         笆・2.3 GB/4.9 GB  6.0 MB/s   7m13s[K[A[1Gpulling manifest [K
pulling 667b0c1932bc:  47% 笆補毎笆遺毎笆遺毎笆遺毎笆・         笆・2.3 GB/4.9 GB  6.3 MB/s   6m52s[K[A[1Gpulling manifest [K
pulling 667b0c1932bc:  47% 笆補毎笆遺毎笆遺毎笆遺毎笆・         笆・2.3 GB/4.9 GB  6.3 MB/s   6m51s[K[A[1Gpulling manifest [K
pulling 667b0c1932bc:  47% 笆補毎笆遺毎笆遺毎笆遺毎笆・         笆・2.3 GB/4.9 GB  6.3 MB/s   6m51s[K[A[1Gpulling manifest [K
pulling 667b0c1932bc:  47% 笆補毎笆遺毎笆遺毎笆遺毎笆・         笆・2.3 GB/4.9 GB  6.3 MB/s   6m51s[K[A[1Gpulling manifest [K
pulling 667b0c1932bc:  47% 笆補毎笆遺毎笆遺毎笆遺毎笆・         笆・2.3 GB/4.9 GB  6.3 MB/s   6m51s[K[A[1Gpulling manifest [K
pulling 667b0c1932bc:  47% 笆補毎笆遺毎笆遺毎笆遺毎笆・         笆・2.3 GB/4.9 GB  6.3 MB/s   6m51s[K[A[1Gpulling manifest [K
pulling 667b0c1932bc:  47% 笆補毎笆遺毎笆遺毎笆遺毎笆・         笆・2.3 GB/4.9 GB  6.3 MB/s   6m51s[K[A[1Gpulling manifest [K
pulling 667b0c1932bc:  47% 笆補毎笆遺毎笆遺毎笆遺毎笆・         笆・2.3 GB/4.9 GB  6.3 MB/s   6m51s[K[A[1Gpulling manifest [K
pulling 667b0c1932bc:  47% 笆補毎笆遺毎笆遺毎笆遺毎笆・         笆・2.3 GB/4.9 GB  6.3 MB/s   6m51s[K[A[1Gpulling manifest [K
pulling 667b0c1932bc:  47% 笆補毎笆遺毎笆遺毎笆遺毎笆・         笆・2.3 GB/4.9 GB  6.3 MB/s   6m50s[K[A[1Gpulling manifest [K
pulling 667b0c1932bc:  47% 笆補毎笆遺毎笆遺毎笆遺毎笆・         笆・2.3 GB/4.9 GB  6.5 MB/s   6m41s[K[A[1Gpulling manifest [K
pulling 667b0c1932bc:  47% 笆補毎笆遺毎笆遺毎笆遺毎笆・         笆・2.3 GB/4.9 GB  6.5 MB/s   6m41s[K[A[1Gpulling manifest [K
pulling 667b0c1932bc:  47% 笆補毎笆遺毎笆遺毎笆遺毎笆・         笆・2.3 GB/4.9 GB  6.5 MB/s   6m41s[K[A[1Gpulling manifest [K
pulling 667b0c1932bc:  47% 笆補毎笆遺毎笆遺毎笆遺毎笆・         笆・2.3 GB/4.9 GB  6.5 MB/s   6m41s[K[A[1Gpulling manifest [K
pulling 667b0c1932bc:  47% 笆補毎笆遺毎笆遺毎笆遺毎笆・         笆・2.3 GB/4.9 GB  6.5 MB/s   6m41s[K[A[1Gpulling manifest [K
pulling 667b0c1932bc:  47% 笆補毎笆遺毎笆遺毎笆遺毎笆・         笆・2.3 GB/4.9 GB  6.5 MB/s   6m41s[K[A[1Gpulling manifest [K
pulling 667b0c1932bc:  47% 笆補毎笆遺毎笆遺毎笆遺毎笆・         笆・2.3 GB/4.9 GB  6.5 MB/s   6m41s[K[A[1Gpulling manifest [K
pulling 667b0c1932bc:  47% 笆補毎笆遺毎笆遺毎笆遺毎笆・         笆・2.3 GB/4.9 GB  6.5 MB/s   6m41s[K[A[1Gpulling manifest [K
pulling 667b0c1932bc:  47% 笆補毎笆遺毎笆遺毎笆遺毎笆・         笆・2.3 GB/4.9 GB  6.5 MB/s   6m41s[K[A[1Gpulling manifest [K
pulling 667b0c1932bc:  47% 笆補毎笆遺毎笆遺毎笆遺毎笆・         笆・2.3 GB/4.9 GB  6.5 MB/s   6m40s[K[A[1Gpulling manifest [K
pulling 667b0c1932bc:  47% 笆補毎笆遺毎笆遺毎笆遺毎笆・         笆・2.3 GB/4.9 GB  6.5 MB/s   6m40s[K[A[1Gpulling manifest [K
pulling 667b0c1932bc:  47% 笆補毎笆遺毎笆遺毎笆遺毎笆・         笆・2.3 GB/4.9 GB  6.7 MB/s   6m24s[K[A[1Gpulling manifest [K
pulling 667b0c1932bc:  47% 笆補毎笆遺毎笆遺毎笆遺毎笆・         笆・2.3 GB/4.9 GB  6.7 MB/s   6m24s[K[A[1Gpulling manifest [K
pulling 667b0c1932bc:  47% 笆補毎笆遺毎笆遺毎笆遺毎笆・         笆・2.3 GB/4.9 GB  6.7 MB/s   6m24s[K[A[1Gpulling manifest [K
pulling 667b0c1932bc:  47% 笆補毎笆遺毎笆遺毎笆遺毎笆・         笆・2.3 GB/4.9 GB  6.7 MB/s   6m24s[K[A[1Gpulling manifest [K
pulling 667b0c1932bc:  47% 笆補毎笆遺毎笆遺毎笆遺毎笆・         笆・2.3 GB/4.9 GB  6.7 MB/s   6m24s[K[A[1Gpulling manifest [K
pulling 667b0c1932bc:  48% 笆補毎笆遺毎笆遺毎笆遺毎笆・         笆・2.3 GB/4.9 GB  6.7 MB/s   6m23s[K[A[1Gpulling manifest [K
pulling 667b0c1932bc:  48% 笆補毎笆遺毎笆遺毎笆遺毎笆・         笆・2.3 GB/4.9 GB  6.7 MB/s   6m23s[K[A[1Gpulling manifest [K
pulling 667b0c1932bc:  48% 笆補毎笆遺毎笆遺毎笆遺毎笆・         笆・2.3 GB/4.9 GB  6.7 MB/s   6m23s[K[A[1Gpulling manifest [K
pulling 667b0c1932bc:  48% 笆補毎笆遺毎笆遺毎笆遺毎笆・         笆・2.3 GB/4.9 GB  6.7 MB/s   6m23s[K[A[1Gpulling manifest [K
pulling 667b0c1932bc:  48% 笆補毎笆遺毎笆遺毎笆遺毎笆・         笆・2.3 GB/4.9 GB  6.7 MB/s   6m23s[K[A[1Gpulling manifest [K
pulling 667b0c1932bc:  48% 笆補毎笆遺毎笆遺毎笆遺毎笆・         笆・2.3 GB/4.9 GB  6.9 MB/s   6m14s[K[A[1Gpulling manifest [K
pulling 667b0c1932bc:  48% 笆補毎笆遺毎笆遺毎笆遺毎笆・         笆・2.3 GB/4.9 GB  6.9 MB/s   6m14s[K[A[1Gpulling manifest [K
pulling 667b0c1932bc:  48% 笆補毎笆遺毎笆遺毎笆遺毎笆・         笆・2.3 GB/4.9 GB  6.9 MB/s   6m14s[K[A[1Gpulling manifest [K
pulling 667b0c1932bc:  48% 笆補毎笆遺毎笆遺毎笆遺毎笆・         笆・2.3 GB/4.9 GB  6.9 MB/s   6m14s[K[A[1Gpulling manifest [K
pulling 667b0c1932bc:  48% 笆補毎笆遺毎笆遺毎笆遺毎笆・         笆・2.3 GB/4.9 GB  6.9 MB/s   6m14s[K[A[1Gpulling manifest [K
pulling 667b0c1932bc:  48% 笆補毎笆遺毎笆遺毎笆遺毎笆・         笆・2.3 GB/4.9 GB  6.9 MB/s   6m14s[K[A[1Gpulling manifest [K
pulling 667b0c1932bc:  48% 笆補毎笆遺毎笆遺毎笆遺毎笆・         笆・2.3 GB/4.9 GB  6.9 MB/s   6m14s[K[A[1Gpulling manifest [K
pulling 667b0c1932bc:  48% 笆補毎笆遺毎笆遺毎笆遺毎笆・         笆・2.3 GB/4.9 GB  6.9 MB/s   6m14s[K[A[1Gpulling manifest [K
pulling 667b0c1932bc:  48% 笆補毎笆遺毎笆遺毎笆遺毎笆・         笆・2.3 GB/4.9 GB  6.9 MB/s   6m14s[K[A[1Gpulling manifest [K
pulling 667b0c1932bc:  48% 笆補毎笆遺毎笆遺毎笆遺毎笆・         笆・2.3 GB/4.9 GB  6.9 MB/s   6m14s[K[A[1Gpulling manifest [K
pulling 667b0c1932bc:  48% 笆補毎笆遺毎笆遺毎笆遺毎笆・         笆・2.3 GB/4.9 GB  7.2 MB/s   5m58s[K[A[1Gpulling manifest [K
pulling 667b0c1932bc:  48% 笆補毎笆遺毎笆遺毎笆遺毎笆・         笆・2.3 GB/4.9 GB  7.2 MB/s   5m58s[K[A[1Gpulling manifest [K
pulling 667b0c1932bc:  48% 笆補毎笆遺毎笆遺毎笆遺毎笆・         笆・2.3 GB/4.9 GB  7.2 MB/s   5m57s[K[A[1Gpulling manifest [K
pulling 667b0c1932bc:  48% 笆補毎笆遺毎笆遺毎笆遺毎笆・         笆・2.3 GB/4.9 GB  7.2 MB/s   5m57s[K[A[1Gpulling manifest [K
pulling 667b0c1932bc:  48% 笆補毎笆遺毎笆遺毎笆遺毎笆・         笆・2.4 GB/4.9 GB  7.2 MB/s   5m57s[K[A[1Gpulling manifest [K
pulling 667b0c1932bc:  48% 笆補毎笆遺毎笆遺毎笆遺毎笆・         笆・2.4 GB/4.9 GB  7.2 MB/s   5m57s[K[A[1Gpulling manifest [K
pulling 667b0c1932bc:  48% 笆補毎笆遺毎笆遺毎笆遺毎笆・         笆・2.4 GB/4.9 GB  7.2 MB/s   5m57s[K[A[1Gpulling manifest [K
pulling 667b0c1932bc:  48% 笆補毎笆遺毎笆遺毎笆遺毎笆・         笆・2.4 GB/4.9 GB  7.2 MB/s   5m57s[K[A[1Gpulling manifest [K
pulling 667b0c1932bc:  48% 笆補毎笆遺毎笆遺毎笆遺毎笆・         笆・2.4 GB/4.9 GB  7.2 MB/s   5m57s[K[A[1Gpulling manifest [K
pulling 667b0c1932bc:  48% 笆補毎笆遺毎笆遺毎笆遺毎笆・         笆・2.4 GB/4.9 GB  7.2 MB/s   5m57s[K[A[1Gpulling manifest [K
pulling 667b0c1932bc:  48% 笆補毎笆遺毎笆遺毎笆遺毎笆・         笆・2.4 GB/4.9 GB  7.4 MB/s   5m47s[K[A[1Gpulling manifest [K
pulling 667b0c1932bc:  48% 笆補毎笆遺毎笆遺毎笆遺毎笆・         笆・2.4 GB/4.9 GB  7.4 MB/s   5m47s[K[A[1Gpulling manifest [K
pulling 667b0c1932bc:  48% 笆補毎笆遺毎笆遺毎笆遺毎笆・         笆・2.4 GB/4.9 GB  7.4 MB/s   5m47s[K[A[1Gpulling manifest [K
pulling 667b0c1932bc:  48% 笆補毎笆遺毎笆遺毎笆遺毎笆・         笆・2.4 GB/4.9 GB  7.4 MB/s   5m47s[K[A[1Gpulling manifest [K
pulling 667b0c1932bc:  48% 笆補毎笆遺毎笆遺毎笆遺毎笆・         笆・2.4 GB/4.9 GB  7.4 MB/s   5m47s[K[A[1Gpulling manifest [K
pulling 667b0c1932bc:  48% 笆補毎笆遺毎笆遺毎笆遺毎笆・         笆・2.4 GB/4.9 GB  7.4 MB/s   5m46s[K[A[1Gpulling manifest [K
pulling 667b0c1932bc:  48% 笆補毎笆遺毎笆遺毎笆遺毎笆・         笆・2.4 GB/4.9 GB  7.4 MB/s   5m46s[K[A[1Gpulling manifest [K
pulling 667b0c1932bc:  48% 笆補毎笆遺毎笆遺毎笆遺毎笆・         笆・2.4 GB/4.9 GB  7.4 MB/s   5m46s[K[A[1Gpulling manifest [K
pulling 667b0c1932bc:  48% 笆補毎笆遺毎笆遺毎笆遺毎笆・         笆・2.4 GB/4.9 GB  7.4 MB/s   5m46s[K[A[1Gpulling manifest [K
pulling 667b0c1932bc:  48% 笆補毎笆遺毎笆遺毎笆遺毎笆・         笆・2.4 GB/4.9 GB  7.4 MB/s   5m46s[K[A[1Gpulling manifest [K
pulling 667b0c1932bc:  48% 笆補毎笆遺毎笆遺毎笆遺毎笆・         笆・2.4 GB/4.9 GB  7.6 MB/s   5m34s[K[A[1Gpulling manifest [K
pulling 667b0c1932bc:  48% 笆補毎笆遺毎笆遺毎笆遺毎笆・         笆・2.4 GB/4.9 GB  7.6 MB/s   5m34s[K[A[1Gpulling manifest [K
pulling 667b0c1932bc:  48% 笆補毎笆遺毎笆遺毎笆遺毎笆・         笆・2.4 GB/4.9 GB  7.6 MB/s   5m34s[K[A[1Gpulling manifest [K
pulling 667b0c1932bc:  48% 笆補毎笆遺毎笆遺毎笆遺毎笆・         笆・2.4 GB/4.9 GB  7.6 MB/s   5m34s[K[A[1Gpulling manifest [K
pulling 667b0c1932bc:  48% 笆補毎笆遺毎笆遺毎笆遺毎笆・         笆・2.4 GB/4.9 GB  7.6 MB/s   5m34s[K[A[1Gpulling manifest [K
pulling 667b0c1932bc:  48% 笆補毎笆遺毎笆遺毎笆遺毎笆・         笆・2.4 GB/4.9 GB  7.6 MB/s   5m34s[K[A[1Gpulling manifest [K
pulling 667b0c1932bc:  48% 笆補毎笆遺毎笆遺毎笆遺毎笆・         笆・2.4 GB/4.9 GB  7.6 MB/s   5m34s[K[A[1Gpulling manifest [K
pulling 667b0c1932bc:  48% 笆補毎笆遺毎笆遺毎笆遺毎笆・         笆・2.4 GB/4.9 GB  7.6 MB/s   5m34s[K[A[1Gpulling manifest [K
pulling 667b0c1932bc:  48% 笆補毎笆遺毎笆遺毎笆遺毎笆・         笆・2.4 GB/4.9 GB  7.6 MB/s   5m34s[K[A[1Gpulling manifest [K
pulling 667b0c1932bc:  48% 笆補毎笆遺毎笆遺毎笆遺毎笆・         笆・2.4 GB/4.9 GB  7.6 MB/s   5m34s[K[A[1Gpulling manifest [K
pulling 667b0c1932bc:  48% 笆補毎笆遺毎笆遺毎笆遺毎笆・         笆・2.4 GB/4.9 GB  7.6 MB/s   5m33s[K[A[1Gpulling manifest [K
pulling 667b0c1932bc:  48% 笆補毎笆遺毎笆遺毎笆遺毎笆・         笆・2.4 GB/4.9 GB  7.7 MB/s   5m30s[K[A[1Gpulling manifest [K
pulling 667b0c1932bc:  48% 笆補毎笆遺毎笆遺毎笆遺毎笆・         笆・2.4 GB/4.9 GB  7.7 MB/s   5m30s[K[A[1Gpulling manifest [K
pulling 667b0c1932bc:  48% 笆補毎笆遺毎笆遺毎笆遺毎笆・         笆・2.4 GB/4.9 GB  7.7 MB/s   5m30s[K[A[1Gpulling manifest [K
pulling 667b0c1932bc:  48% 笆補毎笆遺毎笆遺毎笆遺毎笆・         笆・2.4 GB/4.9 GB  7.7 MB/s   5m29s[K[A[1Gpulling manifest [K
pulling 667b0c1932bc:  48% 笆補毎笆遺毎笆遺毎笆遺毎笆・         笆・2.4 GB/4.9 GB  7.7 MB/s   5m29s[K[A[1Gpulling manifest [K
pulling 667b0c1932bc:  48% 笆補毎笆遺毎笆遺毎笆遺毎笆・         笆・2.4 GB/4.9 GB  7.7 MB/s   5m29s[K[A[1Gpulling manifest [K
pulling 667b0c1932bc:  48% 笆補毎笆遺毎笆遺毎笆遺毎笆・         笆・2.4 GB/4.9 GB  7.7 MB/s   5m29s[K[A[1Gpulling manifest [K
pulling 667b0c1932bc:  48% 笆補毎笆遺毎笆遺毎笆遺毎笆・         笆・2.4 GB/4.9 GB  7.7 MB/s   5m29s[K[A[1Gpulling manifest [K
pulling 667b0c1932bc:  48% 笆補毎笆遺毎笆遺毎笆遺毎笆・         笆・2.4 GB/4.9 GB  7.7 MB/s   5m29s[K[A[1Gpulling manifest [K
pulling 667b0c1932bc:  48% 笆補毎笆遺毎笆遺毎笆遺毎笆・         笆・2.4 GB/4.9 GB  7.7 MB/s   5m29s[K[A[1Gpulling manifest [K
pulling 667b0c1932bc:  48% 笆補毎笆遺毎笆遺毎笆遺毎笆・         笆・2.4 GB/4.9 GB  7.6 MB/s   5m32s[K[A[1Gpulling manifest [K
pulling 667b0c1932bc:  48% 笆補毎笆遺毎笆遺毎笆遺毎笆・         笆・2.4 GB/4.9 GB  7.6 MB/s   5m32s[K[A[1Gpulling manifest [K
pulling 667b0c1932bc:  48% 笆補毎笆遺毎笆遺毎笆遺毎笆・         笆・2.4 GB/4.9 GB  7.6 MB/s   5m32s[K[A[1Gpulling manifest [K
pulling 667b0c1932bc:  48% 笆補毎笆遺毎笆遺毎笆遺毎笆・         笆・2.4 GB/4.9 GB  7.6 MB/s   5m32s[K[A[1Gpulling manifest [K
pulling 667b0c1932bc:  48% 笆補毎笆遺毎笆遺毎笆遺毎笆・         笆・2.4 GB/4.9 GB  7.6 MB/s   5m32s[K[A[1Gpulling manifest [K
pulling 667b0c1932bc:  48% 笆補毎笆遺毎笆遺毎笆遺毎笆・         笆・2.4 GB/4.9 GB  7.6 MB/s   5m32s[K[A[1Gpulling manifest [K
pulling 667b0c1932bc:  48% 笆補毎笆遺毎笆遺毎笆遺毎笆・         笆・2.4 GB/4.9 GB  7.6 MB/s   5m32s[K[A[1Gpulling manifest [K
pulling 667b0c1932bc:  48% 笆補毎笆遺毎笆遺毎笆遺毎笆・         笆・2.4 GB/4.9 GB  7.6 MB/s   5m32s[K[A[1Gpulling manifest [K
pulling 667b0c1932bc:  48% 笆補毎笆遺毎笆遺毎笆遺毎笆・         笆・2.4 GB/4.9 GB  7.6 MB/s   5m32s[K[A[1Gpulling manifest [K
pulling 667b0c1932bc:  48% 笆補毎笆遺毎笆遺毎笆遺毎笆・         笆・2.4 GB/4.9 GB  7.6 MB/s   5m32s[K[A[1Gpulling manifest [K
pulling 667b0c1932bc:  48% 笆補毎笆遺毎笆遺毎笆遺毎笆・         笆・2.4 GB/4.9 GB  7.7 MB/s   5m31s[K[A[1Gpulling manifest [K
pulling 667b0c1932bc:  49% 笆補毎笆遺毎笆遺毎笆遺毎笆・         笆・2.4 GB/4.9 GB  7.7 MB/s   5m30s[K[A[1Gpulling manifest [K
pulling 667b0c1932bc:  49% 笆補毎笆遺毎笆遺毎笆遺毎笆・         笆・2.4 GB/4.9 GB  7.7 MB/s   5m30s[K[A[1Gpulling manifest [K
pulling 667b0c1932bc:  49% 笆補毎笆遺毎笆遺毎笆遺毎笆・         笆・2.4 GB/4.9 GB  7.7 MB/s   5m30s[K[A[1Gpulling manifest [K
pulling 667b0c1932bc:  49% 笆補毎笆遺毎笆遺毎笆遺毎笆・         笆・2.4 GB/4.9 GB  7.7 MB/s   5m30s[K[A[1Gpulling manifest [K
pulling 667b0c1932bc:  49% 笆補毎笆遺毎笆遺毎笆遺毎笆・         笆・2.4 GB/4.9 GB  7.7 MB/s   5m30s[K[A[1Gpulling manifest [K
pulling 667b0c1932bc:  49% 笆補毎笆遺毎笆遺毎笆遺毎笆・         笆・2.4 GB/4.9 GB  7.7 MB/s   5m30s[K[A[1Gpulling manifest [K
pulling 667b0c1932bc:  49% 笆補毎笆遺毎笆遺毎笆遺毎笆・         笆・2.4 GB/4.9 GB  7.7 MB/s   5m30s[K[A[1Gpulling manifest [K
pulling 667b0c1932bc:  49% 笆補毎笆遺毎笆遺毎笆遺毎笆・         笆・2.4 GB/4.9 GB  7.7 MB/s   5m30s[K[A[1Gpulling manifest [K
pulling 667b0c1932bc:  49% 笆補毎笆遺毎笆遺毎笆遺毎笆・         笆・2.4 GB/4.9 GB  7.7 MB/s   5m30s[K[A[1Gpulling manifest [K
pulling 667b0c1932bc:  49% 笆補毎笆遺毎笆遺毎笆遺毎笆・         笆・2.4 GB/4.9 GB  7.6 MB/s   5m31s[K[A[1Gpulling manifest [K
pulling 667b0c1932bc:  49% 笆補毎笆遺毎笆遺毎笆遺毎笆・         笆・2.4 GB/4.9 GB  7.6 MB/s   5m31s[K[A[1Gpulling manifest [K
pulling 667b0c1932bc:  49% 笆補毎笆遺毎笆遺毎笆遺毎笆・         笆・2.4 GB/4.9 GB  7.6 MB/s   5m31s[K[A[1Gpulling manifest [K
pulling 667b0c1932bc:  49% 笆補毎笆遺毎笆遺毎笆遺毎笆・         笆・2.4 GB/4.9 GB  7.6 MB/s   5m31s[K[A[1Gpulling manifest [K
pulling 667b0c1932bc:  49% 笆補毎笆遺毎笆遺毎笆遺毎笆・         笆・2.4 GB/4.9 GB  7.6 MB/s   5m31s[K[A[1Gpulling manifest [K
pulling 667b0c1932bc:  49% 笆補毎笆遺毎笆遺毎笆遺毎笆・         笆・2.4 GB/4.9 GB  7.6 MB/s   5m31s[K[A[1Gpulling manifest [K
pulling 667b0c1932bc:  49% 笆補毎笆遺毎笆遺毎笆遺毎笆・         笆・2.4 GB/4.9 GB  7.6 MB/s   5m30s[K[A[1Gpulling manifest [K
pulling 667b0c1932bc:  49% 笆補毎笆遺毎笆遺毎笆遺毎笆・         笆・2.4 GB/4.9 GB  7.6 MB/s   5m30s[K[A[1Gpulling manifest [K
pulling 667b0c1932bc:  49% 笆補毎笆遺毎笆遺毎笆遺毎笆・         笆・2.4 GB/4.9 GB  7.6 MB/s   5m30s[K[A[1Gpulling manifest [K
pulling 667b0c1932bc:  49% 笆補毎笆遺毎笆遺毎笆遺毎笆・         笆・2.4 GB/4.9 GB  7.6 MB/s   5m30s[K[A[1Gpulling manifest [K
pulling 667b0c1932bc:  49% 笆補毎笆遺毎笆遺毎笆遺毎笆・         笆・2.4 GB/4.9 GB  7.4 MB/s   5m41s[K[A[1Gpulling manifest [K
pulling 667b0c1932bc:  49% 笆補毎笆遺毎笆遺毎笆遺毎笆・         笆・2.4 GB/4.9 GB  7.4 MB/s   5m41s[K[A[1Gpulling manifest [K
pulling 667b0c1932bc:  49% 笆補毎笆遺毎笆遺毎笆遺毎笆・         笆・2.4 GB/4.9 GB  7.4 MB/s   5m41s[K[A[1Gpulling manifest [K
pulling 667b0c1932bc:  49% 笆補毎笆遺毎笆遺毎笆遺毎笆・         笆・2.4 GB/4.9 GB  7.4 MB/s   5m41s[K[A[1Gpulling manifest [K
pulling 667b0c1932bc:  49% 笆補毎笆遺毎笆遺毎笆遺毎笆・         笆・2.4 GB/4.9 GB  7.4 MB/s   5m41s[K[A[1Gpulling manifest [K
pulling 667b0c1932bc:  49% 笆補毎笆遺毎笆遺毎笆遺毎笆・         笆・2.4 GB/4.9 GB  7.4 MB/s   5m41s[K[A[1Gpulling manifest [K
pulling 667b0c1932bc:  49% 笆補毎笆遺毎笆遺毎笆遺毎笆・         笆・2.4 GB/4.9 GB  7.4 MB/s   5m41s[K[A[1Gpulling manifest [K
pulling 667b0c1932bc:  49% 笆補毎笆遺毎笆遺毎笆遺毎笆・         笆・2.4 GB/4.9 GB  7.4 MB/s   5m40s[K[A[1Gpulling manifest [K
pulling 667b0c1932bc:  49% 笆補毎笆遺毎笆遺毎笆遺毎笆・         笆・2.4 GB/4.9 GB  7.4 MB/s   5m40s[K[A[1Gpulling manifest [K
pulling 667b0c1932bc:  49% 笆補毎笆遺毎笆遺毎笆遺毎笆・         笆・2.4 GB/4.9 GB  7.4 MB/s   5m40s[K[A[1Gpulling manifest [K
pulling 667b0c1932bc:  49% 笆補毎笆遺毎笆遺毎笆遺毎笆・         笆・2.4 GB/4.9 GB  7.4 MB/s   5m40s[K[A[1Gpulling manifest [K
pulling 667b0c1932bc:  49% 笆補毎笆遺毎笆遺毎笆遺毎笆・         笆・2.4 GB/4.9 GB  7.4 MB/s   5m41s[K[A[1Gpulling manifest [K
pulling 667b0c1932bc:  49% 笆補毎笆遺毎笆遺毎笆遺毎笆・         笆・2.4 GB/4.9 GB  7.4 MB/s   5m40s[K[A[1Gpulling manifest [K
pulling 667b0c1932bc:  49% 笆補毎笆遺毎笆遺毎笆遺毎笆・         笆・2.4 GB/4.9 GB  7.4 MB/s   5m40s[K[A[1Gpulling manifest [K
pulling 667b0c1932bc:  49% 笆補毎笆遺毎笆遺毎笆遺毎笆・         笆・2.4 GB/4.9 GB  7.4 MB/s   5m40s[K[A[1Gpulling manifest [K
pulling 667b0c1932bc:  49% 笆補毎笆遺毎笆遺毎笆遺毎笆・         笆・2.4 GB/4.9 GB  7.4 MB/s   5m40s[K[A[1Gpulling manifest [K
pulling 667b0c1932bc:  49% 笆補毎笆遺毎笆遺毎笆遺毎笆・         笆・2.4 GB/4.9 GB  7.4 MB/s   5m40s[K[A[1Gpulling manifest [K
pulling 667b0c1932bc:  49% 笆補毎笆遺毎笆遺毎笆遺毎笆・         笆・2.4 GB/4.9 GB  7.4 MB/s   5m40s[K[A[1Gpulling manifest [K
pulling 667b0c1932bc:  49% 笆補毎笆遺毎笆遺毎笆遺毎笆・         笆・2.4 GB/4.9 GB  7.4 MB/s   5m40s[K[A[1Gpulling manifest [K
pulling 667b0c1932bc:  49% 笆補毎笆遺毎笆遺毎笆遺毎笆・         笆・2.4 GB/4.9 GB  7.4 MB/s   5m40s[K[A[1Gpulling manifest [K
pulling 667b0c1932bc:  49% 笆補毎笆遺毎笆遺毎笆遺毎笆・         笆・2.4 GB/4.9 GB  7.4 MB/s   5m40s[K[A[1Gpulling manifest [K
pulling 667b0c1932bc:  49% 笆補毎笆遺毎笆遺毎笆遺毎笆・         笆・2.4 GB/4.9 GB  7.5 MB/s   5m33s[K[A[1Gpulling manifest [K
pulling 667b0c1932bc:  49% 笆補毎笆遺毎笆遺毎笆遺毎笆・         笆・2.4 GB/4.9 GB  7.5 MB/s   5m33s[K[A[1Gpulling manifest [K
pulling 667b0c1932bc:  49% 笆補毎笆遺毎笆遺毎笆遺毎笆・         笆・2.4 GB/4.9 GB  7.5 MB/s   5m33s[K[A[1Gpulling manifest [K
pulling 667b0c1932bc:  49% 笆補毎笆遺毎笆遺毎笆遺毎笆・         笆・2.4 GB/4.9 GB  7.5 MB/s   5m33s[K[A[1Gpulling manifest [K
pulling 667b0c1932bc:  49% 笆補毎笆遺毎笆遺毎笆遺毎笆・         笆・2.4 GB/4.9 GB  7.5 MB/s   5m33s[K[A[1Gpulling manifest [K
pulling 667b0c1932bc:  49% 笆補毎笆遺毎笆遺毎笆遺毎笆・         笆・2.4 GB/4.9 GB  7.5 MB/s   5m33s[K[A[1Gpulling manifest [K
pulling 667b0c1932bc:  49% 笆補毎笆遺毎笆遺毎笆遺毎笆・         笆・2.4 GB/4.9 GB  7.5 MB/s   5m32s[K[A[1Gpulling manifest [K
pulling 667b0c1932bc:  49% 笆補毎笆遺毎笆遺毎笆遺毎笆・         笆・2.4 GB/4.9 GB  7.5 MB/s   5m32s[K[A[1Gpulling manifest [K
pulling 667b0c1932bc:  49% 笆補毎笆遺毎笆遺毎笆遺毎笆・         笆・2.4 GB/4.9 GB  7.5 MB/s   5m32s[K[A[1Gpulling manifest [K
pulling 667b0c1932bc:  49% 笆補毎笆遺毎笆遺毎笆遺毎笆・         笆・2.4 GB/4.9 GB  7.5 MB/s   5m32s[K[A[1Gpulling manifest [K
pulling 667b0c1932bc:  49% 笆補毎笆遺毎笆遺毎笆遺毎笆・         笆・2.4 GB/4.9 GB  7.3 MB/s   5m41s[K[A[1Gpulling manifest [K
pulling 667b0c1932bc:  49% 笆補毎笆遺毎笆遺毎笆遺毎笆・         笆・2.4 GB/4.9 GB  7.3 MB/s   5m40s[K[A[1Gpulling manifest [K
pulling 667b0c1932bc:  49% 笆補毎笆遺毎笆遺毎笆遺毎笆・         笆・2.4 GB/4.9 GB  7.3 MB/s   5m40s[K[A[1Gpulling manifest [K
pulling 667b0c1932bc:  49% 笆補毎笆遺毎笆遺毎笆遺毎笆・         笆・2.4 GB/4.9 GB  7.3 MB/s   5m40s[K[A[1Gpulling manifest [K
pulling 667b0c1932bc:  49% 笆補毎笆遺毎笆遺毎笆遺毎笆・         笆・2.4 GB/4.9 GB  7.3 MB/s   5m40s[K[A[1Gpulling manifest [K
pulling 667b0c1932bc:  49% 笆補毎笆遺毎笆遺毎笆遺毎笆・         笆・2.4 GB/4.9 GB  7.3 MB/s   5m40s[K[A[1Gpulling manifest [K
pulling 667b0c1932bc:  49% 笆補毎笆遺毎笆遺毎笆遺毎笆・         笆・2.4 GB/4.9 GB  7.3 MB/s   5m40s[K[A[1Gpulling manifest [K
pulling 667b0c1932bc:  49% 笆補毎笆遺毎笆遺毎笆遺毎笆・         笆・2.4 GB/4.9 GB  7.3 MB/s   5m40s[K[A[1Gpulling manifest [K
pulling 667b0c1932bc:  49% 笆補毎笆遺毎笆遺毎笆遺毎笆・         笆・2.4 GB/4.9 GB  7.3 MB/s   5m40s[K[A[1Gpulling manifest [K
pulling 667b0c1932bc:  49% 笆補毎笆遺毎笆遺毎笆遺毎笆・         笆・2.4 GB/4.9 GB  7.3 MB/s   5m40s[K[A[1Gpulling manifest [K
pulling 667b0c1932bc:  49% 笆補毎笆遺毎笆遺毎笆遺毎笆・         笆・2.4 GB/4.9 GB  7.2 MB/s   5m45s[K[A[1Gpulling manifest [K
pulling 667b0c1932bc:  49% 笆補毎笆遺毎笆遺毎笆遺毎笆・         笆・2.4 GB/4.9 GB  7.2 MB/s   5m45s[K[A[1Gpulling manifest [K
pulling 667b0c1932bc:  49% 笆補毎笆遺毎笆遺毎笆遺毎笆・         笆・2.4 GB/4.9 GB  7.2 MB/s   5m45s[K[A[1Gpulling manifest [K
pulling 667b0c1932bc:  49% 笆補毎笆遺毎笆遺毎笆遺毎笆・         笆・2.4 GB/4.9 GB  7.2 MB/s   5m45s[K[A[1Gpulling manifest [K
pulling 667b0c1932bc:  49% 笆補毎笆遺毎笆遺毎笆遺毎笆・         笆・2.4 GB/4.9 GB  7.2 MB/s   5m44s[K[A[1Gpulling manifest [K
pulling 667b0c1932bc:  49% 笆補毎笆遺毎笆遺毎笆遺毎笆・         笆・2.4 GB/4.9 GB  7.2 MB/s   5m44s[K[A[1Gpulling manifest [K
pulling 667b0c1932bc:  49% 笆補毎笆遺毎笆遺毎笆遺毎笆・         笆・2.4 GB/4.9 GB  7.2 MB/s   5m44s[K[A[1Gpulling manifest [K
pulling 667b0c1932bc:  49% 笆補毎笆遺毎笆遺毎笆遺毎笆・         笆・2.4 GB/4.9 GB  7.2 MB/s   5m44s[K[A[1Gpulling manifest [K
pulling 667b0c1932bc:  49% 笆補毎笆遺毎笆遺毎笆遺毎笆・         笆・2.4 GB/4.9 GB  7.2 MB/s   5m44s[K[A[1Gpulling manifest [K
pulling 667b0c1932bc:  49% 笆補毎笆遺毎笆遺毎笆遺毎笆・         笆・2.4 GB/4.9 GB  7.2 MB/s   5m44s[K[A[1Gpulling manifest [K
pulling 667b0c1932bc:  50% 笆補毎笆遺毎笆遺毎笆遺毎笆・         笆・2.4 GB/4.9 GB  7.1 MB/s   5m48s[K[A[1Gpulling manifest [K
pulling 667b0c1932bc:  50% 笆補毎笆遺毎笆遺毎笆遺毎笆・         笆・2.4 GB/4.9 GB  7.1 MB/s   5m48s[K[A[1Gpulling manifest [K
pulling 667b0c1932bc:  50% 笆補毎笆遺毎笆遺毎笆遺毎笆・         笆・2.4 GB/4.9 GB  7.1 MB/s   5m48s[K[A[1Gpulling manifest [K
pulling 667b0c1932bc:  50% 笆補毎笆遺毎笆遺毎笆遺毎笆・         笆・2.4 GB/4.9 GB  7.1 MB/s   5m48s[K[A[1Gpulling manifest [K
pulling 667b0c1932bc:  50% 笆補毎笆遺毎笆遺毎笆遺毎笆・         笆・2.4 GB/4.9 GB  7.1 MB/s   5m48s[K[A[1Gpulling manifest [K
pulling 667b0c1932bc:  50% 笆補毎笆遺毎笆遺毎笆遺毎笆・         笆・2.4 GB/4.9 GB  7.1 MB/s   5m48s[K[A[1Gpulling manifest [K
pulling 667b0c1932bc:  50% 笆補毎笆遺毎笆遺毎笆遺毎笆・         笆・2.4 GB/4.9 GB  7.1 MB/s   5m48s[K[A[1Gpulling manifest [K
pulling 667b0c1932bc:  50% 笆補毎笆遺毎笆遺毎笆遺毎笆・         笆・2.4 GB/4.9 GB  7.1 MB/s   5m48s[K[A[1Gpulling manifest [K
pulling 667b0c1932bc:  50% 笆補毎笆遺毎笆遺毎笆遺毎笆・         笆・2.4 GB/4.9 GB  7.1 MB/s   5m48s[K[A[1Gpulling manifest [K
pulling 667b0c1932bc:  50% 笆補毎笆遺毎笆遺毎笆遺毎笆・         笆・2.4 GB/4.9 GB  7.1 MB/s   5m48s[K[A[1Gpulling manifest [K
pulling 667b0c1932bc:  50% 笆補毎笆遺毎笆遺毎笆遺毎笆・         笆・2.4 GB/4.9 GB  7.1 MB/s   5m48s[K[A[1Gpulling manifest [K
pulling 667b0c1932bc:  50% 笆補毎笆遺毎笆遺毎笆遺毎笆・         笆・2.4 GB/4.9 GB  7.1 MB/s   5m50s[K[A[1Gpulling manifest [K
pulling 667b0c1932bc:  50% 笆補毎笆遺毎笆遺毎笆遺毎笆・         笆・2.4 GB/4.9 GB  7.1 MB/s   5m50s[K[A[1Gpulling manifest [K
pulling 667b0c1932bc:  50% 笆補毎笆遺毎笆遺毎笆遺毎笆・         笆・2.4 GB/4.9 GB  7.1 MB/s   5m50s[K[A[1Gpulling manifest [K
pulling 667b0c1932bc:  50% 笆補毎笆遺毎笆遺毎笆遺毎笆・         笆・2.4 GB/4.9 GB  7.1 MB/s   5m50s[K[A[1Gpulling manifest [K
pulling 667b0c1932bc:  50% 笆補毎笆遺毎笆遺毎笆遺毎笆・         笆・2.4 GB/4.9 GB  7.1 MB/s   5m49s[K[A[1Gpulling manifest [K
pulling 667b0c1932bc:  50% 笆補毎笆遺毎笆遺毎笆遺毎笆・         笆・2.4 GB/4.9 GB  7.1 MB/s   5m49s[K[A[1Gpulling manifest [K
pulling 667b0c1932bc:  50% 笆補毎笆遺毎笆遺毎笆遺毎笆・         笆・2.4 GB/4.9 GB  7.1 MB/s   5m49s[K[A[1Gpulling manifest [K
pulling 667b0c1932bc:  50% 笆補毎笆遺毎笆遺毎笆遺毎笆・         笆・2.4 GB/4.9 GB  7.1 MB/s   5m49s[K[A[1Gpulling manifest [K
pulling 667b0c1932bc:  50% 笆補毎笆遺毎笆遺毎笆遺毎笆・         笆・2.4 GB/4.9 GB  7.1 MB/s   5m49s[K[A[1Gpulling manifest [K
pulling 667b0c1932bc:  50% 笆補毎笆遺毎笆遺毎笆遺毎笆・         笆・2.5 GB/4.9 GB  7.1 MB/s   5m49s[K[A[1Gpulling manifest [K
pulling 667b0c1932bc:  50% 笆補毎笆遺毎笆遺毎笆遺毎笆・         笆・2.5 GB/4.9 GB  7.2 MB/s   5m43s[K[A[1Gpulling manifest [K
pulling 667b0c1932bc:  50% 笆補毎笆遺毎笆遺毎笆遺毎笆・         笆・2.5 GB/4.9 GB  7.2 MB/s   5m43s[K[A[1Gpulling manifest [K
pulling 667b0c1932bc:  50% 笆補毎笆遺毎笆遺毎笆遺毎笆・         笆・2.5 GB/4.9 GB  7.2 MB/s   5m43s[K[A[1Gpulling manifest [K
pulling 667b0c1932bc:  50% 笆補毎笆遺毎笆遺毎笆遺毎笆・         笆・2.5 GB/4.9 GB  7.2 MB/s   5m43s[K[A[1Gpulling manifest [K
pulling 667b0c1932bc:  50% 笆補毎笆遺毎笆遺毎笆遺毎笆・         笆・2.5 GB/4.9 GB  7.2 MB/s   5m42s[K[A[1Gpulling manifest [K
pulling 667b0c1932bc:  50% 笆補毎笆遺毎笆遺毎笆遺毎笆・         笆・2.5 GB/4.9 GB  7.2 MB/s   5m42s[K[A[1Gpulling manifest [K
pulling 667b0c1932bc:  50% 笆補毎笆遺毎笆遺毎笆遺毎笆・         笆・2.5 GB/4.9 GB  7.2 MB/s   5m42s[K[A[1Gpulling manifest [K
pulling 667b0c1932bc:  50% 笆補毎笆遺毎笆遺毎笆遺毎笆・         笆・2.5 GB/4.9 GB  7.2 MB/s   5m42s[K[A[1Gpulling manifest [K
pulling 667b0c1932bc:  50% 笆補毎笆遺毎笆遺毎笆遺毎笆・         笆・2.5 GB/4.9 GB  7.2 MB/s   5m42s[K[A[1Gpulling manifest [K
pulling 667b0c1932bc:  50% 笆補毎笆遺毎笆遺毎笆遺毎笆・         笆・2.5 GB/4.9 GB  7.2 MB/s   5m42s[K[A[1Gpulling manifest [K
pulling 667b0c1932bc:  50% 笆補毎笆遺毎笆遺毎笆遺毎笆・         笆・2.5 GB/4.9 GB  7.1 MB/s   5m49s[K[A[1Gpulling manifest [K
pulling 667b0c1932bc:  50% 笆補毎笆遺毎笆遺毎笆遺毎笆・         笆・2.5 GB/4.9 GB  7.1 MB/s   5m49s[K[A[1Gpulling manifest [K
pulling 667b0c1932bc:  50% 笆補毎笆遺毎笆遺毎笆遺毎笆・         笆・2.5 GB/4.9 GB  7.1 MB/s   5m48s[K[A[1Gpulling manifest [K
pulling 667b0c1932bc:  50% 笆補毎笆遺毎笆遺毎笆遺毎笆・         笆・2.5 GB/4.9 GB  7.1 MB/s   5m48s[K[A[1Gpulling manifest [K
pulling 667b0c1932bc:  50% 笆補毎笆遺毎笆遺毎笆遺毎笆・         笆・2.5 GB/4.9 GB  7.1 MB/s   5m48s[K[A[1Gpulling manifest [K
pulling 667b0c1932bc:  50% 笆補毎笆遺毎笆遺毎笆遺毎笆遺毎         笆・2.5 GB/4.9 GB  7.1 MB/s   5m48s[K[A[1Gpulling manifest [K
pulling 667b0c1932bc:  50% 笆補毎笆遺毎笆遺毎笆遺毎笆遺毎         笆・2.5 GB/4.9 GB  7.1 MB/s   5m48s[K[A[1Gpulling manifest [K
pulling 667b0c1932bc:  50% 笆補毎笆遺毎笆遺毎笆遺毎笆遺毎         笆・2.5 GB/4.9 GB  7.1 MB/s   5m48s[K[A[1Gpulling manifest [K
pulling 667b0c1932bc:  50% 笆補毎笆遺毎笆遺毎笆遺毎笆遺毎         笆・2.5 GB/4.9 GB  7.1 MB/s   5m48s[K[A[1Gpulling manifest [K
pulling 667b0c1932bc:  50% 笆補毎笆遺毎笆遺毎笆遺毎笆遺毎         笆・2.5 GB/4.9 GB  7.1 MB/s   5m48s[K[A[1Gpulling manifest [K
pulling 667b0c1932bc:  50% 笆補毎笆遺毎笆遺毎笆遺毎笆遺毎         笆・2.5 GB/4.9 GB  7.1 MB/s   5m43s[K[A[1Gpulling manifest [K
pulling 667b0c1932bc:  50% 笆補毎笆遺毎笆遺毎笆遺毎笆遺毎         笆・2.5 GB/4.9 GB  7.1 MB/s   5m43s[K[A[1Gpulling manifest [K
pulling 667b0c1932bc:  50% 笆補毎笆遺毎笆遺毎笆遺毎笆遺毎         笆・2.5 GB/4.9 GB  7.1 MB/s   5m43s[K[A[1Gpulling manifest [K
pulling 667b0c1932bc:  50% 笆補毎笆遺毎笆遺毎笆遺毎笆遺毎         笆・2.5 GB/4.9 GB  7.1 MB/s   5m43s[K[A[1Gpulling manifest [K
pulling 667b0c1932bc:  50% 笆補毎笆遺毎笆遺毎笆遺毎笆遺毎         笆・2.5 GB/4.9 GB  7.1 MB/s   5m43s[K[A[1Gpulling manifest [K
pulling 667b0c1932bc:  50% 笆補毎笆遺毎笆遺毎笆遺毎笆遺毎         笆・2.5 GB/4.9 GB  7.1 MB/s   5m43s[K[A[1Gpulling manifest [K
pulling 667b0c1932bc:  50% 笆補毎笆遺毎笆遺毎笆遺毎笆遺毎         笆・2.5 GB/4.9 GB  7.1 MB/s   5m43s[K[A[1Gpulling manifest [K
pulling 667b0c1932bc:  50% 笆補毎笆遺毎笆遺毎笆遺毎笆遺毎         笆・2.5 GB/4.9 GB  7.1 MB/s   5m42s[K[A[1Gpulling manifest [K
pulling 667b0c1932bc:  50% 笆補毎笆遺毎笆遺毎笆遺毎笆遺毎         笆・2.5 GB/4.9 GB  7.1 MB/s   5m42s[K[A[1Gpulling manifest [K
pulling 667b0c1932bc:  50% 笆補毎笆遺毎笆遺毎笆遺毎笆遺毎         笆・2.5 GB/4.9 GB  7.1 MB/s   5m42s[K[A[1Gpulling manifest [K
pulling 667b0c1932bc:  50% 笆補毎笆遺毎笆遺毎笆遺毎笆遺毎         笆・2.5 GB/4.9 GB  7.2 MB/s   5m42s[K[A[1Gpulling manifest [K
pulling 667b0c1932bc:  50% 笆補毎笆遺毎笆遺毎笆遺毎笆遺毎         笆・2.5 GB/4.9 GB  7.2 MB/s   5m42s[K[A[1Gpulling manifest [K
pulling 667b0c1932bc:  50% 笆補毎笆遺毎笆遺毎笆遺毎笆遺毎         笆・2.5 GB/4.9 GB  7.2 MB/s   5m42s[K[A[1Gpulling manifest [K
pulling 667b0c1932bc:  50% 笆補毎笆遺毎笆遺毎笆遺毎笆遺毎         笆・2.5 GB/4.9 GB  7.2 MB/s   5m42s[K[A[1Gpulling manifest [K
pulling 667b0c1932bc:  50% 笆補毎笆遺毎笆遺毎笆遺毎笆遺毎         笆・2.5 GB/4.9 GB  7.2 MB/s   5m41s[K[A[1Gpulling manifest [K
pulling 667b0c1932bc:  50% 笆補毎笆遺毎笆遺毎笆遺毎笆遺毎         笆・2.5 GB/4.9 GB  7.2 MB/s   5m41s[K[A[1Gpulling manifest [K
pulling 667b0c1932bc:  50% 笆補毎笆遺毎笆遺毎笆遺毎笆遺毎         笆・2.5 GB/4.9 GB  7.2 MB/s   5m41s[K[A[1Gpulling manifest [K
pulling 667b0c1932bc:  50% 笆補毎笆遺毎笆遺毎笆遺毎笆遺毎         笆・2.5 GB/4.9 GB  7.2 MB/s   5m41s[K[A[1Gpulling manifest [K
pulling 667b0c1932bc:  50% 笆補毎笆遺毎笆遺毎笆遺毎笆遺毎         笆・2.5 GB/4.9 GB  7.2 MB/s   5m41s[K[A[1Gpulling manifest [K
pulling 667b0c1932bc:  50% 笆補毎笆遺毎笆遺毎笆遺毎笆遺毎         笆・2.5 GB/4.9 GB  7.2 MB/s   5m41s[K[A[1Gpulling manifest [K
pulling 667b0c1932bc:  50% 笆補毎笆遺毎笆遺毎笆遺毎笆遺毎         笆・2.5 GB/4.9 GB  7.2 MB/s   5m41s[K[A[1Gpulling manifest [K
pulling 667b0c1932bc:  50% 笆補毎笆遺毎笆遺毎笆遺毎笆遺毎         笆・2.5 GB/4.9 GB  7.0 MB/s   5m48s[K[A[1Gpulling manifest [K
pulling 667b0c1932bc:  50% 笆補毎笆遺毎笆遺毎笆遺毎笆遺毎         笆・2.5 GB/4.9 GB  7.0 MB/s   5m48s[K[A[1Gpulling manifest [K
pulling 667b0c1932bc:  50% 笆補毎笆遺毎笆遺毎笆遺毎笆遺毎         笆・2.5 GB/4.9 GB  7.0 MB/s   5m48s[K[A[1Gpulling manifest [K
pulling 667b0c1932bc:  50% 笆補毎笆遺毎笆遺毎笆遺毎笆遺毎         笆・2.5 GB/4.9 GB  7.0 MB/s   5m48s[K[A[1Gpulling manifest [K
pulling 667b0c1932bc:  50% 笆補毎笆遺毎笆遺毎笆遺毎笆遺毎         笆・2.5 GB/4.9 GB  7.0 MB/s   5m48s[K[A[1Gpulling manifest [K
pulling 667b0c1932bc:  50% 笆補毎笆遺毎笆遺毎笆遺毎笆遺毎         笆・2.5 GB/4.9 GB  7.0 MB/s   5m48s[K[A[1Gpulling manifest [K
pulling 667b0c1932bc:  50% 笆補毎笆遺毎笆遺毎笆遺毎笆遺毎         笆・2.5 GB/4.9 GB  7.0 MB/s   5m48s[K[A[1Gpulling manifest [K
pulling 667b0c1932bc:  50% 笆補毎笆遺毎笆遺毎笆遺毎笆遺毎         笆・2.5 GB/4.9 GB  7.0 MB/s   5m48s[K[A[1Gpulling manifest [K
pulling 667b0c1932bc:  50% 笆補毎笆遺毎笆遺毎笆遺毎笆遺毎         笆・2.5 GB/4.9 GB  7.0 MB/s   5m47s[K[A[1Gpulling manifest [K
pulling 667b0c1932bc:  50% 笆補毎笆遺毎笆遺毎笆遺毎笆遺毎         笆・2.5 GB/4.9 GB  7.0 MB/s   5m47s[K[A[1Gpulling manifest [K
pulling 667b0c1932bc:  50% 笆補毎笆遺毎笆遺毎笆遺毎笆遺毎         笆・2.5 GB/4.9 GB  6.9 MB/s   5m53s[K[A[1Gpulling manifest [K
pulling 667b0c1932bc:  50% 笆補毎笆遺毎笆遺毎笆遺毎笆遺毎         笆・2.5 GB/4.9 GB  6.9 MB/s   5m53s[K[A[1Gpulling manifest [K
pulling 667b0c1932bc:  51% 笆補毎笆遺毎笆遺毎笆遺毎笆遺毎         笆・2.5 GB/4.9 GB  6.9 MB/s   5m53s[K[A[1Gpulling manifest [K
pulling 667b0c1932bc:  51% 笆補毎笆遺毎笆遺毎笆遺毎笆遺毎         笆・2.5 GB/4.9 GB  6.9 MB/s   5m53s[K[A[1Gpulling manifest [K
pulling 667b0c1932bc:  51% 笆補毎笆遺毎笆遺毎笆遺毎笆遺毎         笆・2.5 GB/4.9 GB  6.9 MB/s   5m53s[K[A[1Gpulling manifest [K
pulling 667b0c1932bc:  51% 笆補毎笆遺毎笆遺毎笆遺毎笆遺毎         笆・2.5 GB/4.9 GB  6.9 MB/s   5m53s[K[A[1Gpulling manifest [K
pulling 667b0c1932bc:  51% 笆補毎笆遺毎笆遺毎笆遺毎笆遺毎         笆・2.5 GB/4.9 GB  6.9 MB/s   5m53s[K[A[1Gpulling manifest [K
pulling 667b0c1932bc:  51% 笆補毎笆遺毎笆遺毎笆遺毎笆遺毎         笆・2.5 GB/4.9 GB  6.9 MB/s   5m53s[K[A[1Gpulling manifest [K
pulling 667b0c1932bc:  51% 笆補毎笆遺毎笆遺毎笆遺毎笆遺毎         笆・2.5 GB/4.9 GB  6.9 MB/s   5m52s[K[A[1Gpulling manifest [K
pulling 667b0c1932bc:  51% 笆補毎笆遺毎笆遺毎笆遺毎笆遺毎         笆・2.5 GB/4.9 GB  6.9 MB/s   5m52s[K[A[1Gpulling manifest [K
pulling 667b0c1932bc:  51% 笆補毎笆遺毎笆遺毎笆遺毎笆遺毎         笆・2.5 GB/4.9 GB  6.9 MB/s   5m52s[K[A[1Gpulling manifest [K
pulling 667b0c1932bc:  51% 笆補毎笆遺毎笆遺毎笆遺毎笆遺毎         笆・2.5 GB/4.9 GB  6.9 MB/s   5m51s[K[A[1Gpulling manifest [K
pulling 667b0c1932bc:  51% 笆補毎笆遺毎笆遺毎笆遺毎笆遺毎         笆・2.5 GB/4.9 GB  6.9 MB/s   5m51s[K[A[1Gpulling manifest [K
pulling 667b0c1932bc:  51% 笆補毎笆遺毎笆遺毎笆遺毎笆遺毎         笆・2.5 GB/4.9 GB  6.9 MB/s   5m51s[K[A[1Gpulling manifest [K
pulling 667b0c1932bc:  51% 笆補毎笆遺毎笆遺毎笆遺毎笆遺毎         笆・2.5 GB/4.9 GB  6.9 MB/s   5m51s[K[A[1Gpulling manifest [K
pulling 667b0c1932bc:  51% 笆補毎笆遺毎笆遺毎笆遺毎笆遺毎         笆・2.5 GB/4.9 GB  6.9 MB/s   5m51s[K[A[1Gpulling manifest [K
pulling 667b0c1932bc:  51% 笆補毎笆遺毎笆遺毎笆遺毎笆遺毎         笆・2.5 GB/4.9 GB  6.9 MB/s   5m51s[K[A[1Gpulling manifest [K
pulling 667b0c1932bc:  51% 笆補毎笆遺毎笆遺毎笆遺毎笆遺毎         笆・2.5 GB/4.9 GB  6.9 MB/s   5m51s[K[A[1Gpulling manifest [K
pulling 667b0c1932bc:  51% 笆補毎笆遺毎笆遺毎笆遺毎笆遺毎         笆・2.5 GB/4.9 GB  6.9 MB/s   5m51s[K[A[1Gpulling manifest [K
pulling 667b0c1932bc:  51% 笆補毎笆遺毎笆遺毎笆遺毎笆遺毎         笆・2.5 GB/4.9 GB  6.9 MB/s   5m50s[K[A[1Gpulling manifest [K
pulling 667b0c1932bc:  51% 笆補毎笆遺毎笆遺毎笆遺毎笆遺毎         笆・2.5 GB/4.9 GB  7.0 MB/s   5m46s[K[A[1Gpulling manifest [K
pulling 667b0c1932bc:  51% 笆補毎笆遺毎笆遺毎笆遺毎笆遺毎         笆・2.5 GB/4.9 GB  7.0 MB/s   5m46s[K[A[1Gpulling manifest [K
pulling 667b0c1932bc:  51% 笆補毎笆遺毎笆遺毎笆遺毎笆遺毎         笆・2.5 GB/4.9 GB  7.0 MB/s   5m46s[K[A[1Gpulling manifest [K
pulling 667b0c1932bc:  51% 笆補毎笆遺毎笆遺毎笆遺毎笆遺毎         笆・2.5 GB/4.9 GB  7.0 MB/s   5m45s[K[A[1Gpulling manifest [K
pulling 667b0c1932bc:  51% 笆補毎笆遺毎笆遺毎笆遺毎笆遺毎         笆・2.5 GB/4.9 GB  7.0 MB/s   5m45s[K[A[1Gpulling manifest [K
pulling 667b0c1932bc:  51% 笆補毎笆遺毎笆遺毎笆遺毎笆遺毎         笆・2.5 GB/4.9 GB  7.0 MB/s   5m45s[K[A[1Gpulling manifest [K
pulling 667b0c1932bc:  51% 笆補毎笆遺毎笆遺毎笆遺毎笆遺毎         笆・2.5 GB/4.9 GB  7.0 MB/s   5m45s[K[A[1Gpulling manifest [K
pulling 667b0c1932bc:  51% 笆補毎笆遺毎笆遺毎笆遺毎笆遺毎         笆・2.5 GB/4.9 GB  7.0 MB/s   5m45s[K[A[1Gpulling manifest [K
pulling 667b0c1932bc:  51% 笆補毎笆遺毎笆遺毎笆遺毎笆遺毎         笆・2.5 GB/4.9 GB  7.0 MB/s   5m45s[K[A[1Gpulling manifest [K
pulling 667b0c1932bc:  51% 笆補毎笆遺毎笆遺毎笆遺毎笆遺毎         笆・2.5 GB/4.9 GB  7.0 MB/s   5m45s[K[A[1Gpulling manifest [K
pulling 667b0c1932bc:  51% 笆補毎笆遺毎笆遺毎笆遺毎笆遺毎         笆・2.5 GB/4.9 GB  7.1 MB/s   5m38s[K[A[1Gpulling manifest [K
pulling 667b0c1932bc:  51% 笆補毎笆遺毎笆遺毎笆遺毎笆遺毎         笆・2.5 GB/4.9 GB  7.1 MB/s   5m38s[K[A[1Gpulling manifest [K
pulling 667b0c1932bc:  51% 笆補毎笆遺毎笆遺毎笆遺毎笆遺毎         笆・2.5 GB/4.9 GB  7.1 MB/s   5m38s[K[A[1Gpulling manifest [K
pulling 667b0c1932bc:  51% 笆補毎笆遺毎笆遺毎笆遺毎笆遺毎         笆・2.5 GB/4.9 GB  7.1 MB/s   5m38s[K[A[1Gpulling manifest [K
pulling 667b0c1932bc:  51% 笆補毎笆遺毎笆遺毎笆遺毎笆遺毎         笆・2.5 GB/4.9 GB  7.1 MB/s   5m38s[K[A[1Gpulling manifest [K
pulling 667b0c1932bc:  51% 笆補毎笆遺毎笆遺毎笆遺毎笆遺毎         笆・2.5 GB/4.9 GB  7.1 MB/s   5m38s[K[A[1Gpulling manifest [K
pulling 667b0c1932bc:  51% 笆補毎笆遺毎笆遺毎笆遺毎笆遺毎         笆・2.5 GB/4.9 GB  7.1 MB/s   5m38s[K[A[1Gpulling manifest [K
pulling 667b0c1932bc:  51% 笆補毎笆遺毎笆遺毎笆遺毎笆遺毎         笆・2.5 GB/4.9 GB  7.1 MB/s   5m38s[K[A[1Gpulling manifest [K
pulling 667b0c1932bc:  51% 笆補毎笆遺毎笆遺毎笆遺毎笆遺毎         笆・2.5 GB/4.9 GB  7.1 MB/s   5m38s[K[A[1Gpulling manifest [K
pulling 667b0c1932bc:  51% 笆補毎笆遺毎笆遺毎笆遺毎笆遺毎         笆・2.5 GB/4.9 GB  7.1 MB/s   5m38s[K[A[1Gpulling manifest [K
pulling 667b0c1932bc:  51% 笆補毎笆遺毎笆遺毎笆遺毎笆遺毎         笆・2.5 GB/4.9 GB  7.1 MB/s   5m38s[K[A[1Gpulling manifest [K
pulling 667b0c1932bc:  51% 笆補毎笆遺毎笆遺毎笆遺毎笆遺毎         笆・2.5 GB/4.9 GB  6.9 MB/s   5m50s[K[A[1Gpulling manifest [K
pulling 667b0c1932bc:  51% 笆補毎笆遺毎笆遺毎笆遺毎笆遺毎         笆・2.5 GB/4.9 GB  6.9 MB/s   5m50s[K[A[1Gpulling manifest [K
pulling 667b0c1932bc:  51% 笆補毎笆遺毎笆遺毎笆遺毎笆遺毎         笆・2.5 GB/4.9 GB  6.9 MB/s   5m50s[K[A[1Gpulling manifest [K
pulling 667b0c1932bc:  51% 笆補毎笆遺毎笆遺毎笆遺毎笆遺毎         笆・2.5 GB/4.9 GB  6.9 MB/s   5m50s[K[A[1Gpulling manifest [K
pulling 667b0c1932bc:  51% 笆補毎笆遺毎笆遺毎笆遺毎笆遺毎         笆・2.5 GB/4.9 GB  6.9 MB/s   5m49s[K[A[1Gpulling manifest [K
pulling 667b0c1932bc:  51% 笆補毎笆遺毎笆遺毎笆遺毎笆遺毎         笆・2.5 GB/4.9 GB  6.9 MB/s   5m49s[K[A[1Gpulling manifest [K
pulling 667b0c1932bc:  51% 笆補毎笆遺毎笆遺毎笆遺毎笆遺毎         笆・2.5 GB/4.9 GB  6.9 MB/s   5m49s[K[A[1Gpulling manifest [K
pulling 667b0c1932bc:  51% 笆補毎笆遺毎笆遺毎笆遺毎笆遺毎         笆・2.5 GB/4.9 GB  6.9 MB/s   5m49s[K[A[1Gpulling manifest [K
pulling 667b0c1932bc:  51% 笆補毎笆遺毎笆遺毎笆遺毎笆遺毎         笆・2.5 GB/4.9 GB  6.9 MB/s   5m49s[K[A[1Gpulling manifest [K
pulling 667b0c1932bc:  51% 笆補毎笆遺毎笆遺毎笆遺毎笆遺毎         笆・2.5 GB/4.9 GB  6.9 MB/s   5m49s[K[A[1Gpulling manifest [K
pulling 667b0c1932bc:  51% 笆補毎笆遺毎笆遺毎笆遺毎笆遺毎         笆・2.5 GB/4.9 GB  6.9 MB/s   5m45s[K[A[1Gpulling manifest [K
pulling 667b0c1932bc:  51% 笆補毎笆遺毎笆遺毎笆遺毎笆遺毎         笆・2.5 GB/4.9 GB  6.9 MB/s   5m45s[K[A[1Gpulling manifest [K
pulling 667b0c1932bc:  51% 笆補毎笆遺毎笆遺毎笆遺毎笆遺毎         笆・2.5 GB/4.9 GB  6.9 MB/s   5m45s[K[A[1Gpulling manifest [K
pulling 667b0c1932bc:  51% 笆補毎笆遺毎笆遺毎笆遺毎笆遺毎         笆・2.5 GB/4.9 GB  6.9 MB/s   5m45s[K[A[1Gpulling manifest [K
pulling 667b0c1932bc:  51% 笆補毎笆遺毎笆遺毎笆遺毎笆遺毎         笆・2.5 GB/4.9 GB  6.9 MB/s   5m45s[K[A[1Gpulling manifest [K
pulling 667b0c1932bc:  51% 笆補毎笆遺毎笆遺毎笆遺毎笆遺毎         笆・2.5 GB/4.9 GB  6.9 MB/s   5m45s[K[A[1Gpulling manifest [K
pulling 667b0c1932bc:  51% 笆補毎笆遺毎笆遺毎笆遺毎笆遺毎         笆・2.5 GB/4.9 GB  6.9 MB/s   5m45s[K[A[1Gpulling manifest [K
pulling 667b0c1932bc:  51% 笆補毎笆遺毎笆遺毎笆遺毎笆遺毎         笆・2.5 GB/4.9 GB  6.9 MB/s   5m45s[K[A[1Gpulling manifest [K
pulling 667b0c1932bc:  51% 笆補毎笆遺毎笆遺毎笆遺毎笆遺毎         笆・2.5 GB/4.9 GB  6.9 MB/s   5m44s[K[A[1Gpulling manifest [K
pulling 667b0c1932bc:  51% 笆補毎笆遺毎笆遺毎笆遺毎笆遺毎         笆・2.5 GB/4.9 GB  6.9 MB/s   5m44s[K[A[1Gpulling manifest [K
pulling 667b0c1932bc:  51% 笆補毎笆遺毎笆遺毎笆遺毎笆遺毎         笆・2.5 GB/4.9 GB  7.0 MB/s   5m39s[K[A[1Gpulling manifest [K
pulling 667b0c1932bc:  51% 笆補毎笆遺毎笆遺毎笆遺毎笆遺毎         笆・2.5 GB/4.9 GB  7.0 MB/s   5m39s[K[A[1Gpulling manifest [K
pulling 667b0c1932bc:  51% 笆補毎笆遺毎笆遺毎笆遺毎笆遺毎         笆・2.5 GB/4.9 GB  7.0 MB/s   5m39s[K[A[1Gpulling manifest [K
pulling 667b0c1932bc:  51% 笆補毎笆遺毎笆遺毎笆遺毎笆遺毎         笆・2.5 GB/4.9 GB  7.0 MB/s   5m39s[K[A[1Gpulling manifest [K
pulling 667b0c1932bc:  51% 笆補毎笆遺毎笆遺毎笆遺毎笆遺毎         笆・2.5 GB/4.9 GB  7.0 MB/s   5m39s[K[A[1Gpulling manifest [K
pulling 667b0c1932bc:  51% 笆補毎笆遺毎笆遺毎笆遺毎笆遺毎         笆・2.5 GB/4.9 GB  7.0 MB/s   5m39s[K[A[1Gpulling manifest [K
pulling 667b0c1932bc:  51% 笆補毎笆遺毎笆遺毎笆遺毎笆遺毎         笆・2.5 GB/4.9 GB  7.0 MB/s   5m39s[K[A[1Gpulling manifest [K
pulling 667b0c1932bc:  51% 笆補毎笆遺毎笆遺毎笆遺毎笆遺毎         笆・2.5 GB/4.9 GB  7.0 MB/s   5m39s[K[A[1Gpulling manifest [K
pulling 667b0c1932bc:  51% 笆補毎笆遺毎笆遺毎笆遺毎笆遺毎         笆・2.5 GB/4.9 GB  7.0 MB/s   5m39s[K[A[1Gpulling manifest [K
pulling 667b0c1932bc:  51% 笆補毎笆遺毎笆遺毎笆遺毎笆遺毎         笆・2.5 GB/4.9 GB  7.0 MB/s   5m39s[K[A[1Gpulling manifest [K
pulling 667b0c1932bc:  51% 笆補毎笆遺毎笆遺毎笆遺毎笆遺毎         笆・2.5 GB/4.9 GB  6.9 MB/s   5m43s[K[A[1Gpulling manifest [K
pulling 667b0c1932bc:  52% 笆補毎笆遺毎笆遺毎笆遺毎笆遺毎         笆・2.5 GB/4.9 GB  6.9 MB/s   5m43s[K[A[1Gpulling manifest [K
pulling 667b0c1932bc:  52% 笆補毎笆遺毎笆遺毎笆遺毎笆遺毎         笆・2.5 GB/4.9 GB  6.9 MB/s   5m43s[K[A[1Gpulling manifest [K
pulling 667b0c1932bc:  52% 笆補毎笆遺毎笆遺毎笆遺毎笆遺毎         笆・2.5 GB/4.9 GB  6.9 MB/s   5m43s[K[A[1Gpulling manifest [K
pulling 667b0c1932bc:  52% 笆補毎笆遺毎笆遺毎笆遺毎笆遺毎         笆・2.5 GB/4.9 GB  6.9 MB/s   5m43s[K[A[1Gpulling manifest [K
pulling 667b0c1932bc:  52% 笆補毎笆遺毎笆遺毎笆遺毎笆遺毎         笆・2.5 GB/4.9 GB  6.9 MB/s   5m43s[K[A[1Gpulling manifest [K
pulling 667b0c1932bc:  52% 笆補毎笆遺毎笆遺毎笆遺毎笆遺毎         笆・2.5 GB/4.9 GB  6.9 MB/s   5m42s[K[A[1Gpulling manifest [K
pulling 667b0c1932bc:  52% 笆補毎笆遺毎笆遺毎笆遺毎笆遺毎         笆・2.5 GB/4.9 GB  6.9 MB/s   5m42s[K[A[1Gpulling manifest [K
pulling 667b0c1932bc:  52% 笆補毎笆遺毎笆遺毎笆遺毎笆遺毎         笆・2.5 GB/4.9 GB  6.9 MB/s   5m42s[K[A[1Gpulling manifest [K
pulling 667b0c1932bc:  52% 笆補毎笆遺毎笆遺毎笆遺毎笆遺毎         笆・2.5 GB/4.9 GB  6.9 MB/s   5m42s[K[A[1Gpulling manifest [K
pulling 667b0c1932bc:  52% 笆補毎笆遺毎笆遺毎笆遺毎笆遺毎         笆・2.5 GB/4.9 GB  7.0 MB/s   5m38s[K[A[1Gpulling manifest [K
pulling 667b0c1932bc:  52% 笆補毎笆遺毎笆遺毎笆遺毎笆遺毎         笆・2.5 GB/4.9 GB  7.0 MB/s   5m38s[K[A[1Gpulling manifest [K
pulling 667b0c1932bc:  52% 笆補毎笆遺毎笆遺毎笆遺毎笆遺毎         笆・2.5 GB/4.9 GB  7.0 MB/s   5m38s[K[A[1Gpulling manifest [K
pulling 667b0c1932bc:  52% 笆補毎笆遺毎笆遺毎笆遺毎笆遺毎         笆・2.5 GB/4.9 GB  7.0 MB/s   5m38s[K[A[1Gpulling manifest [K
pulling 667b0c1932bc:  52% 笆補毎笆遺毎笆遺毎笆遺毎笆遺毎         笆・2.5 GB/4.9 GB  7.0 MB/s   5m38s[K[A[1Gpulling manifest [K
pulling 667b0c1932bc:  52% 笆補毎笆遺毎笆遺毎笆遺毎笆遺毎         笆・2.5 GB/4.9 GB  7.0 MB/s   5m38s[K[A[1Gpulling manifest [K
pulling 667b0c1932bc:  52% 笆補毎笆遺毎笆遺毎笆遺毎笆遺毎         笆・2.5 GB/4.9 GB  7.0 MB/s   5m38s[K[A[1Gpulling manifest [K
pulling 667b0c1932bc:  52% 笆補毎笆遺毎笆遺毎笆遺毎笆遺毎         笆・2.5 GB/4.9 GB  7.0 MB/s   5m38s[K[A[1Gpulling manifest [K
pulling 667b0c1932bc:  52% 笆補毎笆遺毎笆遺毎笆遺毎笆遺毎         笆・2.5 GB/4.9 GB  7.0 MB/s   5m37s[K[A[1Gpulling manifest [K
pulling 667b0c1932bc:  52% 笆補毎笆遺毎笆遺毎笆遺毎笆遺毎         笆・2.5 GB/4.9 GB  7.0 MB/s   5m37s[K[A[1Gpulling manifest [K
pulling 667b0c1932bc:  52% 笆補毎笆遺毎笆遺毎笆遺毎笆遺毎         笆・2.5 GB/4.9 GB  7.0 MB/s   5m37s[K[A[1Gpulling manifest [K
pulling 667b0c1932bc:  52% 笆補毎笆遺毎笆遺毎笆遺毎笆遺毎         笆・2.5 GB/4.9 GB  7.1 MB/s   5m33s[K[A[1Gpulling manifest [K
pulling 667b0c1932bc:  52% 笆補毎笆遺毎笆遺毎笆遺毎笆遺毎         笆・2.5 GB/4.9 GB  7.1 MB/s   5m33s[K[A[1Gpulling manifest [K
pulling 667b0c1932bc:  52% 笆補毎笆遺毎笆遺毎笆遺毎笆遺毎         笆・2.5 GB/4.9 GB  7.1 MB/s   5m33s[K[A[1Gpulling manifest [K
pulling 667b0c1932bc:  52% 笆補毎笆遺毎笆遺毎笆遺毎笆遺毎         笆・2.6 GB/4.9 GB  7.1 MB/s   5m33s[K[A[1Gpulling manifest [K
pulling 667b0c1932bc:  52% 笆補毎笆遺毎笆遺毎笆遺毎笆遺毎         笆・2.6 GB/4.9 GB  7.1 MB/s   5m33s[K[A[1Gpulling manifest [K
pulling 667b0c1932bc:  52% 笆補毎笆遺毎笆遺毎笆遺毎笆遺毎         笆・2.6 GB/4.9 GB  7.1 MB/s   5m33s[K[A[1Gpulling manifest [K
pulling 667b0c1932bc:  52% 笆補毎笆遺毎笆遺毎笆遺毎笆遺毎         笆・2.6 GB/4.9 GB  7.1 MB/s   5m33s[K[A[1Gpulling manifest [K
pulling 667b0c1932bc:  52% 笆補毎笆遺毎笆遺毎笆遺毎笆遺毎         笆・2.6 GB/4.9 GB  7.1 MB/s   5m33s[K[A[1Gpulling manifest [K
pulling 667b0c1932bc:  52% 笆補毎笆遺毎笆遺毎笆遺毎笆遺毎         笆・2.6 GB/4.9 GB  7.1 MB/s   5m32s[K[A[1Gpulling manifest [K
pulling 667b0c1932bc:  52% 笆補毎笆遺毎笆遺毎笆遺毎笆遺毎         笆・2.6 GB/4.9 GB  7.1 MB/s   5m32s[K[A[1Gpulling manifest [K
pulling 667b0c1932bc:  52% 笆補毎笆遺毎笆遺毎笆遺毎笆遺毎         笆・2.6 GB/4.9 GB  7.2 MB/s   5m27s[K[A[1Gpulling manifest [K
pulling 667b0c1932bc:  52% 笆補毎笆遺毎笆遺毎笆遺毎笆遺毎         笆・2.6 GB/4.9 GB  7.2 MB/s   5m27s[K[A[1Gpulling manifest [K
pulling 667b0c1932bc:  52% 笆補毎笆遺毎笆遺毎笆遺毎笆遺毎         笆・2.6 GB/4.9 GB  7.2 MB/s   5m26s[K[A[1Gpulling manifest [K
pulling 667b0c1932bc:  52% 笆補毎笆遺毎笆遺毎笆遺毎笆遺毎         笆・2.6 GB/4.9 GB  7.2 MB/s   5m26s[K[A[1Gpulling manifest [K
pulling 667b0c1932bc:  52% 笆補毎笆遺毎笆遺毎笆遺毎笆遺毎         笆・2.6 GB/4.9 GB  7.2 MB/s   5m26s[K[A[1Gpulling manifest [K
pulling 667b0c1932bc:  52% 笆補毎笆遺毎笆遺毎笆遺毎笆遺毎         笆・2.6 GB/4.9 GB  7.2 MB/s   5m26s[K[A[1Gpulling manifest [K
pulling 667b0c1932bc:  52% 笆補毎笆遺毎笆遺毎笆遺毎笆遺毎         笆・2.6 GB/4.9 GB  7.2 MB/s   5m26s[K[A[1Gpulling manifest [K
pulling 667b0c1932bc:  52% 笆補毎笆遺毎笆遺毎笆遺毎笆遺毎         笆・2.6 GB/4.9 GB  7.2 MB/s   5m26s[K[A[1Gpulling manifest [K
pulling 667b0c1932bc:  52% 笆補毎笆遺毎笆遺毎笆遺毎笆遺毎         笆・2.6 GB/4.9 GB  7.2 MB/s   5m26s[K[A[1Gpulling manifest [K
pulling 667b0c1932bc:  52% 笆補毎笆遺毎笆遺毎笆遺毎笆遺毎         笆・2.6 GB/4.9 GB  7.2 MB/s   5m26s[K[A[1Gpulling manifest [K
pulling 667b0c1932bc:  52% 笆補毎笆遺毎笆遺毎笆遺毎笆遺毎         笆・2.6 GB/4.9 GB  7.2 MB/s   5m25s[K[A[1Gpulling manifest [K
pulling 667b0c1932bc:  52% 笆補毎笆遺毎笆遺毎笆遺毎笆遺毎         笆・2.6 GB/4.9 GB  7.2 MB/s   5m25s[K[A[1Gpulling manifest [K
pulling 667b0c1932bc:  52% 笆補毎笆遺毎笆遺毎笆遺毎笆遺毎         笆・2.6 GB/4.9 GB  7.2 MB/s   5m25s[K[A[1Gpulling manifest [K
pulling 667b0c1932bc:  52% 笆補毎笆遺毎笆遺毎笆遺毎笆遺毎         笆・2.6 GB/4.9 GB  7.2 MB/s   5m25s[K[A[1Gpulling manifest [K
pulling 667b0c1932bc:  52% 笆補毎笆遺毎笆遺毎笆遺毎笆遺毎         笆・2.6 GB/4.9 GB  7.2 MB/s   5m25s[K[A[1Gpulling manifest [K
pulling 667b0c1932bc:  52% 笆補毎笆遺毎笆遺毎笆遺毎笆遺毎         笆・2.6 GB/4.9 GB  7.2 MB/s   5m25s[K[A[1Gpulling manifest [K
pulling 667b0c1932bc:  52% 笆補毎笆遺毎笆遺毎笆遺毎笆遺毎         笆・2.6 GB/4.9 GB  7.2 MB/s   5m25s[K[A[1Gpulling manifest [K
pulling 667b0c1932bc:  52% 笆補毎笆遺毎笆遺毎笆遺毎笆遺毎         笆・2.6 GB/4.9 GB  7.2 MB/s   5m25s[K[A[1Gpulling manifest [K
pulling 667b0c1932bc:  52% 笆補毎笆遺毎笆遺毎笆遺毎笆遺毎         笆・2.6 GB/4.9 GB  7.2 MB/s   5m25s[K[A[1Gpulling manifest [K
pulling 667b0c1932bc:  52% 笆補毎笆遺毎笆遺毎笆遺毎笆遺毎         笆・2.6 GB/4.9 GB  7.2 MB/s   5m25s[K[A[1Gpulling manifest [K
pulling 667b0c1932bc:  52% 笆補毎笆遺毎笆遺毎笆遺毎笆遺毎         笆・2.6 GB/4.9 GB  7.2 MB/s   5m26s[K[A[1Gpulling manifest [K
pulling 667b0c1932bc:  52% 笆補毎笆遺毎笆遺毎笆遺毎笆遺毎         笆・2.6 GB/4.9 GB  7.2 MB/s   5m26s[K[A[1Gpulling manifest [K
pulling 667b0c1932bc:  52% 笆補毎笆遺毎笆遺毎笆遺毎笆遺毎         笆・2.6 GB/4.9 GB  7.2 MB/s   5m26s[K[A[1Gpulling manifest [K
pulling 667b0c1932bc:  52% 笆補毎笆遺毎笆遺毎笆遺毎笆遺毎         笆・2.6 GB/4.9 GB  7.2 MB/s   5m26s[K[A[1Gpulling manifest [K
pulling 667b0c1932bc:  52% 笆補毎笆遺毎笆遺毎笆遺毎笆遺毎         笆・2.6 GB/4.9 GB  7.2 MB/s   5m26s[K[A[1Gpulling manifest [K
pulling 667b0c1932bc:  52% 笆補毎笆遺毎笆遺毎笆遺毎笆遺毎         笆・2.6 GB/4.9 GB  7.2 MB/s   5m26s[K[A[1Gpulling manifest [K
pulling 667b0c1932bc:  52% 笆補毎笆遺毎笆遺毎笆遺毎笆遺毎         笆・2.6 GB/4.9 GB  7.2 MB/s   5m26s[K[A[1Gpulling manifest [K
pulling 667b0c1932bc:  52% 笆補毎笆遺毎笆遺毎笆遺毎笆遺毎         笆・2.6 GB/4.9 GB  7.2 MB/s   5m25s[K[A[1Gpulling manifest [K
pulling 667b0c1932bc:  52% 笆補毎笆遺毎笆遺毎笆遺毎笆遺毎         笆・2.6 GB/4.9 GB  7.2 MB/s   5m25s[K[A[1Gpulling manifest [K
pulling 667b0c1932bc:  52% 笆補毎笆遺毎笆遺毎笆遺毎笆遺毎         笆・2.6 GB/4.9 GB  7.2 MB/s   5m25s[K[A[1Gpulling manifest [K
pulling 667b0c1932bc:  52% 笆補毎笆遺毎笆遺毎笆遺毎笆遺毎         笆・2.6 GB/4.9 GB  7.3 MB/s   5m22s[K[A[1Gpulling manifest [K
pulling 667b0c1932bc:  52% 笆補毎笆遺毎笆遺毎笆遺毎笆遺毎         笆・2.6 GB/4.9 GB  7.3 MB/s   5m22s[K[A[1Gpulling manifest [K
pulling 667b0c1932bc:  52% 笆補毎笆遺毎笆遺毎笆遺毎笆遺毎         笆・2.6 GB/4.9 GB  7.3 MB/s   5m22s[K[A[1Gpulling manifest [K
pulling 667b0c1932bc:  52% 笆補毎笆遺毎笆遺毎笆遺毎笆遺毎         笆・2.6 GB/4.9 GB  7.3 MB/s   5m22s[K[A[1Gpulling manifest [K
pulling 667b0c1932bc:  52% 笆補毎笆遺毎笆遺毎笆遺毎笆遺毎         笆・2.6 GB/4.9 GB  7.3 MB/s   5m22s[K[A[1Gpulling manifest [K
pulling 667b0c1932bc:  52% 笆補毎笆遺毎笆遺毎笆遺毎笆遺毎         笆・2.6 GB/4.9 GB  7.3 MB/s   5m22s[K[A[1Gpulling manifest [K
pulling 667b0c1932bc:  52% 笆補毎笆遺毎笆遺毎笆遺毎笆遺毎         笆・2.6 GB/4.9 GB  7.3 MB/s   5m22s[K[A[1Gpulling manifest [K
pulling 667b0c1932bc:  52% 笆補毎笆遺毎笆遺毎笆遺毎笆遺毎         笆・2.6 GB/4.9 GB  7.3 MB/s   5m22s[K[A[1Gpulling manifest [K
pulling 667b0c1932bc:  53% 笆補毎笆遺毎笆遺毎笆遺毎笆遺毎         笆・2.6 GB/4.9 GB  7.3 MB/s   5m22s[K[A[1Gpulling manifest [K
pulling 667b0c1932bc:  53% 笆補毎笆遺毎笆遺毎笆遺毎笆遺毎         笆・2.6 GB/4.9 GB  7.3 MB/s   5m22s[K[A[1Gpulling manifest [K
pulling 667b0c1932bc:  53% 笆補毎笆遺毎笆遺毎笆遺毎笆遺毎         笆・2.6 GB/4.9 GB  7.3 MB/s   5m21s[K[A[1Gpulling manifest [K
pulling 667b0c1932bc:  53% 笆補毎笆遺毎笆遺毎笆遺毎笆遺毎         笆・2.6 GB/4.9 GB  7.4 MB/s   5m17s[K[A[1Gpulling manifest [K
pulling 667b0c1932bc:  53% 笆補毎笆遺毎笆遺毎笆遺毎笆遺毎         笆・2.6 GB/4.9 GB  7.4 MB/s   5m16s[K[A[1Gpulling manifest [K
pulling 667b0c1932bc:  53% 笆補毎笆遺毎笆遺毎笆遺毎笆遺毎         笆・2.6 GB/4.9 GB  7.4 MB/s   5m16s[K[A[1Gpulling manifest [K
pulling 667b0c1932bc:  53% 笆補毎笆遺毎笆遺毎笆遺毎笆遺毎         笆・2.6 GB/4.9 GB  7.4 MB/s   5m16s[K[A[1Gpulling manifest [K
pulling 667b0c1932bc:  53% 笆補毎笆遺毎笆遺毎笆遺毎笆遺毎         笆・2.6 GB/4.9 GB  7.4 MB/s   5m16s[K[A[1Gpulling manifest [K
pulling 667b0c1932bc:  53% 笆補毎笆遺毎笆遺毎笆遺毎笆遺毎         笆・2.6 GB/4.9 GB  7.4 MB/s   5m16s[K[A[1Gpulling manifest [K
pulling 667b0c1932bc:  53% 笆補毎笆遺毎笆遺毎笆遺毎笆遺毎         笆・2.6 GB/4.9 GB  7.4 MB/s   5m16s[K[A[1Gpulling manifest [K
pulling 667b0c1932bc:  53% 笆補毎笆遺毎笆遺毎笆遺毎笆遺毎         笆・2.6 GB/4.9 GB  7.4 MB/s   5m16s[K[A[1Gpulling manifest [K
pulling 667b0c1932bc:  53% 笆補毎笆遺毎笆遺毎笆遺毎笆遺毎         笆・2.6 GB/4.9 GB  7.4 MB/s   5m16s[K[A[1Gpulling manifest [K
pulling 667b0c1932bc:  53% 笆補毎笆遺毎笆遺毎笆遺毎笆遺毎         笆・2.6 GB/4.9 GB  7.4 MB/s   5m16s[K[A[1Gpulling manifest [K
pulling 667b0c1932bc:  53% 笆補毎笆遺毎笆遺毎笆遺毎笆遺毎         笆・2.6 GB/4.9 GB  7.3 MB/s   5m18s[K[A[1Gpulling manifest [K
pulling 667b0c1932bc:  53% 笆補毎笆遺毎笆遺毎笆遺毎笆遺毎         笆・2.6 GB/4.9 GB  7.3 MB/s   5m18s[K[A[1Gpulling manifest [K
pulling 667b0c1932bc:  53% 笆補毎笆遺毎笆遺毎笆遺毎笆遺毎         笆・2.6 GB/4.9 GB  7.3 MB/s   5m18s[K[A[1Gpulling manifest [K
pulling 667b0c1932bc:  53% 笆補毎笆遺毎笆遺毎笆遺毎笆遺毎         笆・2.6 GB/4.9 GB  7.3 MB/s   5m18s[K[A[1Gpulling manifest [K
pulling 667b0c1932bc:  53% 笆補毎笆遺毎笆遺毎笆遺毎笆遺毎         笆・2.6 GB/4.9 GB  7.3 MB/s   5m18s[K[A[1Gpulling manifest [K
pulling 667b0c1932bc:  53% 笆補毎笆遺毎笆遺毎笆遺毎笆遺毎         笆・2.6 GB/4.9 GB  7.3 MB/s   5m18s[K[A[1Gpulling manifest [K
pulling 667b0c1932bc:  53% 笆補毎笆遺毎笆遺毎笆遺毎笆遺毎         笆・2.6 GB/4.9 GB  7.3 MB/s   5m17s[K[A[1Gpulling manifest [K
pulling 667b0c1932bc:  53% 笆補毎笆遺毎笆遺毎笆遺毎笆遺毎         笆・2.6 GB/4.9 GB  7.3 MB/s   5m17s[K[A[1Gpulling manifest [K
pulling 667b0c1932bc:  53% 笆補毎笆遺毎笆遺毎笆遺毎笆遺毎         笆・2.6 GB/4.9 GB  7.3 MB/s   5m17s[K[A[1Gpulling manifest [K
pulling 667b0c1932bc:  53% 笆補毎笆遺毎笆遺毎笆遺毎笆遺毎         笆・2.6 GB/4.9 GB  7.3 MB/s   5m17s[K[A[1Gpulling manifest [K
pulling 667b0c1932bc:  53% 笆補毎笆遺毎笆遺毎笆遺毎笆遺毎         笆・2.6 GB/4.9 GB  7.4 MB/s   5m11s[K[A[1Gpulling manifest [K
pulling 667b0c1932bc:  53% 笆補毎笆遺毎笆遺毎笆遺毎笆遺毎         笆・2.6 GB/4.9 GB  7.4 MB/s   5m11s[K[A[1Gpulling manifest [K
pulling 667b0c1932bc:  53% 笆補毎笆遺毎笆遺毎笆遺毎笆遺毎         笆・2.6 GB/4.9 GB  7.4 MB/s   5m11s[K[A[1Gpulling manifest [K
pulling 667b0c1932bc:  53% 笆補毎笆遺毎笆遺毎笆遺毎笆遺毎         笆・2.6 GB/4.9 GB  7.4 MB/s   5m11s[K[A[1Gpulling manifest [K
pulling 667b0c1932bc:  53% 笆補毎笆遺毎笆遺毎笆遺毎笆遺毎         笆・2.6 GB/4.9 GB  7.4 MB/s   5m11s[K[A[1Gpulling manifest [K
pulling 667b0c1932bc:  53% 笆補毎笆遺毎笆遺毎笆遺毎笆遺毎         笆・2.6 GB/4.9 GB  7.4 MB/s   5m11s[K[A[1Gpulling manifest [K
pulling 667b0c1932bc:  53% 笆補毎笆遺毎笆遺毎笆遺毎笆遺毎         笆・2.6 GB/4.9 GB  7.4 MB/s   5m11s[K[A[1Gpulling manifest [K
pulling 667b0c1932bc:  53% 笆補毎笆遺毎笆遺毎笆遺毎笆遺毎         笆・2.6 GB/4.9 GB  7.4 MB/s   5m11s[K[A[1Gpulling manifest [K
pulling 667b0c1932bc:  53% 笆補毎笆遺毎笆遺毎笆遺毎笆遺毎         笆・2.6 GB/4.9 GB  7.4 MB/s   5m11s[K[A[1Gpulling manifest [K
pulling 667b0c1932bc:  53% 笆補毎笆遺毎笆遺毎笆遺毎笆遺毎         笆・2.6 GB/4.9 GB  7.4 MB/s   5m11s[K[A[1Gpulling manifest [K
pulling 667b0c1932bc:  53% 笆補毎笆遺毎笆遺毎笆遺毎笆遺毎         笆・2.6 GB/4.9 GB  7.4 MB/s   5m13s[K[A[1Gpulling manifest [K
pulling 667b0c1932bc:  53% 笆補毎笆遺毎笆遺毎笆遺毎笆遺毎         笆・2.6 GB/4.9 GB  7.4 MB/s   5m13s[K[A[1Gpulling manifest [K
pulling 667b0c1932bc:  53% 笆補毎笆遺毎笆遺毎笆遺毎笆遺毎         笆・2.6 GB/4.9 GB  7.4 MB/s   5m13s[K[A[1Gpulling manifest [K
pulling 667b0c1932bc:  53% 笆補毎笆遺毎笆遺毎笆遺毎笆遺毎         笆・2.6 GB/4.9 GB  7.4 MB/s   5m13s[K[A[1Gpulling manifest [K
pulling 667b0c1932bc:  53% 笆補毎笆遺毎笆遺毎笆遺毎笆遺毎         笆・2.6 GB/4.9 GB  7.4 MB/s   5m12s[K[A[1Gpulling manifest [K
pulling 667b0c1932bc:  53% 笆補毎笆遺毎笆遺毎笆遺毎笆遺毎         笆・2.6 GB/4.9 GB  7.4 MB/s   5m12s[K[A[1Gpulling manifest [K
pulling 667b0c1932bc:  53% 笆補毎笆遺毎笆遺毎笆遺毎笆遺毎         笆・2.6 GB/4.9 GB  7.4 MB/s   5m12s[K[A[1Gpulling manifest [K
pulling 667b0c1932bc:  53% 笆補毎笆遺毎笆遺毎笆遺毎笆遺毎         笆・2.6 GB/4.9 GB  7.4 MB/s   5m12s[K[A[1Gpulling manifest [K
pulling 667b0c1932bc:  53% 笆補毎笆遺毎笆遺毎笆遺毎笆遺毎         笆・2.6 GB/4.9 GB  7.4 MB/s   5m12s[K[A[1Gpulling manifest [K
pulling 667b0c1932bc:  53% 笆補毎笆遺毎笆遺毎笆遺毎笆遺毎         笆・2.6 GB/4.9 GB  7.4 MB/s   5m12s[K[A[1Gpulling manifest [K
pulling 667b0c1932bc:  53% 笆補毎笆遺毎笆遺毎笆遺毎笆遺毎         笆・2.6 GB/4.9 GB  7.6 MB/s    5m5s[K[A[1Gpulling manifest [K
pulling 667b0c1932bc:  53% 笆補毎笆遺毎笆遺毎笆遺毎笆遺毎         笆・2.6 GB/4.9 GB  7.6 MB/s    5m5s[K[A[1Gpulling manifest [K
pulling 667b0c1932bc:  53% 笆補毎笆遺毎笆遺毎笆遺毎笆遺毎         笆・2.6 GB/4.9 GB  7.6 MB/s    5m5s[K[A[1Gpulling manifest [K
pulling 667b0c1932bc:  53% 笆補毎笆遺毎笆遺毎笆遺毎笆遺毎         笆・2.6 GB/4.9 GB  7.6 MB/s    5m5s[K[A[1Gpulling manifest [K
pulling 667b0c1932bc:  53% 笆補毎笆遺毎笆遺毎笆遺毎笆遺毎         笆・2.6 GB/4.9 GB  7.6 MB/s    5m4s[K[A[1Gpulling manifest [K
pulling 667b0c1932bc:  53% 笆補毎笆遺毎笆遺毎笆遺毎笆遺毎         笆・2.6 GB/4.9 GB  7.6 MB/s    5m4s[K[A[1Gpulling manifest [K
pulling 667b0c1932bc:  53% 笆補毎笆遺毎笆遺毎笆遺毎笆遺毎         笆・2.6 GB/4.9 GB  7.6 MB/s    5m4s[K[A[1Gpulling manifest [K
pulling 667b0c1932bc:  53% 笆補毎笆遺毎笆遺毎笆遺毎笆遺毎         笆・2.6 GB/4.9 GB  7.6 MB/s    5m4s[K[A[1Gpulling manifest [K
pulling 667b0c1932bc:  53% 笆補毎笆遺毎笆遺毎笆遺毎笆遺毎         笆・2.6 GB/4.9 GB  7.6 MB/s    5m4s[K[A[1Gpulling manifest [K
pulling 667b0c1932bc:  53% 笆補毎笆遺毎笆遺毎笆遺毎笆遺毎         笆・2.6 GB/4.9 GB  7.6 MB/s    5m4s[K[A[1Gpulling manifest [K
pulling 667b0c1932bc:  53% 笆補毎笆遺毎笆遺毎笆遺毎笆遺毎         笆・2.6 GB/4.9 GB  7.6 MB/s    5m4s[K[A[1Gpulling manifest [K
pulling 667b0c1932bc:  53% 笆補毎笆遺毎笆遺毎笆遺毎笆遺毎         笆・2.6 GB/4.9 GB  7.4 MB/s    5m9s[K[A[1Gpulling manifest [K
pulling 667b0c1932bc:  53% 笆補毎笆遺毎笆遺毎笆遺毎笆遺毎         笆・2.6 GB/4.9 GB  7.4 MB/s    5m9s[K[A[1Gpulling manifest [K
pulling 667b0c1932bc:  53% 笆補毎笆遺毎笆遺毎笆遺毎笆遺毎         笆・2.6 GB/4.9 GB  7.4 MB/s    5m9s[K[A[1Gpulling manifest [K
pulling 667b0c1932bc:  53% 笆補毎笆遺毎笆遺毎笆遺毎笆遺毎         笆・2.6 GB/4.9 GB  7.4 MB/s    5m8s[K[A[1Gpulling manifest [K
pulling 667b0c1932bc:  53% 笆補毎笆遺毎笆遺毎笆遺毎笆遺毎         笆・2.6 GB/4.9 GB  7.4 MB/s    5m8s[K[A[1Gpulling manifest [K
pulling 667b0c1932bc:  53% 笆補毎笆遺毎笆遺毎笆遺毎笆遺毎         笆・2.6 GB/4.9 GB  7.4 MB/s    5m8s[K[A[1Gpulling manifest [K
pulling 667b0c1932bc:  53% 笆補毎笆遺毎笆遺毎笆遺毎笆遺毎         笆・2.6 GB/4.9 GB  7.4 MB/s    5m8s[K[A[1Gpulling manifest [K
pulling 667b0c1932bc:  53% 笆補毎笆遺毎笆遺毎笆遺毎笆遺毎         笆・2.6 GB/4.9 GB  7.4 MB/s    5m8s[K[A[1Gpulling manifest [K
pulling 667b0c1932bc:  53% 笆補毎笆遺毎笆遺毎笆遺毎笆遺毎         笆・2.6 GB/4.9 GB  7.4 MB/s    5m8s[K[A[1Gpulling manifest [K
pulling 667b0c1932bc:  53% 笆補毎笆遺毎笆遺毎笆遺毎笆遺毎         笆・2.6 GB/4.9 GB  7.4 MB/s    5m8s[K[A[1Gpulling manifest [K
pulling 667b0c1932bc:  53% 笆補毎笆遺毎笆遺毎笆遺毎笆遺毎         笆・2.6 GB/4.9 GB  7.4 MB/s   5m10s[K[A[1Gpulling manifest [K
pulling 667b0c1932bc:  53% 笆補毎笆遺毎笆遺毎笆遺毎笆遺毎         笆・2.6 GB/4.9 GB  7.4 MB/s   5m10s[K[A[1Gpulling manifest [K
pulling 667b0c1932bc:  53% 笆補毎笆遺毎笆遺毎笆遺毎笆遺毎         笆・2.6 GB/4.9 GB  7.4 MB/s   5m10s[K[A[1Gpulling manifest [K
pulling 667b0c1932bc:  53% 笆補毎笆遺毎笆遺毎笆遺毎笆遺毎         笆・2.6 GB/4.9 GB  7.4 MB/s   5m10s[K[A[1Gpulling manifest [K
pulling 667b0c1932bc:  53% 笆補毎笆遺毎笆遺毎笆遺毎笆遺毎         笆・2.6 GB/4.9 GB  7.4 MB/s   5m10s[K[A[1Gpulling manifest [K
pulling 667b0c1932bc:  54% 笆補毎笆遺毎笆遺毎笆遺毎笆遺毎         笆・2.6 GB/4.9 GB  7.4 MB/s   5m10s[K[A[1Gpulling manifest [K
pulling 667b0c1932bc:  54% 笆補毎笆遺毎笆遺毎笆遺毎笆遺毎         笆・2.6 GB/4.9 GB  7.4 MB/s   5m10s[K[A[1Gpulling manifest [K
pulling 667b0c1932bc:  54% 笆補毎笆遺毎笆遺毎笆遺毎笆遺毎         笆・2.6 GB/4.9 GB  7.4 MB/s   5m10s[K[A[1Gpulling manifest [K
pulling 667b0c1932bc:  54% 笆補毎笆遺毎笆遺毎笆遺毎笆遺毎         笆・2.6 GB/4.9 GB  7.4 MB/s   5m10s[K[A[1Gpulling manifest [K
pulling 667b0c1932bc:  54% 笆補毎笆遺毎笆遺毎笆遺毎笆遺毎         笆・2.6 GB/4.9 GB  7.4 MB/s   5m10s[K[A[1Gpulling manifest [K
pulling 667b0c1932bc:  54% 笆補毎笆遺毎笆遺毎笆遺毎笆遺毎         笆・2.6 GB/4.9 GB  7.2 MB/s   5m18s[K[A[1Gpulling manifest [K
pulling 667b0c1932bc:  54% 笆補毎笆遺毎笆遺毎笆遺毎笆遺毎         笆・2.6 GB/4.9 GB  7.2 MB/s   5m18s[K[A[1Gpulling manifest [K
pulling 667b0c1932bc:  54% 笆補毎笆遺毎笆遺毎笆遺毎笆遺毎         笆・2.6 GB/4.9 GB  7.2 MB/s   5m17s[K[A[1Gpulling manifest [K
pulling 667b0c1932bc:  54% 笆補毎笆遺毎笆遺毎笆遺毎笆遺毎         笆・2.6 GB/4.9 GB  7.2 MB/s   5m17s[K[A[1Gpulling manifest [K
pulling 667b0c1932bc:  54% 笆補毎笆遺毎笆遺毎笆遺毎笆遺毎         笆・2.6 GB/4.9 GB  7.2 MB/s   5m17s[K[A[1Gpulling manifest [K
pulling 667b0c1932bc:  54% 笆補毎笆遺毎笆遺毎笆遺毎笆遺毎         笆・2.6 GB/4.9 GB  7.2 MB/s   5m17s[K[A[1Gpulling manifest [K
pulling 667b0c1932bc:  54% 笆補毎笆遺毎笆遺毎笆遺毎笆遺毎         笆・2.6 GB/4.9 GB  7.2 MB/s   5m17s[K[A[1Gpulling manifest [K
pulling 667b0c1932bc:  54% 笆補毎笆遺毎笆遺毎笆遺毎笆遺毎         笆・2.6 GB/4.9 GB  7.2 MB/s   5m17s[K[A[1Gpulling manifest [K
pulling 667b0c1932bc:  54% 笆補毎笆遺毎笆遺毎笆遺毎笆遺毎         笆・2.6 GB/4.9 GB  7.2 MB/s   5m17s[K[A[1Gpulling manifest [K
pulling 667b0c1932bc:  54% 笆補毎笆遺毎笆遺毎笆遺毎笆遺毎         笆・2.6 GB/4.9 GB  7.2 MB/s   5m17s[K[A[1Gpulling manifest [K
pulling 667b0c1932bc:  54% 笆補毎笆遺毎笆遺毎笆遺毎笆遺毎         笆・2.6 GB/4.9 GB  7.4 MB/s    5m8s[K[A[1Gpulling manifest [K
pulling 667b0c1932bc:  54% 笆補毎笆遺毎笆遺毎笆遺毎笆遺毎         笆・2.6 GB/4.9 GB  7.4 MB/s    5m8s[K[A[1Gpulling manifest [K
pulling 667b0c1932bc:  54% 笆補毎笆遺毎笆遺毎笆遺毎笆遺毎         笆・2.6 GB/4.9 GB  7.4 MB/s    5m8s[K[A[1Gpulling manifest [K
pulling 667b0c1932bc:  54% 笆補毎笆遺毎笆遺毎笆遺毎笆遺毎         笆・2.6 GB/4.9 GB  7.4 MB/s    5m8s[K[A[1Gpulling manifest [K
pulling 667b0c1932bc:  54% 笆補毎笆遺毎笆遺毎笆遺毎笆遺毎         笆・2.6 GB/4.9 GB  7.4 MB/s    5m8s[K[A[1Gpulling manifest [K
pulling 667b0c1932bc:  54% 笆補毎笆遺毎笆遺毎笆遺毎笆遺毎         笆・2.6 GB/4.9 GB  7.4 MB/s    5m8s[K[A[1Gpulling manifest [K
pulling 667b0c1932bc:  54% 笆補毎笆遺毎笆遺毎笆遺毎笆遺毎         笆・2.6 GB/4.9 GB  7.4 MB/s    5m7s[K[A[1Gpulling manifest [K
pulling 667b0c1932bc:  54% 笆補毎笆遺毎笆遺毎笆遺毎笆遺毎         笆・2.6 GB/4.9 GB  7.4 MB/s    5m7s[K[A[1Gpulling manifest [K
pulling 667b0c1932bc:  54% 笆補毎笆遺毎笆遺毎笆遺毎笆遺毎         笆・2.6 GB/4.9 GB  7.4 MB/s    5m7s[K[A[1Gpulling manifest [K
pulling 667b0c1932bc:  54% 笆補毎笆遺毎笆遺毎笆遺毎笆遺毎         笆・2.7 GB/4.9 GB  7.4 MB/s    5m7s[K[A[1Gpulling manifest [K
pulling 667b0c1932bc:  54% 笆補毎笆遺毎笆遺毎笆遺毎笆遺毎         笆・2.7 GB/4.9 GB  7.3 MB/s   5m10s[K[A[1Gpulling manifest [K
pulling 667b0c1932bc:  54% 笆補毎笆遺毎笆遺毎笆遺毎笆遺毎         笆・2.7 GB/4.9 GB  7.3 MB/s   5m10s[K[A[1Gpulling manifest [K
pulling 667b0c1932bc:  54% 笆補毎笆遺毎笆遺毎笆遺毎笆遺毎         笆・2.7 GB/4.9 GB  7.3 MB/s   5m10s[K[A[1Gpulling manifest [K
pulling 667b0c1932bc:  54% 笆補毎笆遺毎笆遺毎笆遺毎笆遺毎         笆・2.7 GB/4.9 GB  7.3 MB/s   5m10s[K[A[1Gpulling manifest [K
pulling 667b0c1932bc:  54% 笆補毎笆遺毎笆遺毎笆遺毎笆遺毎         笆・2.7 GB/4.9 GB  7.3 MB/s   5m10s[K[A[1Gpulling manifest [K
pulling 667b0c1932bc:  54% 笆補毎笆遺毎笆遺毎笆遺毎笆遺毎         笆・2.7 GB/4.9 GB  7.3 MB/s   5m10s[K[A[1Gpulling manifest [K
pulling 667b0c1932bc:  54% 笆補毎笆遺毎笆遺毎笆遺毎笆遺毎         笆・2.7 GB/4.9 GB  7.3 MB/s    5m9s[K[A[1Gpulling manifest [K
pulling 667b0c1932bc:  54% 笆補毎笆遺毎笆遺毎笆遺毎笆遺毎         笆・2.7 GB/4.9 GB  7.3 MB/s    5m9s[K[A[1Gpulling manifest [K
pulling 667b0c1932bc:  54% 笆補毎笆遺毎笆遺毎笆遺毎笆遺毎         笆・2.7 GB/4.9 GB  7.3 MB/s    5m9s[K[A[1Gpulling manifest [K
pulling 667b0c1932bc:  54% 笆補毎笆遺毎笆遺毎笆遺毎笆遺毎         笆・2.7 GB/4.9 GB  7.3 MB/s    5m9s[K[A[1Gpulling manifest [K
pulling 667b0c1932bc:  54% 笆補毎笆遺毎笆遺毎笆遺毎笆遺毎         笆・2.7 GB/4.9 GB  7.3 MB/s    5m9s[K[A[1Gpulling manifest [K
pulling 667b0c1932bc:  54% 笆補毎笆遺毎笆遺毎笆遺毎笆遺毎         笆・2.7 GB/4.9 GB  7.2 MB/s   5m12s[K[A[1Gpulling manifest [K
pulling 667b0c1932bc:  54% 笆補毎笆遺毎笆遺毎笆遺毎笆遺毎         笆・2.7 GB/4.9 GB  7.2 MB/s   5m12s[K[A[1Gpulling manifest [K
pulling 667b0c1932bc:  54% 笆補毎笆遺毎笆遺毎笆遺毎笆遺毎         笆・2.7 GB/4.9 GB  7.2 MB/s   5m12s[K[A[1Gpulling manifest [K
pulling 667b0c1932bc:  54% 笆補毎笆遺毎笆遺毎笆遺毎笆遺毎         笆・2.7 GB/4.9 GB  7.2 MB/s   5m12s[K[A[1Gpulling manifest [K
pulling 667b0c1932bc:  54% 笆補毎笆遺毎笆遺毎笆遺毎笆遺毎         笆・2.7 GB/4.9 GB  7.2 MB/s   5m12s[K[A[1Gpulling manifest [K
pulling 667b0c1932bc:  54% 笆補毎笆遺毎笆遺毎笆遺毎笆遺毎         笆・2.7 GB/4.9 GB  7.2 MB/s   5m12s[K[A[1Gpulling manifest [K
pulling 667b0c1932bc:  54% 笆補毎笆遺毎笆遺毎笆遺毎笆遺毎         笆・2.7 GB/4.9 GB  7.2 MB/s   5m12s[K[A[1Gpulling manifest [K
pulling 667b0c1932bc:  54% 笆補毎笆遺毎笆遺毎笆遺毎笆遺毎         笆・2.7 GB/4.9 GB  7.2 MB/s   5m12s[K[A[1Gpulling manifest [K
pulling 667b0c1932bc:  54% 笆補毎笆遺毎笆遺毎笆遺毎笆遺毎         笆・2.7 GB/4.9 GB  7.2 MB/s   5m11s[K[A[1Gpulling manifest [K
pulling 667b0c1932bc:  54% 笆補毎笆遺毎笆遺毎笆遺毎笆遺毎         笆・2.7 GB/4.9 GB  7.2 MB/s   5m11s[K[A[1Gpulling manifest [K
pulling 667b0c1932bc:  54% 笆補毎笆遺毎笆遺毎笆遺毎笆遺毎         笆・2.7 GB/4.9 GB  7.3 MB/s    5m7s[K[A[1Gpulling manifest [K
pulling 667b0c1932bc:  54% 笆補毎笆遺毎笆遺毎笆遺毎笆遺毎         笆・2.7 GB/4.9 GB  7.3 MB/s    5m7s[K[A[1Gpulling manifest [K
pulling 667b0c1932bc:  54% 笆補毎笆遺毎笆遺毎笆遺毎笆遺毎         笆・2.7 GB/4.9 GB  7.3 MB/s    5m7s[K[A[1Gpulling manifest [K
pulling 667b0c1932bc:  54% 笆補毎笆遺毎笆遺毎笆遺毎笆遺毎         笆・2.7 GB/4.9 GB  7.3 MB/s    5m7s[K[A[1Gpulling manifest [K
pulling 667b0c1932bc:  54% 笆補毎笆遺毎笆遺毎笆遺毎笆遺毎         笆・2.7 GB/4.9 GB  7.3 MB/s    5m7s[K[A[1Gpulling manifest [K
pulling 667b0c1932bc:  54% 笆補毎笆遺毎笆遺毎笆遺毎笆遺毎         笆・2.7 GB/4.9 GB  7.3 MB/s    5m7s[K[A[1Gpulling manifest [K
pulling 667b0c1932bc:  54% 笆補毎笆遺毎笆遺毎笆遺毎笆遺毎         笆・2.7 GB/4.9 GB  7.3 MB/s    5m7s[K[A[1Gpulling manifest [K
pulling 667b0c1932bc:  54% 笆補毎笆遺毎笆遺毎笆遺毎笆遺毎         笆・2.7 GB/4.9 GB  7.3 MB/s    5m7s[K[A[1Gpulling manifest [K
pulling 667b0c1932bc:  54% 笆補毎笆遺毎笆遺毎笆遺毎笆遺毎         笆・2.7 GB/4.9 GB  7.3 MB/s    5m7s[K[A[1Gpulling manifest [K
pulling 667b0c1932bc:  54% 笆補毎笆遺毎笆遺毎笆遺毎笆遺毎         笆・2.7 GB/4.9 GB  7.3 MB/s    5m6s[K[A[1Gpulling manifest [K
pulling 667b0c1932bc:  54% 笆補毎笆遺毎笆遺毎笆遺毎笆遺毎         笆・2.7 GB/4.9 GB  7.3 MB/s    5m5s[K[A[1Gpulling manifest [K
pulling 667b0c1932bc:  54% 笆補毎笆遺毎笆遺毎笆遺毎笆遺毎         笆・2.7 GB/4.9 GB  7.3 MB/s    5m5s[K[A[1Gpulling manifest [K
pulling 667b0c1932bc:  54% 笆補毎笆遺毎笆遺毎笆遺毎笆遺毎         笆・2.7 GB/4.9 GB  7.3 MB/s    5m5s[K[A[1Gpulling manifest [K
pulling 667b0c1932bc:  54% 笆補毎笆遺毎笆遺毎笆遺毎笆遺毎         笆・2.7 GB/4.9 GB  7.3 MB/s    5m5s[K[A[1Gpulling manifest [K
pulling 667b0c1932bc:  54% 笆補毎笆遺毎笆遺毎笆遺毎笆遺毎         笆・2.7 GB/4.9 GB  7.3 MB/s    5m5s[K[A[1Gpulling manifest [K
pulling 667b0c1932bc:  54% 笆補毎笆遺毎笆遺毎笆遺毎笆遺毎         笆・2.7 GB/4.9 GB  7.3 MB/s    5m5s[K[A[1Gpulling manifest [K
pulling 667b0c1932bc:  54% 笆補毎笆遺毎笆遺毎笆遺毎笆遺毎         笆・2.7 GB/4.9 GB  7.3 MB/s    5m5s[K[A[1Gpulling manifest [K
pulling 667b0c1932bc:  54% 笆補毎笆遺毎笆遺毎笆遺毎笆遺毎         笆・2.7 GB/4.9 GB  7.3 MB/s    5m5s[K[A[1Gpulling manifest [K
pulling 667b0c1932bc:  54% 笆補毎笆遺毎笆遺毎笆遺毎笆遺毎         笆・2.7 GB/4.9 GB  7.3 MB/s    5m4s[K[A[1Gpulling manifest [K
pulling 667b0c1932bc:  54% 笆補毎笆遺毎笆遺毎笆遺毎笆遺毎         笆・2.7 GB/4.9 GB  7.3 MB/s    5m4s[K[A[1Gpulling manifest [K
pulling 667b0c1932bc:  54% 笆補毎笆遺毎笆遺毎笆遺毎笆遺毎         笆・2.7 GB/4.9 GB  7.3 MB/s    5m7s[K[A[1Gpulling manifest [K
pulling 667b0c1932bc:  54% 笆補毎笆遺毎笆遺毎笆遺毎笆遺毎         笆・2.7 GB/4.9 GB  7.3 MB/s    5m7s[K[A[1Gpulling manifest [K
pulling 667b0c1932bc:  55% 笆補毎笆遺毎笆遺毎笆遺毎笆遺毎         笆・2.7 GB/4.9 GB  7.3 MB/s    5m7s[K[A[1Gpulling manifest [K
pulling 667b0c1932bc:  55% 笆補毎笆遺毎笆遺毎笆遺毎笆遺毎         笆・2.7 GB/4.9 GB  7.3 MB/s    5m7s[K[A[1Gpulling manifest [K
pulling 667b0c1932bc:  55% 笆補毎笆遺毎笆遺毎笆遺毎笆遺毎         笆・2.7 GB/4.9 GB  7.3 MB/s    5m7s[K[A[1Gpulling manifest [K
pulling 667b0c1932bc:  55% 笆補毎笆遺毎笆遺毎笆遺毎笆遺毎         笆・2.7 GB/4.9 GB  7.3 MB/s    5m7s[K[A[1Gpulling manifest [K
pulling 667b0c1932bc:  55% 笆補毎笆遺毎笆遺毎笆遺毎笆遺毎         笆・2.7 GB/4.9 GB  7.3 MB/s    5m7s[K[A[1Gpulling manifest [K
pulling 667b0c1932bc:  55% 笆補毎笆遺毎笆遺毎笆遺毎笆遺毎         笆・2.7 GB/4.9 GB  7.3 MB/s    5m6s[K[A[1Gpulling manifest [K
pulling 667b0c1932bc:  55% 笆補毎笆遺毎笆遺毎笆遺毎笆遺毎         笆・2.7 GB/4.9 GB  7.3 MB/s    5m6s[K[A[1Gpulling manifest [K
pulling 667b0c1932bc:  55% 笆補毎笆遺毎笆遺毎笆遺毎笆遺毎         笆・2.7 GB/4.9 GB  7.3 MB/s    5m6s[K[A[1Gpulling manifest [K
pulling 667b0c1932bc:  55% 笆補毎笆遺毎笆遺毎笆遺毎笆遺毎         笆・2.7 GB/4.9 GB  7.3 MB/s    5m5s[K[A[1Gpulling manifest [K
pulling 667b0c1932bc:  55% 笆補毎笆遺毎笆遺毎笆遺毎笆遺毎         笆・2.7 GB/4.9 GB  7.3 MB/s    5m5s[K[A[1Gpulling manifest [K
pulling 667b0c1932bc:  55% 笆補毎笆遺毎笆遺毎笆遺毎笆遺毎         笆・2.7 GB/4.9 GB  7.3 MB/s    5m5s[K[A[1Gpulling manifest [K
pulling 667b0c1932bc:  55% 笆補毎笆遺毎笆遺毎笆遺毎笆遺毎         笆・2.7 GB/4.9 GB  7.3 MB/s    5m5s[K[A[1Gpulling manifest [K
pulling 667b0c1932bc:  55% 笆補毎笆遺毎笆遺毎笆遺毎笆遺毎         笆・2.7 GB/4.9 GB  7.3 MB/s    5m5s[K[A[1Gpulling manifest [K
pulling 667b0c1932bc:  55% 笆補毎笆遺毎笆遺毎笆遺毎笆遺毎         笆・2.7 GB/4.9 GB  7.3 MB/s    5m4s[K[A[1Gpulling manifest [K
pulling 667b0c1932bc:  55% 笆補毎笆遺毎笆遺毎笆遺毎笆遺毎         笆・2.7 GB/4.9 GB  7.3 MB/s    5m4s[K[A[1Gpulling manifest [K
pulling 667b0c1932bc:  55% 笆補毎笆遺毎笆遺毎笆遺毎笆遺毎         笆・2.7 GB/4.9 GB  7.3 MB/s    5m4s[K[A[1Gpulling manifest [K
pulling 667b0c1932bc:  55% 笆補毎笆遺毎笆遺毎笆遺毎笆遺毎         笆・2.7 GB/4.9 GB  7.3 MB/s    5m4s[K[A[1Gpulling manifest [K
pulling 667b0c1932bc:  55% 笆補毎笆遺毎笆遺毎笆遺毎笆遺毎         笆・2.7 GB/4.9 GB  7.3 MB/s    5m4s[K[A[1Gpulling manifest [K
pulling 667b0c1932bc:  55% 笆補毎笆遺毎笆遺毎笆遺毎笆遺毎         笆・2.7 GB/4.9 GB  7.3 MB/s    5m4s[K[A[1Gpulling manifest [K
pulling 667b0c1932bc:  55% 笆補毎笆遺毎笆遺毎笆遺毎笆遺毎         笆・2.7 GB/4.9 GB  7.3 MB/s    5m3s[K[A[1Gpulling manifest [K
pulling 667b0c1932bc:  55% 笆補毎笆遺毎笆遺毎笆遺毎笆遺毎         笆・2.7 GB/4.9 GB  7.3 MB/s    5m3s[K[A[1Gpulling manifest [K
pulling 667b0c1932bc:  55% 笆補毎笆遺毎笆遺毎笆遺毎笆遺毎         笆・2.7 GB/4.9 GB  7.3 MB/s    5m3s[K[A[1Gpulling manifest [K
pulling 667b0c1932bc:  55% 笆補毎笆遺毎笆遺毎笆遺毎笆遺毎         笆・2.7 GB/4.9 GB  7.3 MB/s    5m3s[K[A[1Gpulling manifest [K
pulling 667b0c1932bc:  55% 笆補毎笆遺毎笆遺毎笆遺毎笆遺毎         笆・2.7 GB/4.9 GB  7.3 MB/s    5m3s[K[A[1Gpulling manifest [K
pulling 667b0c1932bc:  55% 笆補毎笆遺毎笆遺毎笆遺毎笆遺毎         笆・2.7 GB/4.9 GB  7.3 MB/s    5m3s[K[A[1Gpulling manifest [K
pulling 667b0c1932bc:  55% 笆補毎笆遺毎笆遺毎笆遺毎笆遺毎         笆・2.7 GB/4.9 GB  7.3 MB/s    5m3s[K[A[1Gpulling manifest [K
pulling 667b0c1932bc:  55% 笆補毎笆遺毎笆遺毎笆遺毎笆遺毎         笆・2.7 GB/4.9 GB  7.3 MB/s    5m3s[K[A[1Gpulling manifest [K
pulling 667b0c1932bc:  55% 笆補毎笆遺毎笆遺毎笆遺毎笆遺毎         笆・2.7 GB/4.9 GB  7.3 MB/s    5m2s[K[A[1Gpulling manifest [K
pulling 667b0c1932bc:  55% 笆補毎笆遺毎笆遺毎笆遺毎笆遺毎         笆・2.7 GB/4.9 GB  7.3 MB/s    5m2s[K[A[1Gpulling manifest [K
pulling 667b0c1932bc:  55% 笆補毎笆遺毎笆遺毎笆遺毎笆遺毎         笆・2.7 GB/4.9 GB  7.5 MB/s   4m56s[K[A[1Gpulling manifest [K
pulling 667b0c1932bc:  55% 笆補毎笆遺毎笆遺毎笆遺毎笆遺毎         笆・2.7 GB/4.9 GB  7.5 MB/s   4m56s[K[A[1Gpulling manifest [K
pulling 667b0c1932bc:  55% 笆補毎笆遺毎笆遺毎笆遺毎笆遺毎         笆・2.7 GB/4.9 GB  7.5 MB/s   4m55s[K[A[1Gpulling manifest [K
pulling 667b0c1932bc:  55% 笆補毎笆遺毎笆遺毎笆遺毎笆遺毎         笆・2.7 GB/4.9 GB  7.5 MB/s   4m55s[K[A[1Gpulling manifest [K
pulling 667b0c1932bc:  55% 笆補毎笆遺毎笆遺毎笆遺毎笆遺毎         笆・2.7 GB/4.9 GB  7.5 MB/s   4m55s[K[A[1Gpulling manifest [K
pulling 667b0c1932bc:  55% 笆補毎笆遺毎笆遺毎笆遺毎笆遺毎         笆・2.7 GB/4.9 GB  7.5 MB/s   4m55s[K[A[1Gpulling manifest [K
pulling 667b0c1932bc:  55% 笆補毎笆遺毎笆遺毎笆遺毎笆遺毎         笆・2.7 GB/4.9 GB  7.5 MB/s   4m55s[K[A[1Gpulling manifest [K
pulling 667b0c1932bc:  55% 笆補毎笆遺毎笆遺毎笆遺毎笆遺毎         笆・2.7 GB/4.9 GB  7.5 MB/s   4m55s[K[A[1Gpulling manifest [K
pulling 667b0c1932bc:  55% 笆補毎笆遺毎笆遺毎笆遺毎笆遺毎         笆・2.7 GB/4.9 GB  7.5 MB/s   4m55s[K[A[1Gpulling manifest [K
pulling 667b0c1932bc:  55% 笆補毎笆遺毎笆遺毎笆遺毎笆遺毎         笆・2.7 GB/4.9 GB  7.5 MB/s   4m55s[K[A[1Gpulling manifest [K
pulling 667b0c1932bc:  55% 笆補毎笆遺毎笆遺毎笆遺毎笆遺毎         笆・2.7 GB/4.9 GB  7.4 MB/s    5m0s[K[A[1Gpulling manifest [K
pulling 667b0c1932bc:  55% 笆補毎笆遺毎笆遺毎笆遺毎笆遺毎         笆・2.7 GB/4.9 GB  7.4 MB/s    5m0s[K[A[1Gpulling manifest [K
pulling 667b0c1932bc:  55% 笆補毎笆遺毎笆遺毎笆遺毎笆遺毎         笆・2.7 GB/4.9 GB  7.4 MB/s    5m0s[K[A[1Gpulling manifest [K
pulling 667b0c1932bc:  55% 笆補毎笆遺毎笆遺毎笆遺毎笆遺毎         笆・2.7 GB/4.9 GB  7.4 MB/s    5m0s[K[A[1Gpulling manifest [K
pulling 667b0c1932bc:  55% 笆補毎笆遺毎笆遺毎笆遺毎笆遺毎         笆・2.7 GB/4.9 GB  7.4 MB/s    5m0s[K[A[1Gpulling manifest [K
pulling 667b0c1932bc:  55% 笆補毎笆遺毎笆遺毎笆遺毎笆遺毎         笆・2.7 GB/4.9 GB  7.4 MB/s   4m59s[K[A[1Gpulling manifest [K
pulling 667b0c1932bc:  55% 笆補毎笆遺毎笆遺毎笆遺毎笆遺毎         笆・2.7 GB/4.9 GB  7.4 MB/s   4m59s[K[A[1Gpulling manifest [K
pulling 667b0c1932bc:  55% 笆補毎笆遺毎笆遺毎笆遺毎笆遺毎         笆・2.7 GB/4.9 GB  7.4 MB/s   4m59s[K[A[1Gpulling manifest [K
pulling 667b0c1932bc:  55% 笆補毎笆遺毎笆遺毎笆遺毎笆遺毎         笆・2.7 GB/4.9 GB  7.4 MB/s   4m59s[K[A[1Gpulling manifest [K
pulling 667b0c1932bc:  55% 笆補毎笆遺毎笆遺毎笆遺毎笆遺毎         笆・2.7 GB/4.9 GB  7.4 MB/s   4m59s[K[A[1Gpulling manifest [K
pulling 667b0c1932bc:  55% 笆補毎笆遺毎笆遺毎笆遺毎笆遺毎         笆・2.7 GB/4.9 GB  7.4 MB/s   4m56s[K[A[1Gpulling manifest [K
pulling 667b0c1932bc:  55% 笆補毎笆遺毎笆遺毎笆遺毎笆遺毎         笆・2.7 GB/4.9 GB  7.4 MB/s   4m56s[K[A[1Gpulling manifest [K
pulling 667b0c1932bc:  55% 笆補毎笆遺毎笆遺毎笆遺毎笆遺毎         笆・2.7 GB/4.9 GB  7.4 MB/s   4m56s[K[A[1Gpulling manifest [K
pulling 667b0c1932bc:  55% 笆補毎笆遺毎笆遺毎笆遺毎笆遺毎         笆・2.7 GB/4.9 GB  7.4 MB/s   4m56s[K[A[1Gpulling manifest [K
pulling 667b0c1932bc:  55% 笆補毎笆遺毎笆遺毎笆遺毎笆遺毎         笆・2.7 GB/4.9 GB  7.4 MB/s   4m56s[K[A[1Gpulling manifest [K
pulling 667b0c1932bc:  55% 笆補毎笆遺毎笆遺毎笆遺毎笆遺毎         笆・2.7 GB/4.9 GB  7.4 MB/s   4m56s[K[A[1Gpulling manifest [K
pulling 667b0c1932bc:  55% 笆補毎笆遺毎笆遺毎笆遺毎笆遺毎         笆・2.7 GB/4.9 GB  7.4 MB/s   4m56s[K[A[1Gpulling manifest [K
pulling 667b0c1932bc:  55% 笆補毎笆遺毎笆遺毎笆遺毎笆遺毎         笆・2.7 GB/4.9 GB  7.4 MB/s   4m56s[K[A[1Gpulling manifest [K
pulling 667b0c1932bc:  55% 笆補毎笆遺毎笆遺毎笆遺毎笆遺毎         笆・2.7 GB/4.9 GB  7.4 MB/s   4m56s[K[A[1Gpulling manifest [K
pulling 667b0c1932bc:  55% 笆補毎笆遺毎笆遺毎笆遺毎笆遺毎         笆・2.7 GB/4.9 GB  7.4 MB/s   4m55s[K[A[1Gpulling manifest [K
pulling 667b0c1932bc:  55% 笆補毎笆遺毎笆遺毎笆遺毎笆遺毎         笆・2.7 GB/4.9 GB  7.5 MB/s   4m51s[K[A[1Gpulling manifest [K
pulling 667b0c1932bc:  55% 笆補毎笆遺毎笆遺毎笆遺毎笆遺毎         笆・2.7 GB/4.9 GB  7.5 MB/s   4m51s[K[A[1Gpulling manifest [K
pulling 667b0c1932bc:  55% 笆補毎笆遺毎笆遺毎笆遺毎笆遺毎         笆・2.7 GB/4.9 GB  7.5 MB/s   4m51s[K[A[1Gpulling manifest [K
pulling 667b0c1932bc:  55% 笆補毎笆遺毎笆遺毎笆遺毎笆遺毎         笆・2.7 GB/4.9 GB  7.5 MB/s   4m51s[K[A[1Gpulling manifest [K
pulling 667b0c1932bc:  55% 笆補毎笆遺毎笆遺毎笆遺毎笆遺毎         笆・2.7 GB/4.9 GB  7.5 MB/s   4m51s[K[A[1Gpulling manifest [K
pulling 667b0c1932bc:  55% 笆補毎笆遺毎笆遺毎笆遺毎笆遺毎         笆・2.7 GB/4.9 GB  7.5 MB/s   4m51s[K[A[1Gpulling manifest [K
pulling 667b0c1932bc:  55% 笆補毎笆遺毎笆遺毎笆遺毎笆遺毎         笆・2.7 GB/4.9 GB  7.5 MB/s   4m51s[K[A[1Gpulling manifest [K
pulling 667b0c1932bc:  55% 笆補毎笆遺毎笆遺毎笆遺毎笆遺毎         笆・2.7 GB/4.9 GB  7.5 MB/s   4m51s[K[A[1Gpulling manifest [K
pulling 667b0c1932bc:  56% 笆補毎笆遺毎笆遺毎笆遺毎笆遺毎         笆・2.7 GB/4.9 GB  7.5 MB/s   4m51s[K[A[1Gpulling manifest [K
pulling 667b0c1932bc:  56% 笆補毎笆遺毎笆遺毎笆遺毎笆遺毎         笆・2.7 GB/4.9 GB  7.5 MB/s   4m51s[K[A[1Gpulling manifest [K
pulling 667b0c1932bc:  56% 笆補毎笆遺毎笆遺毎笆遺毎笆遺毎         笆・2.7 GB/4.9 GB  7.5 MB/s   4m51s[K[A[1Gpulling manifest [K
pulling 667b0c1932bc:  56% 笆補毎笆遺毎笆遺毎笆遺毎笆遺毎         笆・2.7 GB/4.9 GB  7.3 MB/s   4m59s[K[A[1Gpulling manifest [K
pulling 667b0c1932bc:  56% 笆補毎笆遺毎笆遺毎笆遺毎笆遺毎笆・       笆・2.7 GB/4.9 GB  7.3 MB/s   4m59s[K[A[1Gpulling manifest [K
pulling 667b0c1932bc:  56% 笆補毎笆遺毎笆遺毎笆遺毎笆遺毎笆・       笆・2.7 GB/4.9 GB  7.3 MB/s   4m59s[K[A[1Gpulling manifest [K
pulling 667b0c1932bc:  56% 笆補毎笆遺毎笆遺毎笆遺毎笆遺毎笆・       笆・2.7 GB/4.9 GB  7.3 MB/s   4m59s[K[A[1Gpulling manifest [K
pulling 667b0c1932bc:  56% 笆補毎笆遺毎笆遺毎笆遺毎笆遺毎笆・       笆・2.7 GB/4.9 GB  7.3 MB/s   4m59s[K[A[1Gpulling manifest [K
pulling 667b0c1932bc:  56% 笆補毎笆遺毎笆遺毎笆遺毎笆遺毎笆・       笆・2.7 GB/4.9 GB  7.3 MB/s   4m58s[K[A[1Gpulling manifest [K
pulling 667b0c1932bc:  56% 笆補毎笆遺毎笆遺毎笆遺毎笆遺毎笆・       笆・2.7 GB/4.9 GB  7.3 MB/s   4m58s[K[A[1Gpulling manifest [K
pulling 667b0c1932bc:  56% 笆補毎笆遺毎笆遺毎笆遺毎笆遺毎笆・       笆・2.7 GB/4.9 GB  7.3 MB/s   4m58s[K[A[1Gpulling manifest [K
pulling 667b0c1932bc:  56% 笆補毎笆遺毎笆遺毎笆遺毎笆遺毎笆・       笆・2.7 GB/4.9 GB  7.3 MB/s   4m58s[K[A[1Gpulling manifest [K
pulling 667b0c1932bc:  56% 笆補毎笆遺毎笆遺毎笆遺毎笆遺毎笆・       笆・2.7 GB/4.9 GB  7.3 MB/s   4m58s[K[A[1Gpulling manifest [K
pulling 667b0c1932bc:  56% 笆補毎笆遺毎笆遺毎笆遺毎笆遺毎笆・       笆・2.7 GB/4.9 GB  7.3 MB/s   4m57s[K[A[1Gpulling manifest [K
pulling 667b0c1932bc:  56% 笆補毎笆遺毎笆遺毎笆遺毎笆遺毎笆・       笆・2.7 GB/4.9 GB  7.3 MB/s   4m57s[K[A[1Gpulling manifest [K
pulling 667b0c1932bc:  56% 笆補毎笆遺毎笆遺毎笆遺毎笆遺毎笆・       笆・2.7 GB/4.9 GB  7.3 MB/s   4m57s[K[A[1Gpulling manifest [K
pulling 667b0c1932bc:  56% 笆補毎笆遺毎笆遺毎笆遺毎笆遺毎笆・       笆・2.7 GB/4.9 GB  7.3 MB/s   4m57s[K[A[1Gpulling manifest [K
pulling 667b0c1932bc:  56% 笆補毎笆遺毎笆遺毎笆遺毎笆遺毎笆・       笆・2.7 GB/4.9 GB  7.3 MB/s   4m57s[K[A[1Gpulling manifest [K
pulling 667b0c1932bc:  56% 笆補毎笆遺毎笆遺毎笆遺毎笆遺毎笆・       笆・2.7 GB/4.9 GB  7.3 MB/s   4m57s[K[A[1Gpulling manifest [K
pulling 667b0c1932bc:  56% 笆補毎笆遺毎笆遺毎笆遺毎笆遺毎笆・       笆・2.7 GB/4.9 GB  7.3 MB/s   4m56s[K[A[1Gpulling manifest [K
pulling 667b0c1932bc:  56% 笆補毎笆遺毎笆遺毎笆遺毎笆遺毎笆・       笆・2.7 GB/4.9 GB  7.3 MB/s   4m56s[K[A[1Gpulling manifest [K
pulling 667b0c1932bc:  56% 笆補毎笆遺毎笆遺毎笆遺毎笆遺毎笆・       笆・2.7 GB/4.9 GB  7.3 MB/s   4m56s[K[A[1Gpulling manifest [K
pulling 667b0c1932bc:  56% 笆補毎笆遺毎笆遺毎笆遺毎笆遺毎笆・       笆・2.7 GB/4.9 GB  7.3 MB/s   4m56s[K[A[1Gpulling manifest [K
pulling 667b0c1932bc:  56% 笆補毎笆遺毎笆遺毎笆遺毎笆遺毎笆・       笆・2.7 GB/4.9 GB  7.3 MB/s   4m57s[K[A[1Gpulling manifest [K
pulling 667b0c1932bc:  56% 笆補毎笆遺毎笆遺毎笆遺毎笆遺毎笆・       笆・2.7 GB/4.9 GB  7.3 MB/s   4m56s[K[A[1Gpulling manifest [K
pulling 667b0c1932bc:  56% 笆補毎笆遺毎笆遺毎笆遺毎笆遺毎笆・       笆・2.7 GB/4.9 GB  7.3 MB/s   4m56s[K[A[1Gpulling manifest [K
pulling 667b0c1932bc:  56% 笆補毎笆遺毎笆遺毎笆遺毎笆遺毎笆・       笆・2.7 GB/4.9 GB  7.3 MB/s   4m56s[K[A[1Gpulling manifest [K
pulling 667b0c1932bc:  56% 笆補毎笆遺毎笆遺毎笆遺毎笆遺毎笆・       笆・2.8 GB/4.9 GB  7.3 MB/s   4m56s[K[A[1Gpulling manifest [K
pulling 667b0c1932bc:  56% 笆補毎笆遺毎笆遺毎笆遺毎笆遺毎笆・       笆・2.8 GB/4.9 GB  7.3 MB/s   4m56s[K[A[1Gpulling manifest [K
pulling 667b0c1932bc:  56% 笆補毎笆遺毎笆遺毎笆遺毎笆遺毎笆・       笆・2.8 GB/4.9 GB  7.3 MB/s   4m56s[K[A[1Gpulling manifest [K
pulling 667b0c1932bc:  56% 笆補毎笆遺毎笆遺毎笆遺毎笆遺毎笆・       笆・2.8 GB/4.9 GB  7.3 MB/s   4m56s[K[A[1Gpulling manifest [K
pulling 667b0c1932bc:  56% 笆補毎笆遺毎笆遺毎笆遺毎笆遺毎笆・       笆・2.8 GB/4.9 GB  7.3 MB/s   4m56s[K[A[1Gpulling manifest [K
pulling 667b0c1932bc:  56% 笆補毎笆遺毎笆遺毎笆遺毎笆遺毎笆・       笆・2.8 GB/4.9 GB  7.3 MB/s   4m56s[K[A[1Gpulling manifest [K
pulling 667b0c1932bc:  56% 笆補毎笆遺毎笆遺毎笆遺毎笆遺毎笆・       笆・2.8 GB/4.9 GB  7.2 MB/s    5m1s[K[A[1Gpulling manifest [K
pulling 667b0c1932bc:  56% 笆補毎笆遺毎笆遺毎笆遺毎笆遺毎笆・       笆・2.8 GB/4.9 GB  7.2 MB/s    5m1s[K[A[1Gpulling manifest [K
pulling 667b0c1932bc:  56% 笆補毎笆遺毎笆遺毎笆遺毎笆遺毎笆・       笆・2.8 GB/4.9 GB  7.2 MB/s    5m1s[K[A[1Gpulling manifest [K
pulling 667b0c1932bc:  56% 笆補毎笆遺毎笆遺毎笆遺毎笆遺毎笆・       笆・2.8 GB/4.9 GB  7.2 MB/s    5m1s[K[A[1Gpulling manifest [K
pulling 667b0c1932bc:  56% 笆補毎笆遺毎笆遺毎笆遺毎笆遺毎笆・       笆・2.8 GB/4.9 GB  7.2 MB/s    5m1s[K[A[1Gpulling manifest [K
pulling 667b0c1932bc:  56% 笆補毎笆遺毎笆遺毎笆遺毎笆遺毎笆・       笆・2.8 GB/4.9 GB  7.2 MB/s    5m1s[K[A[1Gpulling manifest [K
pulling 667b0c1932bc:  56% 笆補毎笆遺毎笆遺毎笆遺毎笆遺毎笆・       笆・2.8 GB/4.9 GB  7.2 MB/s    5m0s[K[A[1Gpulling manifest [K
pulling 667b0c1932bc:  56% 笆補毎笆遺毎笆遺毎笆遺毎笆遺毎笆・       笆・2.8 GB/4.9 GB  7.2 MB/s    5m0s[K[A[1Gpulling manifest [K
pulling 667b0c1932bc:  56% 笆補毎笆遺毎笆遺毎笆遺毎笆遺毎笆・       笆・2.8 GB/4.9 GB  7.2 MB/s    5m0s[K[A[1Gpulling manifest [K
pulling 667b0c1932bc:  56% 笆補毎笆遺毎笆遺毎笆遺毎笆遺毎笆・       笆・2.8 GB/4.9 GB  7.2 MB/s    5m0s[K[A[1Gpulling manifest [K
pulling 667b0c1932bc:  56% 笆補毎笆遺毎笆遺毎笆遺毎笆遺毎笆・       笆・2.8 GB/4.9 GB  7.2 MB/s    5m0s[K[A[1Gpulling manifest [K
pulling 667b0c1932bc:  56% 笆補毎笆遺毎笆遺毎笆遺毎笆遺毎笆・       笆・2.8 GB/4.9 GB  7.2 MB/s    5m0s[K[A[1Gpulling manifest [K
pulling 667b0c1932bc:  56% 笆補毎笆遺毎笆遺毎笆遺毎笆遺毎笆・       笆・2.8 GB/4.9 GB  7.2 MB/s    5m0s[K[A[1Gpulling manifest [K
pulling 667b0c1932bc:  56% 笆補毎笆遺毎笆遺毎笆遺毎笆遺毎笆・       笆・2.8 GB/4.9 GB  7.2 MB/s    5m0s[K[A[1Gpulling manifest [K
pulling 667b0c1932bc:  56% 笆補毎笆遺毎笆遺毎笆遺毎笆遺毎笆・       笆・2.8 GB/4.9 GB  7.2 MB/s    5m0s[K[A[1Gpulling manifest [K
pulling 667b0c1932bc:  56% 笆補毎笆遺毎笆遺毎笆遺毎笆遺毎笆・       笆・2.8 GB/4.9 GB  7.2 MB/s    5m0s[K[A[1Gpulling manifest [K
pulling 667b0c1932bc:  56% 笆補毎笆遺毎笆遺毎笆遺毎笆遺毎笆・       笆・2.8 GB/4.9 GB  7.2 MB/s   4m59s[K[A[1Gpulling manifest [K
pulling 667b0c1932bc:  56% 笆補毎笆遺毎笆遺毎笆遺毎笆遺毎笆・       笆・2.8 GB/4.9 GB  7.2 MB/s   4m59s[K[A[1Gpulling manifest [K
pulling 667b0c1932bc:  56% 笆補毎笆遺毎笆遺毎笆遺毎笆遺毎笆・       笆・2.8 GB/4.9 GB  7.2 MB/s   4m59s[K[A[1Gpulling manifest [K
pulling 667b0c1932bc:  56% 笆補毎笆遺毎笆遺毎笆遺毎笆遺毎笆・       笆・2.8 GB/4.9 GB  7.2 MB/s   4m59s[K[A[1Gpulling manifest [K
pulling 667b0c1932bc:  56% 笆補毎笆遺毎笆遺毎笆遺毎笆遺毎笆・       笆・2.8 GB/4.9 GB  7.2 MB/s   4m59s[K[A[1Gpulling manifest [K
pulling 667b0c1932bc:  56% 笆補毎笆遺毎笆遺毎笆遺毎笆遺毎笆・       笆・2.8 GB/4.9 GB  7.1 MB/s    5m1s[K[A[1Gpulling manifest [K
pulling 667b0c1932bc:  56% 笆補毎笆遺毎笆遺毎笆遺毎笆遺毎笆・       笆・2.8 GB/4.9 GB  7.1 MB/s    5m1s[K[A[1Gpulling manifest [K
pulling 667b0c1932bc:  56% 笆補毎笆遺毎笆遺毎笆遺毎笆遺毎笆・       笆・2.8 GB/4.9 GB  7.1 MB/s    5m1s[K[A[1Gpulling manifest [K
pulling 667b0c1932bc:  56% 笆補毎笆遺毎笆遺毎笆遺毎笆遺毎笆・       笆・2.8 GB/4.9 GB  7.1 MB/s    5m1s[K[A[1Gpulling manifest [K
pulling 667b0c1932bc:  56% 笆補毎笆遺毎笆遺毎笆遺毎笆遺毎笆・       笆・2.8 GB/4.9 GB  7.1 MB/s    5m1s[K[A[1Gpulling manifest [K
pulling 667b0c1932bc:  56% 笆補毎笆遺毎笆遺毎笆遺毎笆遺毎笆・       笆・2.8 GB/4.9 GB  7.1 MB/s    5m1s[K[A[1Gpulling manifest [K
pulling 667b0c1932bc:  56% 笆補毎笆遺毎笆遺毎笆遺毎笆遺毎笆・       笆・2.8 GB/4.9 GB  7.1 MB/s    5m0s[K[A[1Gpulling manifest [K
pulling 667b0c1932bc:  56% 笆補毎笆遺毎笆遺毎笆遺毎笆遺毎笆・       笆・2.8 GB/4.9 GB  7.1 MB/s    5m0s[K[A[1Gpulling manifest [K
pulling 667b0c1932bc:  56% 笆補毎笆遺毎笆遺毎笆遺毎笆遺毎笆・       笆・2.8 GB/4.9 GB  7.1 MB/s    5m0s[K[A[1Gpulling manifest [K
pulling 667b0c1932bc:  56% 笆補毎笆遺毎笆遺毎笆遺毎笆遺毎笆・       笆・2.8 GB/4.9 GB  7.1 MB/s    5m0s[K[A[1Gpulling manifest [K
pulling 667b0c1932bc:  56% 笆補毎笆遺毎笆遺毎笆遺毎笆遺毎笆・       笆・2.8 GB/4.9 GB  7.3 MB/s   4m53s[K[A[1Gpulling manifest [K
pulling 667b0c1932bc:  56% 笆補毎笆遺毎笆遺毎笆遺毎笆遺毎笆・       笆・2.8 GB/4.9 GB  7.3 MB/s   4m53s[K[A[1Gpulling manifest [K
pulling 667b0c1932bc:  56% 笆補毎笆遺毎笆遺毎笆遺毎笆遺毎笆・       笆・2.8 GB/4.9 GB  7.3 MB/s   4m53s[K[A[1Gpulling manifest [K
pulling 667b0c1932bc:  56% 笆補毎笆遺毎笆遺毎笆遺毎笆遺毎笆・       笆・2.8 GB/4.9 GB  7.3 MB/s   4m53s[K[A[1Gpulling manifest [K
pulling 667b0c1932bc:  57% 笆補毎笆遺毎笆遺毎笆遺毎笆遺毎笆・       笆・2.8 GB/4.9 GB  7.3 MB/s   4m53s[K[A[1Gpulling manifest [K
pulling 667b0c1932bc:  57% 笆補毎笆遺毎笆遺毎笆遺毎笆遺毎笆・       笆・2.8 GB/4.9 GB  7.3 MB/s   4m52s[K[A[1Gpulling manifest [K
pulling 667b0c1932bc:  57% 笆補毎笆遺毎笆遺毎笆遺毎笆遺毎笆・       笆・2.8 GB/4.9 GB  7.3 MB/s   4m52s[K[A[1Gpulling manifest [K
pulling 667b0c1932bc:  57% 笆補毎笆遺毎笆遺毎笆遺毎笆遺毎笆・       笆・2.8 GB/4.9 GB  7.3 MB/s   4m52s[K[A[1Gpulling manifest [K
pulling 667b0c1932bc:  57% 笆補毎笆遺毎笆遺毎笆遺毎笆遺毎笆・       笆・2.8 GB/4.9 GB  7.3 MB/s   4m52s[K[A[1Gpulling manifest [K
pulling 667b0c1932bc:  57% 笆補毎笆遺毎笆遺毎笆遺毎笆遺毎笆・       笆・2.8 GB/4.9 GB  7.3 MB/s   4m52s[K[A[1Gpulling manifest [K
pulling 667b0c1932bc:  57% 笆補毎笆遺毎笆遺毎笆遺毎笆遺毎笆・       笆・2.8 GB/4.9 GB  7.3 MB/s   4m54s[K[A[1Gpulling manifest [K
pulling 667b0c1932bc:  57% 笆補毎笆遺毎笆遺毎笆遺毎笆遺毎笆・       笆・2.8 GB/4.9 GB  7.3 MB/s   4m54s[K[A[1Gpulling manifest [K
pulling 667b0c1932bc:  57% 笆補毎笆遺毎笆遺毎笆遺毎笆遺毎笆・       笆・2.8 GB/4.9 GB  7.3 MB/s   4m54s[K[A[1Gpulling manifest [K
pulling 667b0c1932bc:  57% 笆補毎笆遺毎笆遺毎笆遺毎笆遺毎笆・       笆・2.8 GB/4.9 GB  7.3 MB/s   4m54s[K[A[1Gpulling manifest [K
pulling 667b0c1932bc:  57% 笆補毎笆遺毎笆遺毎笆遺毎笆遺毎笆・       笆・2.8 GB/4.9 GB  7.3 MB/s   4m54s[K[A[1Gpulling manifest [K
pulling 667b0c1932bc:  57% 笆補毎笆遺毎笆遺毎笆遺毎笆遺毎笆・       笆・2.8 GB/4.9 GB  7.3 MB/s   4m54s[K[A[1Gpulling manifest [K
pulling 667b0c1932bc:  57% 笆補毎笆遺毎笆遺毎笆遺毎笆遺毎笆・       笆・2.8 GB/4.9 GB  7.3 MB/s   4m53s[K[A[1Gpulling manifest [K
pulling 667b0c1932bc:  57% 笆補毎笆遺毎笆遺毎笆遺毎笆遺毎笆・       笆・2.8 GB/4.9 GB  7.3 MB/s   4m53s[K[A[1Gpulling manifest [K
pulling 667b0c1932bc:  57% 笆補毎笆遺毎笆遺毎笆遺毎笆遺毎笆・       笆・2.8 GB/4.9 GB  7.3 MB/s   4m53s[K[A[1Gpulling manifest [K
pulling 667b0c1932bc:  57% 笆補毎笆遺毎笆遺毎笆遺毎笆遺毎笆・       笆・2.8 GB/4.9 GB  7.3 MB/s   4m53s[K[A[1Gpulling manifest [K
pulling 667b0c1932bc:  57% 笆補毎笆遺毎笆遺毎笆遺毎笆遺毎笆・       笆・2.8 GB/4.9 GB  7.4 MB/s   4m49s[K[A[1Gpulling manifest [K
pulling 667b0c1932bc:  57% 笆補毎笆遺毎笆遺毎笆遺毎笆遺毎笆・       笆・2.8 GB/4.9 GB  7.4 MB/s   4m49s[K[A[1Gpulling manifest [K
pulling 667b0c1932bc:  57% 笆補毎笆遺毎笆遺毎笆遺毎笆遺毎笆・       笆・2.8 GB/4.9 GB  7.4 MB/s   4m49s[K[A[1Gpulling manifest [K
pulling 667b0c1932bc:  57% 笆補毎笆遺毎笆遺毎笆遺毎笆遺毎笆・       笆・2.8 GB/4.9 GB  7.4 MB/s   4m49s[K[A[1Gpulling manifest [K
pulling 667b0c1932bc:  57% 笆補毎笆遺毎笆遺毎笆遺毎笆遺毎笆・       笆・2.8 GB/4.9 GB  7.4 MB/s   4m49s[K[A[1Gpulling manifest [K
pulling 667b0c1932bc:  57% 笆補毎笆遺毎笆遺毎笆遺毎笆遺毎笆・       笆・2.8 GB/4.9 GB  7.4 MB/s   4m49s[K[A[1Gpulling manifest [K
pulling 667b0c1932bc:  57% 笆補毎笆遺毎笆遺毎笆遺毎笆遺毎笆・       笆・2.8 GB/4.9 GB  7.4 MB/s   4m49s[K[A[1Gpulling manifest [K
pulling 667b0c1932bc:  57% 笆補毎笆遺毎笆遺毎笆遺毎笆遺毎笆・       笆・2.8 GB/4.9 GB  7.4 MB/s   4m48s[K[A[1Gpulling manifest [K
pulling 667b0c1932bc:  57% 笆補毎笆遺毎笆遺毎笆遺毎笆遺毎笆・       笆・2.8 GB/4.9 GB  7.4 MB/s   4m48s[K[A[1Gpulling manifest [K
pulling 667b0c1932bc:  57% 笆補毎笆遺毎笆遺毎笆遺毎笆遺毎笆・       笆・2.8 GB/4.9 GB  7.4 MB/s   4m48s[K[A[1Gpulling manifest [K
pulling 667b0c1932bc:  57% 笆補毎笆遺毎笆遺毎笆遺毎笆遺毎笆・       笆・2.8 GB/4.9 GB  7.4 MB/s   4m45s[K[A[1Gpulling manifest [K
pulling 667b0c1932bc:  57% 笆補毎笆遺毎笆遺毎笆遺毎笆遺毎笆・       笆・2.8 GB/4.9 GB  7.4 MB/s   4m45s[K[A[1Gpulling manifest [K
pulling 667b0c1932bc:  57% 笆補毎笆遺毎笆遺毎笆遺毎笆遺毎笆・       笆・2.8 GB/4.9 GB  7.4 MB/s   4m45s[K[A[1Gpulling manifest [K
pulling 667b0c1932bc:  57% 笆補毎笆遺毎笆遺毎笆遺毎笆遺毎笆・       笆・2.8 GB/4.9 GB  7.4 MB/s   4m45s[K[A[1Gpulling manifest [K
pulling 667b0c1932bc:  57% 笆補毎笆遺毎笆遺毎笆遺毎笆遺毎笆・       笆・2.8 GB/4.9 GB  7.4 MB/s   4m45s[K[A[1Gpulling manifest [K
pulling 667b0c1932bc:  57% 笆補毎笆遺毎笆遺毎笆遺毎笆遺毎笆・       笆・2.8 GB/4.9 GB  7.4 MB/s   4m45s[K[A[1Gpulling manifest [K
pulling 667b0c1932bc:  57% 笆補毎笆遺毎笆遺毎笆遺毎笆遺毎笆・       笆・2.8 GB/4.9 GB  7.4 MB/s   4m44s[K[A[1Gpulling manifest [K
pulling 667b0c1932bc:  57% 笆補毎笆遺毎笆遺毎笆遺毎笆遺毎笆・       笆・2.8 GB/4.9 GB  7.4 MB/s   4m44s[K[A[1Gpulling manifest [K
pulling 667b0c1932bc:  57% 笆補毎笆遺毎笆遺毎笆遺毎笆遺毎笆・       笆・2.8 GB/4.9 GB  7.4 MB/s   4m44s[K[A[1Gpulling manifest [K
pulling 667b0c1932bc:  57% 笆補毎笆遺毎笆遺毎笆遺毎笆遺毎笆・       笆・2.8 GB/4.9 GB  7.4 MB/s   4m44s[K[A[1Gpulling manifest [K
pulling 667b0c1932bc:  57% 笆補毎笆遺毎笆遺毎笆遺毎笆遺毎笆・       笆・2.8 GB/4.9 GB  7.4 MB/s   4m44s[K[A[1Gpulling manifest [K
pulling 667b0c1932bc:  57% 笆補毎笆遺毎笆遺毎笆遺毎笆遺毎笆・       笆・2.8 GB/4.9 GB  7.4 MB/s   4m46s[K[A[1Gpulling manifest [K
pulling 667b0c1932bc:  57% 笆補毎笆遺毎笆遺毎笆遺毎笆遺毎笆・       笆・2.8 GB/4.9 GB  7.4 MB/s   4m46s[K[A[1Gpulling manifest [K
pulling 667b0c1932bc:  57% 笆補毎笆遺毎笆遺毎笆遺毎笆遺毎笆・       笆・2.8 GB/4.9 GB  7.4 MB/s   4m46s[K[A[1Gpulling manifest [K
pulling 667b0c1932bc:  57% 笆補毎笆遺毎笆遺毎笆遺毎笆遺毎笆・       笆・2.8 GB/4.9 GB  7.4 MB/s   4m46s[K[A[1Gpulling manifest [K
pulling 667b0c1932bc:  57% 笆補毎笆遺毎笆遺毎笆遺毎笆遺毎笆・       笆・2.8 GB/4.9 GB  7.4 MB/s   4m46s[K[A[1Gpulling manifest [K
pulling 667b0c1932bc:  57% 笆補毎笆遺毎笆遺毎笆遺毎笆遺毎笆・       笆・2.8 GB/4.9 GB  7.4 MB/s   4m46s[K[A[1Gpulling manifest [K
pulling 667b0c1932bc:  57% 笆補毎笆遺毎笆遺毎笆遺毎笆遺毎笆・       笆・2.8 GB/4.9 GB  7.4 MB/s   4m45s[K[A[1Gpulling manifest [K
pulling 667b0c1932bc:  57% 笆補毎笆遺毎笆遺毎笆遺毎笆遺毎笆・       笆・2.8 GB/4.9 GB  7.4 MB/s   4m45s[K[A[1Gpulling manifest [K
pulling 667b0c1932bc:  57% 笆補毎笆遺毎笆遺毎笆遺毎笆遺毎笆・       笆・2.8 GB/4.9 GB  7.4 MB/s   4m45s[K[A[1Gpulling manifest [K
pulling 667b0c1932bc:  57% 笆補毎笆遺毎笆遺毎笆遺毎笆遺毎笆・       笆・2.8 GB/4.9 GB  7.4 MB/s   4m45s[K[A[1Gpulling manifest [K
pulling 667b0c1932bc:  57% 笆補毎笆遺毎笆遺毎笆遺毎笆遺毎笆・       笆・2.8 GB/4.9 GB  7.4 MB/s   4m45s[K[A[1Gpulling manifest [K
pulling 667b0c1932bc:  57% 笆補毎笆遺毎笆遺毎笆遺毎笆遺毎笆・       笆・2.8 GB/4.9 GB  7.4 MB/s   4m45s[K[A[1Gpulling manifest [K
pulling 667b0c1932bc:  57% 笆補毎笆遺毎笆遺毎笆遺毎笆遺毎笆・       笆・2.8 GB/4.9 GB  7.4 MB/s   4m45s[K[A[1Gpulling manifest [K
pulling 667b0c1932bc:  57% 笆補毎笆遺毎笆遺毎笆遺毎笆遺毎笆・       笆・2.8 GB/4.9 GB  7.4 MB/s   4m45s[K[A[1Gpulling manifest [K
pulling 667b0c1932bc:  57% 笆補毎笆遺毎笆遺毎笆遺毎笆遺毎笆・       笆・2.8 GB/4.9 GB  7.4 MB/s   4m45s[K[A[1Gpulling manifest [K
pulling 667b0c1932bc:  57% 笆補毎笆遺毎笆遺毎笆遺毎笆遺毎笆・       笆・2.8 GB/4.9 GB  7.4 MB/s   4m45s[K[A[1Gpulling manifest [K
pulling 667b0c1932bc:  57% 笆補毎笆遺毎笆遺毎笆遺毎笆遺毎笆・       笆・2.8 GB/4.9 GB  7.4 MB/s   4m45s[K[A[1Gpulling manifest [K
pulling 667b0c1932bc:  57% 笆補毎笆遺毎笆遺毎笆遺毎笆遺毎笆・       笆・2.8 GB/4.9 GB  7.4 MB/s   4m44s[K[A[1Gpulling manifest [K
pulling 667b0c1932bc:  57% 笆補毎笆遺毎笆遺毎笆遺毎笆遺毎笆・       笆・2.8 GB/4.9 GB  7.4 MB/s   4m44s[K[A[1Gpulling manifest [K
pulling 667b0c1932bc:  57% 笆補毎笆遺毎笆遺毎笆遺毎笆遺毎笆・       笆・2.8 GB/4.9 GB  7.4 MB/s   4m44s[K[A[1Gpulling manifest [K
pulling 667b0c1932bc:  57% 笆補毎笆遺毎笆遺毎笆遺毎笆遺毎笆・       笆・2.8 GB/4.9 GB  7.5 MB/s   4m40s[K[A[1Gpulling manifest [K
pulling 667b0c1932bc:  57% 笆補毎笆遺毎笆遺毎笆遺毎笆遺毎笆・       笆・2.8 GB/4.9 GB  7.5 MB/s   4m40s[K[A[1Gpulling manifest [K
pulling 667b0c1932bc:  57% 笆補毎笆遺毎笆遺毎笆遺毎笆遺毎笆・       笆・2.8 GB/4.9 GB  7.5 MB/s   4m40s[K[A[1Gpulling manifest [K
pulling 667b0c1932bc:  57% 笆補毎笆遺毎笆遺毎笆遺毎笆遺毎笆・       笆・2.8 GB/4.9 GB  7.5 MB/s   4m40s[K[A[1Gpulling manifest [K
pulling 667b0c1932bc:  57% 笆補毎笆遺毎笆遺毎笆遺毎笆遺毎笆・       笆・2.8 GB/4.9 GB  7.5 MB/s   4m39s[K[A[1Gpulling manifest [K
pulling 667b0c1932bc:  57% 笆補毎笆遺毎笆遺毎笆遺毎笆遺毎笆・       笆・2.8 GB/4.9 GB  7.5 MB/s   4m39s[K[A[1Gpulling manifest [K
pulling 667b0c1932bc:  57% 笆補毎笆遺毎笆遺毎笆遺毎笆遺毎笆・       笆・2.8 GB/4.9 GB  7.5 MB/s   4m39s[K[A[1Gpulling manifest [K
pulling 667b0c1932bc:  57% 笆補毎笆遺毎笆遺毎笆遺毎笆遺毎笆・       笆・2.8 GB/4.9 GB  7.5 MB/s   4m39s[K[A[1Gpulling manifest [K
pulling 667b0c1932bc:  57% 笆補毎笆遺毎笆遺毎笆遺毎笆遺毎笆・       笆・2.8 GB/4.9 GB  7.5 MB/s   4m39s[K[A[1Gpulling manifest [K
pulling 667b0c1932bc:  57% 笆補毎笆遺毎笆遺毎笆遺毎笆遺毎笆・       笆・2.8 GB/4.9 GB  7.5 MB/s   4m39s[K[A[1Gpulling manifest [K
pulling 667b0c1932bc:  57% 笆補毎笆遺毎笆遺毎笆遺毎笆遺毎笆・       笆・2.8 GB/4.9 GB  7.5 MB/s   4m39s[K[A[1Gpulling manifest [K
pulling 667b0c1932bc:  58% 笆補毎笆遺毎笆遺毎笆遺毎笆遺毎笆・       笆・2.8 GB/4.9 GB  7.5 MB/s   4m39s[K[A[1Gpulling manifest [K
pulling 667b0c1932bc:  58% 笆補毎笆遺毎笆遺毎笆遺毎笆遺毎笆・       笆・2.8 GB/4.9 GB  7.5 MB/s   4m39s[K[A[1Gpulling manifest [K
pulling 667b0c1932bc:  58% 笆補毎笆遺毎笆遺毎笆遺毎笆遺毎笆・       笆・2.8 GB/4.9 GB  7.5 MB/s   4m39s[K[A[1Gpulling manifest [K
pulling 667b0c1932bc:  58% 笆補毎笆遺毎笆遺毎笆遺毎笆遺毎笆・       笆・2.8 GB/4.9 GB  7.5 MB/s   4m38s[K[A[1Gpulling manifest [K
pulling 667b0c1932bc:  58% 笆補毎笆遺毎笆遺毎笆遺毎笆遺毎笆・       笆・2.8 GB/4.9 GB  7.5 MB/s   4m38s[K[A[1Gpulling manifest [K
pulling 667b0c1932bc:  58% 笆補毎笆遺毎笆遺毎笆遺毎笆遺毎笆・       笆・2.8 GB/4.9 GB  7.5 MB/s   4m38s[K[A[1Gpulling manifest [K
pulling 667b0c1932bc:  58% 笆補毎笆遺毎笆遺毎笆遺毎笆遺毎笆・       笆・2.8 GB/4.9 GB  7.5 MB/s   4m38s[K[A[1Gpulling manifest [K
pulling 667b0c1932bc:  58% 笆補毎笆遺毎笆遺毎笆遺毎笆遺毎笆・       笆・2.8 GB/4.9 GB  7.5 MB/s   4m38s[K[A[1Gpulling manifest [K
pulling 667b0c1932bc:  58% 笆補毎笆遺毎笆遺毎笆遺毎笆遺毎笆・       笆・2.8 GB/4.9 GB  7.5 MB/s   4m38s[K[A[1Gpulling manifest [K
pulling 667b0c1932bc:  58% 笆補毎笆遺毎笆遺毎笆遺毎笆遺毎笆・       笆・2.8 GB/4.9 GB  7.7 MB/s   4m31s[K[A[1Gpulling manifest [K
pulling 667b0c1932bc:  58% 笆補毎笆遺毎笆遺毎笆遺毎笆遺毎笆・       笆・2.8 GB/4.9 GB  7.7 MB/s   4m31s[K[A[1Gpulling manifest [K
pulling 667b0c1932bc:  58% 笆補毎笆遺毎笆遺毎笆遺毎笆遺毎笆・       笆・2.8 GB/4.9 GB  7.7 MB/s   4m31s[K[A[1Gpulling manifest [K
pulling 667b0c1932bc:  58% 笆補毎笆遺毎笆遺毎笆遺毎笆遺毎笆・       笆・2.8 GB/4.9 GB  7.7 MB/s   4m31s[K[A[1Gpulling manifest [K
pulling 667b0c1932bc:  58% 笆補毎笆遺毎笆遺毎笆遺毎笆遺毎笆・       笆・2.8 GB/4.9 GB  7.7 MB/s   4m31s[K[A[1Gpulling manifest [K
pulling 667b0c1932bc:  58% 笆補毎笆遺毎笆遺毎笆遺毎笆遺毎笆・       笆・2.8 GB/4.9 GB  7.7 MB/s   4m31s[K[A[1Gpulling manifest [K
pulling 667b0c1932bc:  58% 笆補毎笆遺毎笆遺毎笆遺毎笆遺毎笆・       笆・2.8 GB/4.9 GB  7.7 MB/s   4m31s[K[A[1Gpulling manifest [K
pulling 667b0c1932bc:  58% 笆補毎笆遺毎笆遺毎笆遺毎笆遺毎笆・       笆・2.8 GB/4.9 GB  7.7 MB/s   4m31s[K[A[1Gpulling manifest [K
pulling 667b0c1932bc:  58% 笆補毎笆遺毎笆遺毎笆遺毎笆遺毎笆・       笆・2.8 GB/4.9 GB  7.7 MB/s   4m31s[K[A[1Gpulling manifest [K
pulling 667b0c1932bc:  58% 笆補毎笆遺毎笆遺毎笆遺毎笆遺毎笆・       笆・2.8 GB/4.9 GB  7.7 MB/s   4m31s[K[A[1Gpulling manifest [K
pulling 667b0c1932bc:  58% 笆補毎笆遺毎笆遺毎笆遺毎笆遺毎笆・       笆・2.8 GB/4.9 GB  7.7 MB/s   4m31s[K[A[1Gpulling manifest [K
pulling 667b0c1932bc:  58% 笆補毎笆遺毎笆遺毎笆遺毎笆遺毎笆・       笆・2.8 GB/4.9 GB  7.5 MB/s   4m38s[K[A[1Gpulling manifest [K
pulling 667b0c1932bc:  58% 笆補毎笆遺毎笆遺毎笆遺毎笆遺毎笆・       笆・2.8 GB/4.9 GB  7.5 MB/s   4m38s[K[A[1Gpulling manifest [K
pulling 667b0c1932bc:  58% 笆補毎笆遺毎笆遺毎笆遺毎笆遺毎笆・       笆・2.8 GB/4.9 GB  7.5 MB/s   4m38s[K[A[1Gpulling manifest [K
pulling 667b0c1932bc:  58% 笆補毎笆遺毎笆遺毎笆遺毎笆遺毎笆・       笆・2.8 GB/4.9 GB  7.5 MB/s   4m38s[K[A[1Gpulling manifest [K
pulling 667b0c1932bc:  58% 笆補毎笆遺毎笆遺毎笆遺毎笆遺毎笆・       笆・2.8 GB/4.9 GB  7.5 MB/s   4m37s[K[A[1Gpulling manifest [K
pulling 667b0c1932bc:  58% 笆補毎笆遺毎笆遺毎笆遺毎笆遺毎笆・       笆・2.8 GB/4.9 GB  7.5 MB/s   4m37s[K[A[1Gpulling manifest [K
pulling 667b0c1932bc:  58% 笆補毎笆遺毎笆遺毎笆遺毎笆遺毎笆・       笆・2.8 GB/4.9 GB  7.5 MB/s   4m37s[K[A[1Gpulling manifest [K
pulling 667b0c1932bc:  58% 笆補毎笆遺毎笆遺毎笆遺毎笆遺毎笆・       笆・2.8 GB/4.9 GB  7.5 MB/s   4m37s[K[A[1Gpulling manifest [K
pulling 667b0c1932bc:  58% 笆補毎笆遺毎笆遺毎笆遺毎笆遺毎笆・       笆・2.8 GB/4.9 GB  7.5 MB/s   4m37s[K[A[1Gpulling manifest [K
pulling 667b0c1932bc:  58% 笆補毎笆遺毎笆遺毎笆遺毎笆遺毎笆・       笆・2.9 GB/4.9 GB  7.5 MB/s   4m37s[K[A[1Gpulling manifest [K
pulling 667b0c1932bc:  58% 笆補毎笆遺毎笆遺毎笆遺毎笆遺毎笆・       笆・2.9 GB/4.9 GB  7.5 MB/s   4m34s[K[A[1Gpulling manifest [K
pulling 667b0c1932bc:  58% 笆補毎笆遺毎笆遺毎笆遺毎笆遺毎笆・       笆・2.9 GB/4.9 GB  7.5 MB/s   4m34s[K[A[1Gpulling manifest [K
pulling 667b0c1932bc:  58% 笆補毎笆遺毎笆遺毎笆遺毎笆遺毎笆・       笆・2.9 GB/4.9 GB  7.5 MB/s   4m33s[K[A[1Gpulling manifest [K
pulling 667b0c1932bc:  58% 笆補毎笆遺毎笆遺毎笆遺毎笆遺毎笆・       笆・2.9 GB/4.9 GB  7.5 MB/s   4m33s[K[A[1Gpulling manifest [K
pulling 667b0c1932bc:  58% 笆補毎笆遺毎笆遺毎笆遺毎笆遺毎笆・       笆・2.9 GB/4.9 GB  7.5 MB/s   4m33s[K[A[1Gpulling manifest [K
pulling 667b0c1932bc:  58% 笆補毎笆遺毎笆遺毎笆遺毎笆遺毎笆・       笆・2.9 GB/4.9 GB  7.5 MB/s   4m33s[K[A[1Gpulling manifest [K
pulling 667b0c1932bc:  58% 笆補毎笆遺毎笆遺毎笆遺毎笆遺毎笆・       笆・2.9 GB/4.9 GB  7.5 MB/s   4m33s[K[A[1Gpulling manifest [K
pulling 667b0c1932bc:  58% 笆補毎笆遺毎笆遺毎笆遺毎笆遺毎笆・       笆・2.9 GB/4.9 GB  7.5 MB/s   4m33s[K[A[1Gpulling manifest [K
pulling 667b0c1932bc:  58% 笆補毎笆遺毎笆遺毎笆遺毎笆遺毎笆・       笆・2.9 GB/4.9 GB  7.5 MB/s   4m33s[K[A[1Gpulling manifest [K
pulling 667b0c1932bc:  58% 笆補毎笆遺毎笆遺毎笆遺毎笆遺毎笆・       笆・2.9 GB/4.9 GB  7.5 MB/s   4m33s[K[A[1Gpulling manifest [K
pulling 667b0c1932bc:  58% 笆補毎笆遺毎笆遺毎笆遺毎笆遺毎笆・       笆・2.9 GB/4.9 GB  7.5 MB/s   4m36s[K[A[1Gpulling manifest [K
pulling 667b0c1932bc:  58% 笆補毎笆遺毎笆遺毎笆遺毎笆遺毎笆・       笆・2.9 GB/4.9 GB  7.5 MB/s   4m35s[K[A[1Gpulling manifest [K
pulling 667b0c1932bc:  58% 笆補毎笆遺毎笆遺毎笆遺毎笆遺毎笆・       笆・2.9 GB/4.9 GB  7.5 MB/s   4m35s[K[A[1Gpulling manifest [K
pulling 667b0c1932bc:  58% 笆補毎笆遺毎笆遺毎笆遺毎笆遺毎笆・       笆・2.9 GB/4.9 GB  7.5 MB/s   4m35s[K[A[1Gpulling manifest [K
pulling 667b0c1932bc:  58% 笆補毎笆遺毎笆遺毎笆遺毎笆遺毎笆・       笆・2.9 GB/4.9 GB  7.5 MB/s   4m35s[K[A[1Gpulling manifest [K
pulling 667b0c1932bc:  58% 笆補毎笆遺毎笆遺毎笆遺毎笆遺毎笆・       笆・2.9 GB/4.9 GB  7.5 MB/s   4m35s[K[A[1Gpulling manifest [K
pulling 667b0c1932bc:  58% 笆補毎笆遺毎笆遺毎笆遺毎笆遺毎笆・       笆・2.9 GB/4.9 GB  7.5 MB/s   4m35s[K[A[1Gpulling manifest [K
pulling 667b0c1932bc:  58% 笆補毎笆遺毎笆遺毎笆遺毎笆遺毎笆・       笆・2.9 GB/4.9 GB  7.5 MB/s   4m35s[K[A[1Gpulling manifest [K
pulling 667b0c1932bc:  58% 笆補毎笆遺毎笆遺毎笆遺毎笆遺毎笆・       笆・2.9 GB/4.9 GB  7.5 MB/s   4m35s[K[A[1Gpulling manifest [K
pulling 667b0c1932bc:  58% 笆補毎笆遺毎笆遺毎笆遺毎笆遺毎笆・       笆・2.9 GB/4.9 GB  7.5 MB/s   4m34s[K[A[1Gpulling manifest [K
pulling 667b0c1932bc:  58% 笆補毎笆遺毎笆遺毎笆遺毎笆遺毎笆・       笆・2.9 GB/4.9 GB  7.8 MB/s   4m24s[K[A[1Gpulling manifest [K
pulling 667b0c1932bc:  58% 笆補毎笆遺毎笆遺毎笆遺毎笆遺毎笆・       笆・2.9 GB/4.9 GB  7.8 MB/s   4m24s[K[A[1Gpulling manifest [K
pulling 667b0c1932bc:  58% 笆補毎笆遺毎笆遺毎笆遺毎笆遺毎笆・       笆・2.9 GB/4.9 GB  7.8 MB/s   4m24s[K[A[1Gpulling manifest [K
pulling 667b0c1932bc:  58% 笆補毎笆遺毎笆遺毎笆遺毎笆遺毎笆・       笆・2.9 GB/4.9 GB  7.8 MB/s   4m24s[K[A[1Gpulling manifest [K
pulling 667b0c1932bc:  58% 笆補毎笆遺毎笆遺毎笆遺毎笆遺毎笆・       笆・2.9 GB/4.9 GB  7.8 MB/s   4m24s[K[A[1Gpulling manifest [K
pulling 667b0c1932bc:  58% 笆補毎笆遺毎笆遺毎笆遺毎笆遺毎笆・       笆・2.9 GB/4.9 GB  7.8 MB/s   4m23s[K[A[1Gpulling manifest [K
pulling 667b0c1932bc:  58% 笆補毎笆遺毎笆遺毎笆遺毎笆遺毎笆・       笆・2.9 GB/4.9 GB  7.8 MB/s   4m23s[K[A[1Gpulling manifest [K
pulling 667b0c1932bc:  58% 笆補毎笆遺毎笆遺毎笆遺毎笆遺毎笆・       笆・2.9 GB/4.9 GB  7.8 MB/s   4m23s[K[A[1Gpulling manifest [K
pulling 667b0c1932bc:  58% 笆補毎笆遺毎笆遺毎笆遺毎笆遺毎笆・       笆・2.9 GB/4.9 GB  7.8 MB/s   4m23s[K[A[1Gpulling manifest [K
pulling 667b0c1932bc:  58% 笆補毎笆遺毎笆遺毎笆遺毎笆遺毎笆・       笆・2.9 GB/4.9 GB  7.8 MB/s   4m23s[K[A[1Gpulling manifest [K
pulling 667b0c1932bc:  58% 笆補毎笆遺毎笆遺毎笆遺毎笆遺毎笆・       笆・2.9 GB/4.9 GB  7.9 MB/s   4m18s[K[A[1Gpulling manifest [K
pulling 667b0c1932bc:  58% 笆補毎笆遺毎笆遺毎笆遺毎笆遺毎笆・       笆・2.9 GB/4.9 GB  7.9 MB/s   4m18s[K[A[1Gpulling manifest [K
pulling 667b0c1932bc:  59% 笆補毎笆遺毎笆遺毎笆遺毎笆遺毎笆・       笆・2.9 GB/4.9 GB  7.9 MB/s   4m18s[K[A[1Gpulling manifest [K
pulling 667b0c1932bc:  59% 笆補毎笆遺毎笆遺毎笆遺毎笆遺毎笆・       笆・2.9 GB/4.9 GB  7.9 MB/s   4m18s[K[A[1Gpulling manifest [K
pulling 667b0c1932bc:  59% 笆補毎笆遺毎笆遺毎笆遺毎笆遺毎笆・       笆・2.9 GB/4.9 GB  7.9 MB/s   4m18s[K[A[1Gpulling manifest [K
pulling 667b0c1932bc:  59% 笆補毎笆遺毎笆遺毎笆遺毎笆遺毎笆・       笆・2.9 GB/4.9 GB  7.9 MB/s   4m18s[K[A[1Gpulling manifest [K
pulling 667b0c1932bc:  59% 笆補毎笆遺毎笆遺毎笆遺毎笆遺毎笆・       笆・2.9 GB/4.9 GB  7.9 MB/s   4m18s[K[A[1Gpulling manifest [K
pulling 667b0c1932bc:  59% 笆補毎笆遺毎笆遺毎笆遺毎笆遺毎笆・       笆・2.9 GB/4.9 GB  7.9 MB/s   4m18s[K[A[1Gpulling manifest [K
pulling 667b0c1932bc:  59% 笆補毎笆遺毎笆遺毎笆遺毎笆遺毎笆・       笆・2.9 GB/4.9 GB  7.9 MB/s   4m18s[K[A[1Gpulling manifest [K
pulling 667b0c1932bc:  59% 笆補毎笆遺毎笆遺毎笆遺毎笆遺毎笆・       笆・2.9 GB/4.9 GB  7.9 MB/s   4m17s[K[A[1Gpulling manifest [K
pulling 667b0c1932bc:  59% 笆補毎笆遺毎笆遺毎笆遺毎笆遺毎笆・       笆・2.9 GB/4.9 GB  7.9 MB/s   4m17s[K[A[1Gpulling manifest [K
pulling 667b0c1932bc:  59% 笆補毎笆遺毎笆遺毎笆遺毎笆遺毎笆・       笆・2.9 GB/4.9 GB  8.2 MB/s    4m8s[K[A[1Gpulling manifest [K
pulling 667b0c1932bc:  59% 笆補毎笆遺毎笆遺毎笆遺毎笆遺毎笆・       笆・2.9 GB/4.9 GB  8.2 MB/s    4m8s[K[A[1Gpulling manifest [K
pulling 667b0c1932bc:  59% 笆補毎笆遺毎笆遺毎笆遺毎笆遺毎笆・       笆・2.9 GB/4.9 GB  8.2 MB/s    4m8s[K[A[1Gpulling manifest [K
pulling 667b0c1932bc:  59% 笆補毎笆遺毎笆遺毎笆遺毎笆遺毎笆・       笆・2.9 GB/4.9 GB  8.2 MB/s    4m7s[K[A[1Gpulling manifest [K
pulling 667b0c1932bc:  59% 笆補毎笆遺毎笆遺毎笆遺毎笆遺毎笆・       笆・2.9 GB/4.9 GB  8.2 MB/s    4m7s[K[A[1Gpulling manifest [K
pulling 667b0c1932bc:  59% 笆補毎笆遺毎笆遺毎笆遺毎笆遺毎笆・       笆・2.9 GB/4.9 GB  8.2 MB/s    4m7s[K[A[1Gpulling manifest [K
pulling 667b0c1932bc:  59% 笆補毎笆遺毎笆遺毎笆遺毎笆遺毎笆・       笆・2.9 GB/4.9 GB  8.2 MB/s    4m7s[K[A[1Gpulling manifest [K
pulling 667b0c1932bc:  59% 笆補毎笆遺毎笆遺毎笆遺毎笆遺毎笆・       笆・2.9 GB/4.9 GB  8.2 MB/s    4m7s[K[A[1Gpulling manifest [K
pulling 667b0c1932bc:  59% 笆補毎笆遺毎笆遺毎笆遺毎笆遺毎笆・       笆・2.9 GB/4.9 GB  8.2 MB/s    4m7s[K[A[1Gpulling manifest [K
pulling 667b0c1932bc:  59% 笆補毎笆遺毎笆遺毎笆遺毎笆遺毎笆・       笆・2.9 GB/4.9 GB  8.2 MB/s    4m7s[K[A[1Gpulling manifest [K
pulling 667b0c1932bc:  59% 笆補毎笆遺毎笆遺毎笆遺毎笆遺毎笆・       笆・2.9 GB/4.9 GB  8.2 MB/s    4m8s[K[A[1Gpulling manifest [K
pulling 667b0c1932bc:  59% 笆補毎笆遺毎笆遺毎笆遺毎笆遺毎笆・       笆・2.9 GB/4.9 GB  8.2 MB/s    4m8s[K[A[1Gpulling manifest [K
pulling 667b0c1932bc:  59% 笆補毎笆遺毎笆遺毎笆遺毎笆遺毎笆・       笆・2.9 GB/4.9 GB  8.2 MB/s    4m8s[K[A[1Gpulling manifest [K
pulling 667b0c1932bc:  59% 笆補毎笆遺毎笆遺毎笆遺毎笆遺毎笆・       笆・2.9 GB/4.9 GB  8.2 MB/s    4m8s[K[A[1Gpulling manifest [K
pulling 667b0c1932bc:  59% 笆補毎笆遺毎笆遺毎笆遺毎笆遺毎笆・       笆・2.9 GB/4.9 GB  8.2 MB/s    4m8s[K[A[1Gpulling manifest [K
pulling 667b0c1932bc:  59% 笆補毎笆遺毎笆遺毎笆遺毎笆遺毎笆・       笆・2.9 GB/4.9 GB  8.2 MB/s    4m8s[K[A[1Gpulling manifest [K
pulling 667b0c1932bc:  59% 笆補毎笆遺毎笆遺毎笆遺毎笆遺毎笆・       笆・2.9 GB/4.9 GB  8.2 MB/s    4m7s[K[A[1Gpulling manifest [K
pulling 667b0c1932bc:  59% 笆補毎笆遺毎笆遺毎笆遺毎笆遺毎笆・       笆・2.9 GB/4.9 GB  8.2 MB/s    4m7s[K[A[1Gpulling manifest [K
pulling 667b0c1932bc:  59% 笆補毎笆遺毎笆遺毎笆遺毎笆遺毎笆・       笆・2.9 GB/4.9 GB  8.2 MB/s    4m7s[K[A[1Gpulling manifest [K
pulling 667b0c1932bc:  59% 笆補毎笆遺毎笆遺毎笆遺毎笆遺毎笆・       笆・2.9 GB/4.9 GB  8.2 MB/s    4m7s[K[A[1Gpulling manifest [K
pulling 667b0c1932bc:  59% 笆補毎笆遺毎笆遺毎笆遺毎笆遺毎笆・       笆・2.9 GB/4.9 GB  8.1 MB/s    4m9s[K[A[1Gpulling manifest [K
pulling 667b0c1932bc:  59% 笆補毎笆遺毎笆遺毎笆遺毎笆遺毎笆・       笆・2.9 GB/4.9 GB  8.1 MB/s    4m9s[K[A[1Gpulling manifest [K
pulling 667b0c1932bc:  59% 笆補毎笆遺毎笆遺毎笆遺毎笆遺毎笆・       笆・2.9 GB/4.9 GB  8.1 MB/s    4m8s[K[A[1Gpulling manifest [K
pulling 667b0c1932bc:  59% 笆補毎笆遺毎笆遺毎笆遺毎笆遺毎笆・       笆・2.9 GB/4.9 GB  8.1 MB/s    4m8s[K[A[1Gpulling manifest [K
pulling 667b0c1932bc:  59% 笆補毎笆遺毎笆遺毎笆遺毎笆遺毎笆・       笆・2.9 GB/4.9 GB  8.1 MB/s    4m8s[K[A[1Gpulling manifest [K
pulling 667b0c1932bc:  59% 笆補毎笆遺毎笆遺毎笆遺毎笆遺毎笆・       笆・2.9 GB/4.9 GB  8.1 MB/s    4m8s[K[A[1Gpulling manifest [K
pulling 667b0c1932bc:  59% 笆補毎笆遺毎笆遺毎笆遺毎笆遺毎笆・       笆・2.9 GB/4.9 GB  8.1 MB/s    4m8s[K[A[1Gpulling manifest [K
pulling 667b0c1932bc:  59% 笆補毎笆遺毎笆遺毎笆遺毎笆遺毎笆・       笆・2.9 GB/4.9 GB  8.1 MB/s    4m8s[K[A[1Gpulling manifest [K
pulling 667b0c1932bc:  59% 笆補毎笆遺毎笆遺毎笆遺毎笆遺毎笆・       笆・2.9 GB/4.9 GB  8.1 MB/s    4m8s[K[A[1Gpulling manifest [K
pulling 667b0c1932bc:  59% 笆補毎笆遺毎笆遺毎笆遺毎笆遺毎笆・       笆・2.9 GB/4.9 GB  8.1 MB/s    4m8s[K[A[1Gpulling manifest [K
pulling 667b0c1932bc:  59% 笆補毎笆遺毎笆遺毎笆遺毎笆遺毎笆・       笆・2.9 GB/4.9 GB  8.1 MB/s    4m8s[K[A[1Gpulling manifest [K
pulling 667b0c1932bc:  59% 笆補毎笆遺毎笆遺毎笆遺毎笆遺毎笆・       笆・2.9 GB/4.9 GB  8.1 MB/s    4m8s[K[A[1Gpulling manifest [K
pulling 667b0c1932bc:  59% 笆補毎笆遺毎笆遺毎笆遺毎笆遺毎笆・       笆・2.9 GB/4.9 GB  8.1 MB/s    4m8s[K[A[1Gpulling manifest [K
pulling 667b0c1932bc:  59% 笆補毎笆遺毎笆遺毎笆遺毎笆遺毎笆・       笆・2.9 GB/4.9 GB  8.1 MB/s    4m8s[K[A[1Gpulling manifest [K
pulling 667b0c1932bc:  59% 笆補毎笆遺毎笆遺毎笆遺毎笆遺毎笆・       笆・2.9 GB/4.9 GB  8.1 MB/s    4m7s[K[A[1Gpulling manifest [K
pulling 667b0c1932bc:  59% 笆補毎笆遺毎笆遺毎笆遺毎笆遺毎笆・       笆・2.9 GB/4.9 GB  8.1 MB/s    4m7s[K[A[1Gpulling manifest [K
pulling 667b0c1932bc:  59% 笆補毎笆遺毎笆遺毎笆遺毎笆遺毎笆・       笆・2.9 GB/4.9 GB  8.1 MB/s    4m7s[K[A[1Gpulling manifest [K
pulling 667b0c1932bc:  59% 笆補毎笆遺毎笆遺毎笆遺毎笆遺毎笆・       笆・2.9 GB/4.9 GB  8.1 MB/s    4m7s[K[A[1Gpulling manifest [K
pulling 667b0c1932bc:  59% 笆補毎笆遺毎笆遺毎笆遺毎笆遺毎笆・       笆・2.9 GB/4.9 GB  8.1 MB/s    4m7s[K[A[1Gpulling manifest [K
pulling 667b0c1932bc:  59% 笆補毎笆遺毎笆遺毎笆遺毎笆遺毎笆・       笆・2.9 GB/4.9 GB  8.1 MB/s    4m7s[K[A[1Gpulling manifest [K
pulling 667b0c1932bc:  59% 笆補毎笆遺毎笆遺毎笆遺毎笆遺毎笆・       笆・2.9 GB/4.9 GB  8.2 MB/s    4m4s[K[A[1Gpulling manifest [K
pulling 667b0c1932bc:  59% 笆補毎笆遺毎笆遺毎笆遺毎笆遺毎笆・       笆・2.9 GB/4.9 GB  8.2 MB/s    4m4s[K[A[1Gpulling manifest [K
pulling 667b0c1932bc:  59% 笆補毎笆遺毎笆遺毎笆遺毎笆遺毎笆・       笆・2.9 GB/4.9 GB  8.2 MB/s    4m4s[K[A[1Gpulling manifest [K
pulling 667b0c1932bc:  59% 笆補毎笆遺毎笆遺毎笆遺毎笆遺毎笆・       笆・2.9 GB/4.9 GB  8.2 MB/s    4m4s[K[A[1Gpulling manifest [K
pulling 667b0c1932bc:  59% 笆補毎笆遺毎笆遺毎笆遺毎笆遺毎笆・       笆・2.9 GB/4.9 GB  8.2 MB/s    4m3s[K[A[1Gpulling manifest [K
pulling 667b0c1932bc:  59% 笆補毎笆遺毎笆遺毎笆遺毎笆遺毎笆・       笆・2.9 GB/4.9 GB  8.2 MB/s    4m3s[K[A[1Gpulling manifest [K
pulling 667b0c1932bc:  59% 笆補毎笆遺毎笆遺毎笆遺毎笆遺毎笆・       笆・2.9 GB/4.9 GB  8.2 MB/s    4m3s[K[A[1Gpulling manifest [K
pulling 667b0c1932bc:  59% 笆補毎笆遺毎笆遺毎笆遺毎笆遺毎笆・       笆・2.9 GB/4.9 GB  8.2 MB/s    4m3s[K[A[1Gpulling manifest [K
pulling 667b0c1932bc:  59% 笆補毎笆遺毎笆遺毎笆遺毎笆遺毎笆・       笆・2.9 GB/4.9 GB  8.2 MB/s    4m3s[K[A[1Gpulling manifest [K
pulling 667b0c1932bc:  59% 笆補毎笆遺毎笆遺毎笆遺毎笆遺毎笆・       笆・2.9 GB/4.9 GB  8.2 MB/s    4m3s[K[A[1Gpulling manifest [K
pulling 667b0c1932bc:  59% 笆補毎笆遺毎笆遺毎笆遺毎笆遺毎笆・       笆・2.9 GB/4.9 GB  8.2 MB/s    4m3s[K[A[1Gpulling manifest [K
pulling 667b0c1932bc:  59% 笆補毎笆遺毎笆遺毎笆遺毎笆遺毎笆・       笆・2.9 GB/4.9 GB  8.3 MB/s    4m1s[K[A[1Gpulling manifest [K
pulling 667b0c1932bc:  59% 笆補毎笆遺毎笆遺毎笆遺毎笆遺毎笆・       笆・2.9 GB/4.9 GB  8.3 MB/s    4m1s[K[A[1Gpulling manifest [K
pulling 667b0c1932bc:  60% 笆補毎笆遺毎笆遺毎笆遺毎笆遺毎笆・       笆・2.9 GB/4.9 GB  8.3 MB/s    4m1s[K[A[1Gpulling manifest [K
pulling 667b0c1932bc:  60% 笆補毎笆遺毎笆遺毎笆遺毎笆遺毎笆・       笆・2.9 GB/4.9 GB  8.3 MB/s    4m1s[K[A[1Gpulling manifest [K
pulling 667b0c1932bc:  60% 笆補毎笆遺毎笆遺毎笆遺毎笆遺毎笆・       笆・2.9 GB/4.9 GB  8.3 MB/s    4m1s[K[A[1Gpulling manifest [K
pulling 667b0c1932bc:  60% 笆補毎笆遺毎笆遺毎笆遺毎笆遺毎笆・       笆・2.9 GB/4.9 GB  8.3 MB/s    4m0s[K[A[1Gpulling manifest [K
pulling 667b0c1932bc:  60% 笆補毎笆遺毎笆遺毎笆遺毎笆遺毎笆・       笆・2.9 GB/4.9 GB  8.3 MB/s    4m0s[K[A[1Gpulling manifest [K
pulling 667b0c1932bc:  60% 笆補毎笆遺毎笆遺毎笆遺毎笆遺毎笆・       笆・2.9 GB/4.9 GB  8.3 MB/s    4m0s[K[A[1Gpulling manifest [K
pulling 667b0c1932bc:  60% 笆補毎笆遺毎笆遺毎笆遺毎笆遺毎笆・       笆・2.9 GB/4.9 GB  8.3 MB/s    4m0s[K[A[1Gpulling manifest [K
pulling 667b0c1932bc:  60% 笆補毎笆遺毎笆遺毎笆遺毎笆遺毎笆・       笆・2.9 GB/4.9 GB  8.3 MB/s    4m0s[K[A[1Gpulling manifest [K
pulling 667b0c1932bc:  60% 笆補毎笆遺毎笆遺毎笆遺毎笆遺毎笆・       笆・2.9 GB/4.9 GB  8.3 MB/s   3m59s[K[A[1Gpulling manifest [K
pulling 667b0c1932bc:  60% 笆補毎笆遺毎笆遺毎笆遺毎笆遺毎笆・       笆・2.9 GB/4.9 GB  8.3 MB/s   3m59s[K[A[1Gpulling manifest [K
pulling 667b0c1932bc:  60% 笆補毎笆遺毎笆遺毎笆遺毎笆遺毎笆・       笆・2.9 GB/4.9 GB  8.3 MB/s   3m59s[K[A[1Gpulling manifest [K
pulling 667b0c1932bc:  60% 笆補毎笆遺毎笆遺毎笆遺毎笆遺毎笆・       笆・2.9 GB/4.9 GB  8.3 MB/s   3m59s[K[A[1Gpulling manifest [K
pulling 667b0c1932bc:  60% 笆補毎笆遺毎笆遺毎笆遺毎笆遺毎笆・       笆・2.9 GB/4.9 GB  8.3 MB/s   3m59s[K[A[1Gpulling manifest [K
pulling 667b0c1932bc:  60% 笆補毎笆遺毎笆遺毎笆遺毎笆遺毎笆・       笆・2.9 GB/4.9 GB  8.3 MB/s   3m58s[K[A[1Gpulling manifest [K
pulling 667b0c1932bc:  60% 笆補毎笆遺毎笆遺毎笆遺毎笆遺毎笆・       笆・2.9 GB/4.9 GB  8.3 MB/s   3m58s[K[A[1Gpulling manifest [K
pulling 667b0c1932bc:  60% 笆補毎笆遺毎笆遺毎笆遺毎笆遺毎笆・       笆・2.9 GB/4.9 GB  8.3 MB/s   3m58s[K[A[1Gpulling manifest [K
pulling 667b0c1932bc:  60% 笆補毎笆遺毎笆遺毎笆遺毎笆遺毎笆・       笆・2.9 GB/4.9 GB  8.3 MB/s   3m58s[K[A[1Gpulling manifest [K
pulling 667b0c1932bc:  60% 笆補毎笆遺毎笆遺毎笆遺毎笆遺毎笆・       笆・2.9 GB/4.9 GB  8.3 MB/s   3m58s[K[A[1Gpulling manifest [K
pulling 667b0c1932bc:  60% 笆補毎笆遺毎笆遺毎笆遺毎笆遺毎笆・       笆・2.9 GB/4.9 GB  8.3 MB/s   3m56s[K[A[1Gpulling manifest [K
pulling 667b0c1932bc:  60% 笆補毎笆遺毎笆遺毎笆遺毎笆遺毎笆・       笆・2.9 GB/4.9 GB  8.3 MB/s   3m56s[K[A[1Gpulling manifest [K
pulling 667b0c1932bc:  60% 笆補毎笆遺毎笆遺毎笆遺毎笆遺毎笆・       笆・2.9 GB/4.9 GB  8.3 MB/s   3m56s[K[A[1Gpulling manifest [K
pulling 667b0c1932bc:  60% 笆補毎笆遺毎笆遺毎笆遺毎笆遺毎笆・       笆・2.9 GB/4.9 GB  8.3 MB/s   3m56s[K[A[1Gpulling manifest [K
pulling 667b0c1932bc:  60% 笆補毎笆遺毎笆遺毎笆遺毎笆遺毎笆・       笆・2.9 GB/4.9 GB  8.3 MB/s   3m56s[K[A[1Gpulling manifest [K
pulling 667b0c1932bc:  60% 笆補毎笆遺毎笆遺毎笆遺毎笆遺毎笆・       笆・2.9 GB/4.9 GB  8.3 MB/s   3m56s[K[A[1Gpulling manifest [K
pulling 667b0c1932bc:  60% 笆補毎笆遺毎笆遺毎笆遺毎笆遺毎笆・       笆・2.9 GB/4.9 GB  8.3 MB/s   3m56s[K[A[1Gpulling manifest [K
pulling 667b0c1932bc:  60% 笆補毎笆遺毎笆遺毎笆遺毎笆遺毎笆・       笆・3.0 GB/4.9 GB  8.3 MB/s   3m56s[K[A[1Gpulling manifest [K
pulling 667b0c1932bc:  60% 笆補毎笆遺毎笆遺毎笆遺毎笆遺毎笆・       笆・3.0 GB/4.9 GB  8.3 MB/s   3m56s[K[A[1Gpulling manifest [K
pulling 667b0c1932bc:  60% 笆補毎笆遺毎笆遺毎笆遺毎笆遺毎笆・       笆・3.0 GB/4.9 GB  8.3 MB/s   3m55s[K[A[1Gpulling manifest [K
pulling 667b0c1932bc:  60% 笆補毎笆遺毎笆遺毎笆遺毎笆遺毎笆・       笆・3.0 GB/4.9 GB  8.3 MB/s   3m55s[K[A[1Gpulling manifest [K
pulling 667b0c1932bc:  60% 笆補毎笆遺毎笆遺毎笆遺毎笆遺毎笆・       笆・3.0 GB/4.9 GB  8.3 MB/s   3m55s[K[A[1Gpulling manifest [K
pulling 667b0c1932bc:  60% 笆補毎笆遺毎笆遺毎笆遺毎笆遺毎笆・       笆・3.0 GB/4.9 GB  8.3 MB/s   3m55s[K[A[1Gpulling manifest [K
pulling 667b0c1932bc:  60% 笆補毎笆遺毎笆遺毎笆遺毎笆遺毎笆・       笆・3.0 GB/4.9 GB  8.3 MB/s   3m55s[K[A[1Gpulling manifest [K
pulling 667b0c1932bc:  60% 笆補毎笆遺毎笆遺毎笆遺毎笆遺毎笆・       笆・3.0 GB/4.9 GB  8.3 MB/s   3m55s[K[A[1Gpulling manifest [K
pulling 667b0c1932bc:  60% 笆補毎笆遺毎笆遺毎笆遺毎笆遺毎笆・       笆・3.0 GB/4.9 GB  8.3 MB/s   3m55s[K[A[1Gpulling manifest [K
pulling 667b0c1932bc:  60% 笆補毎笆遺毎笆遺毎笆遺毎笆遺毎笆・       笆・3.0 GB/4.9 GB  8.3 MB/s   3m55s[K[A[1Gpulling manifest [K
pulling 667b0c1932bc:  60% 笆補毎笆遺毎笆遺毎笆遺毎笆遺毎笆・       笆・3.0 GB/4.9 GB  8.3 MB/s   3m55s[K[A[1Gpulling manifest [K
pulling 667b0c1932bc:  60% 笆補毎笆遺毎笆遺毎笆遺毎笆遺毎笆・       笆・3.0 GB/4.9 GB  8.3 MB/s   3m54s[K[A[1Gpulling manifest [K
pulling 667b0c1932bc:  60% 笆補毎笆遺毎笆遺毎笆遺毎笆遺毎笆・       笆・3.0 GB/4.9 GB  8.3 MB/s   3m54s[K[A[1Gpulling manifest [K
pulling 667b0c1932bc:  60% 笆補毎笆遺毎笆遺毎笆遺毎笆遺毎笆・       笆・3.0 GB/4.9 GB  8.3 MB/s   3m55s[K[A[1Gpulling manifest [K
pulling 667b0c1932bc:  60% 笆補毎笆遺毎笆遺毎笆遺毎笆遺毎笆・       笆・3.0 GB/4.9 GB  8.3 MB/s   3m55s[K[A[1Gpulling manifest [K
pulling 667b0c1932bc:  60% 笆補毎笆遺毎笆遺毎笆遺毎笆遺毎笆・       笆・3.0 GB/4.9 GB  8.3 MB/s   3m55s[K[A[1Gpulling manifest [K
pulling 667b0c1932bc:  60% 笆補毎笆遺毎笆遺毎笆遺毎笆遺毎笆・       笆・3.0 GB/4.9 GB  8.3 MB/s   3m55s[K[A[1Gpulling manifest [K
pulling 667b0c1932bc:  60% 笆補毎笆遺毎笆遺毎笆遺毎笆遺毎笆・       笆・3.0 GB/4.9 GB  8.3 MB/s   3m55s[K[A[1Gpulling manifest [K
pulling 667b0c1932bc:  60% 笆補毎笆遺毎笆遺毎笆遺毎笆遺毎笆・       笆・3.0 GB/4.9 GB  8.3 MB/s   3m55s[K[A[1Gpulling manifest [K
pulling 667b0c1932bc:  60% 笆補毎笆遺毎笆遺毎笆遺毎笆遺毎笆・       笆・3.0 GB/4.9 GB  8.3 MB/s   3m54s[K[A[1Gpulling manifest [K
pulling 667b0c1932bc:  60% 笆補毎笆遺毎笆遺毎笆遺毎笆遺毎笆・       笆・3.0 GB/4.9 GB  8.3 MB/s   3m54s[K[A[1Gpulling manifest [K
pulling 667b0c1932bc:  60% 笆補毎笆遺毎笆遺毎笆遺毎笆遺毎笆・       笆・3.0 GB/4.9 GB  8.3 MB/s   3m54s[K[A[1Gpulling manifest [K
pulling 667b0c1932bc:  60% 笆補毎笆遺毎笆遺毎笆遺毎笆遺毎笆・       笆・3.0 GB/4.9 GB  8.3 MB/s   3m54s[K[A[1Gpulling manifest [K
pulling 667b0c1932bc:  60% 笆補毎笆遺毎笆遺毎笆遺毎笆遺毎笆・       笆・3.0 GB/4.9 GB  8.3 MB/s   3m54s[K[A[1Gpulling manifest [K
pulling 667b0c1932bc:  60% 笆補毎笆遺毎笆遺毎笆遺毎笆遺毎笆・       笆・3.0 GB/4.9 GB  8.5 MB/s   3m49s[K[A[1Gpulling manifest [K
pulling 667b0c1932bc:  60% 笆補毎笆遺毎笆遺毎笆遺毎笆遺毎笆・       笆・3.0 GB/4.9 GB  8.5 MB/s   3m49s[K[A[1Gpulling manifest [K
pulling 667b0c1932bc:  60% 笆補毎笆遺毎笆遺毎笆遺毎笆遺毎笆・       笆・3.0 GB/4.9 GB  8.5 MB/s   3m49s[K[A[1Gpulling manifest [K
pulling 667b0c1932bc:  60% 笆補毎笆遺毎笆遺毎笆遺毎笆遺毎笆・       笆・3.0 GB/4.9 GB  8.5 MB/s   3m49s[K[A[1Gpulling manifest [K
pulling 667b0c1932bc:  60% 笆補毎笆遺毎笆遺毎笆遺毎笆遺毎笆・       笆・3.0 GB/4.9 GB  8.5 MB/s   3m49s[K[A[1Gpulling manifest [K
pulling 667b0c1932bc:  60% 笆補毎笆遺毎笆遺毎笆遺毎笆遺毎笆・       笆・3.0 GB/4.9 GB  8.5 MB/s   3m49s[K[A[1Gpulling manifest [K
pulling 667b0c1932bc:  61% 笆補毎笆遺毎笆遺毎笆遺毎笆遺毎笆・       笆・3.0 GB/4.9 GB  8.5 MB/s   3m48s[K[A[1Gpulling manifest [K
pulling 667b0c1932bc:  61% 笆補毎笆遺毎笆遺毎笆遺毎笆遺毎笆・       笆・3.0 GB/4.9 GB  8.5 MB/s   3m48s[K[A[1Gpulling manifest [K
pulling 667b0c1932bc:  61% 笆補毎笆遺毎笆遺毎笆遺毎笆遺毎笆・       笆・3.0 GB/4.9 GB  8.5 MB/s   3m48s[K[A[1Gpulling manifest [K
pulling 667b0c1932bc:  61% 笆補毎笆遺毎笆遺毎笆遺毎笆遺毎笆・       笆・3.0 GB/4.9 GB  8.5 MB/s   3m48s[K[A[1Gpulling manifest [K
pulling 667b0c1932bc:  61% 笆補毎笆遺毎笆遺毎笆遺毎笆遺毎笆・       笆・3.0 GB/4.9 GB  8.9 MB/s   3m37s[K[A[1Gpulling manifest [K
pulling 667b0c1932bc:  61% 笆補毎笆遺毎笆遺毎笆遺毎笆遺毎笆・       笆・3.0 GB/4.9 GB  8.9 MB/s   3m37s[K[A[1Gpulling manifest [K
pulling 667b0c1932bc:  61% 笆補毎笆遺毎笆遺毎笆遺毎笆遺毎笆・       笆・3.0 GB/4.9 GB  8.9 MB/s   3m36s[K[A[1Gpulling manifest [K
pulling 667b0c1932bc:  61% 笆補毎笆遺毎笆遺毎笆遺毎笆遺毎笆・       笆・3.0 GB/4.9 GB  8.9 MB/s   3m36s[K[A[1Gpulling manifest [K
pulling 667b0c1932bc:  61% 笆補毎笆遺毎笆遺毎笆遺毎笆遺毎笆・       笆・3.0 GB/4.9 GB  8.9 MB/s   3m36s[K[A[1Gpulling manifest [K
pulling 667b0c1932bc:  61% 笆補毎笆遺毎笆遺毎笆遺毎笆遺毎笆・       笆・3.0 GB/4.9 GB  8.9 MB/s   3m36s[K[A[1Gpulling manifest [K
pulling 667b0c1932bc:  61% 笆補毎笆遺毎笆遺毎笆遺毎笆遺毎笆・       笆・3.0 GB/4.9 GB  8.9 MB/s   3m36s[K[A[1Gpulling manifest [K
pulling 667b0c1932bc:  61% 笆補毎笆遺毎笆遺毎笆遺毎笆遺毎笆・       笆・3.0 GB/4.9 GB  8.9 MB/s   3m36s[K[A[1Gpulling manifest [K
pulling 667b0c1932bc:  61% 笆補毎笆遺毎笆遺毎笆遺毎笆遺毎笆・       笆・3.0 GB/4.9 GB  8.9 MB/s   3m36s[K[A[1Gpulling manifest [K
pulling 667b0c1932bc:  61% 笆補毎笆遺毎笆遺毎笆遺毎笆遺毎笆・       笆・3.0 GB/4.9 GB  8.9 MB/s   3m36s[K[A[1Gpulling manifest [K
pulling 667b0c1932bc:  61% 笆補毎笆遺毎笆遺毎笆遺毎笆遺毎笆・       笆・3.0 GB/4.9 GB  9.1 MB/s   3m31s[K[A[1Gpulling manifest [K
pulling 667b0c1932bc:  61% 笆補毎笆遺毎笆遺毎笆遺毎笆遺毎笆・       笆・3.0 GB/4.9 GB  9.1 MB/s   3m31s[K[A[1Gpulling manifest [K
pulling 667b0c1932bc:  61% 笆補毎笆遺毎笆遺毎笆遺毎笆遺毎笆・       笆・3.0 GB/4.9 GB  9.1 MB/s   3m31s[K[A[1Gpulling manifest [K
pulling 667b0c1932bc:  61% 笆補毎笆遺毎笆遺毎笆遺毎笆遺毎笆・       笆・3.0 GB/4.9 GB  9.1 MB/s   3m31s[K[A[1Gpulling manifest [K
pulling 667b0c1932bc:  61% 笆補毎笆遺毎笆遺毎笆遺毎笆遺毎笆・       笆・3.0 GB/4.9 GB  9.1 MB/s   3m31s[K[A[1Gpulling manifest [K
pulling 667b0c1932bc:  61% 笆補毎笆遺毎笆遺毎笆遺毎笆遺毎笆・       笆・3.0 GB/4.9 GB  9.1 MB/s   3m31s[K[A[1Gpulling manifest [K
pulling 667b0c1932bc:  61% 笆補毎笆遺毎笆遺毎笆遺毎笆遺毎笆・       笆・3.0 GB/4.9 GB  9.1 MB/s   3m31s[K[A[1Gpulling manifest [K
pulling 667b0c1932bc:  61% 笆補毎笆遺毎笆遺毎笆遺毎笆遺毎笆・       笆・3.0 GB/4.9 GB  9.1 MB/s   3m31s[K[A[1Gpulling manifest [K
pulling 667b0c1932bc:  61% 笆補毎笆遺毎笆遺毎笆遺毎笆遺毎笆・       笆・3.0 GB/4.9 GB  9.1 MB/s   3m31s[K[A[1Gpulling manifest [K
pulling 667b0c1932bc:  61% 笆補毎笆遺毎笆遺毎笆遺毎笆遺毎笆・       笆・3.0 GB/4.9 GB  9.1 MB/s   3m31s[K[A[1Gpulling manifest [K
pulling 667b0c1932bc:  61% 笆補毎笆遺毎笆遺毎笆遺毎笆遺毎笆・       笆・3.0 GB/4.9 GB  9.2 MB/s   3m28s[K[A[1Gpulling manifest [K
pulling 667b0c1932bc:  61% 笆補毎笆遺毎笆遺毎笆遺毎笆遺毎笆・       笆・3.0 GB/4.9 GB  9.2 MB/s   3m28s[K[A[1Gpulling manifest [K
pulling 667b0c1932bc:  61% 笆補毎笆遺毎笆遺毎笆遺毎笆遺毎笆・       笆・3.0 GB/4.9 GB  9.2 MB/s   3m28s[K[A[1Gpulling manifest [K
pulling 667b0c1932bc:  61% 笆補毎笆遺毎笆遺毎笆遺毎笆遺毎笆・       笆・3.0 GB/4.9 GB  9.2 MB/s   3m28s[K[A[1Gpulling manifest [K
pulling 667b0c1932bc:  61% 笆補毎笆遺毎笆遺毎笆遺毎笆遺毎笆・       笆・3.0 GB/4.9 GB  9.2 MB/s   3m27s[K[A[1Gpulling manifest [K
pulling 667b0c1932bc:  61% 笆補毎笆遺毎笆遺毎笆遺毎笆遺毎笆・       笆・3.0 GB/4.9 GB  9.2 MB/s   3m27s[K[A[1Gpulling manifest [K
pulling 667b0c1932bc:  61% 笆補毎笆遺毎笆遺毎笆遺毎笆遺毎笆・       笆・3.0 GB/4.9 GB  9.2 MB/s   3m27s[K[A[1Gpulling manifest [K
pulling 667b0c1932bc:  61% 笆補毎笆遺毎笆遺毎笆遺毎笆遺毎笆・       笆・3.0 GB/4.9 GB  9.2 MB/s   3m27s[K[A[1Gpulling manifest [K
pulling 667b0c1932bc:  61% 笆補毎笆遺毎笆遺毎笆遺毎笆遺毎笆・       笆・3.0 GB/4.9 GB  9.2 MB/s   3m27s[K[A[1Gpulling manifest [K
pulling 667b0c1932bc:  61% 笆補毎笆遺毎笆遺毎笆遺毎笆遺毎笆遺毎       笆・3.0 GB/4.9 GB  9.2 MB/s   3m27s[K[A[1Gpulling manifest [K
pulling 667b0c1932bc:  61% 笆補毎笆遺毎笆遺毎笆遺毎笆遺毎笆遺毎       笆・3.0 GB/4.9 GB  9.2 MB/s   3m26s[K[A[1Gpulling manifest [K
pulling 667b0c1932bc:  61% 笆補毎笆遺毎笆遺毎笆遺毎笆遺毎笆遺毎       笆・3.0 GB/4.9 GB  9.2 MB/s   3m26s[K[A[1Gpulling manifest [K
pulling 667b0c1932bc:  61% 笆補毎笆遺毎笆遺毎笆遺毎笆遺毎笆遺毎       笆・3.0 GB/4.9 GB  9.2 MB/s   3m26s[K[A[1Gpulling manifest [K
pulling 667b0c1932bc:  61% 笆補毎笆遺毎笆遺毎笆遺毎笆遺毎笆遺毎       笆・3.0 GB/4.9 GB  9.2 MB/s   3m26s[K[A[1Gpulling manifest [K
pulling 667b0c1932bc:  61% 笆補毎笆遺毎笆遺毎笆遺毎笆遺毎笆遺毎       笆・3.0 GB/4.9 GB  9.2 MB/s   3m26s[K[A[1Gpulling manifest [K
pulling 667b0c1932bc:  61% 笆補毎笆遺毎笆遺毎笆遺毎笆遺毎笆遺毎       笆・3.0 GB/4.9 GB  9.2 MB/s   3m26s[K[A[1Gpulling manifest [K
pulling 667b0c1932bc:  61% 笆補毎笆遺毎笆遺毎笆遺毎笆遺毎笆遺毎       笆・3.0 GB/4.9 GB  9.2 MB/s   3m26s[K[A[1Gpulling manifest [K
pulling 667b0c1932bc:  61% 笆補毎笆遺毎笆遺毎笆遺毎笆遺毎笆遺毎       笆・3.0 GB/4.9 GB  9.2 MB/s   3m26s[K[A[1Gpulling manifest [K
pulling 667b0c1932bc:  61% 笆補毎笆遺毎笆遺毎笆遺毎笆遺毎笆遺毎       笆・3.0 GB/4.9 GB  9.2 MB/s   3m26s[K[A[1Gpulling manifest [K
pulling 667b0c1932bc:  61% 笆補毎笆遺毎笆遺毎笆遺毎笆遺毎笆遺毎       笆・3.0 GB/4.9 GB  9.2 MB/s   3m26s[K[A[1Gpulling manifest [K
pulling 667b0c1932bc:  61% 笆補毎笆遺毎笆遺毎笆遺毎笆遺毎笆遺毎       笆・3.0 GB/4.9 GB  9.2 MB/s   3m25s[K[A[1Gpulling manifest [K
pulling 667b0c1932bc:  61% 笆補毎笆遺毎笆遺毎笆遺毎笆遺毎笆遺毎       笆・3.0 GB/4.9 GB  9.5 MB/s   3m20s[K[A[1Gpulling manifest [K
pulling 667b0c1932bc:  61% 笆補毎笆遺毎笆遺毎笆遺毎笆遺毎笆遺毎       笆・3.0 GB/4.9 GB  9.5 MB/s   3m20s[K[A[1Gpulling manifest [K
pulling 667b0c1932bc:  61% 笆補毎笆遺毎笆遺毎笆遺毎笆遺毎笆遺毎       笆・3.0 GB/4.9 GB  9.5 MB/s   3m20s[K[A[1Gpulling manifest [K
pulling 667b0c1932bc:  61% 笆補毎笆遺毎笆遺毎笆遺毎笆遺毎笆遺毎       笆・3.0 GB/4.9 GB  9.5 MB/s   3m20s[K[A[1Gpulling manifest [K
pulling 667b0c1932bc:  61% 笆補毎笆遺毎笆遺毎笆遺毎笆遺毎笆遺毎       笆・3.0 GB/4.9 GB  9.5 MB/s   3m20s[K[A[1Gpulling manifest [K
pulling 667b0c1932bc:  61% 笆補毎笆遺毎笆遺毎笆遺毎笆遺毎笆遺毎       笆・3.0 GB/4.9 GB  9.5 MB/s   3m20s[K[A[1Gpulling manifest [K
pulling 667b0c1932bc:  61% 笆補毎笆遺毎笆遺毎笆遺毎笆遺毎笆遺毎       笆・3.0 GB/4.9 GB  9.5 MB/s   3m20s[K[A[1Gpulling manifest [K
pulling 667b0c1932bc:  61% 笆補毎笆遺毎笆遺毎笆遺毎笆遺毎笆遺毎       笆・3.0 GB/4.9 GB  9.5 MB/s   3m20s[K[A[1Gpulling manifest [K
pulling 667b0c1932bc:  61% 笆補毎笆遺毎笆遺毎笆遺毎笆遺毎笆遺毎       笆・3.0 GB/4.9 GB  9.5 MB/s   3m20s[K[A[1Gpulling manifest [K
pulling 667b0c1932bc:  62% 笆補毎笆遺毎笆遺毎笆遺毎笆遺毎笆遺毎       笆・3.0 GB/4.9 GB  9.5 MB/s   3m20s[K[A[1Gpulling manifest [K
pulling 667b0c1932bc:  62% 笆補毎笆遺毎笆遺毎笆遺毎笆遺毎笆遺毎       笆・3.0 GB/4.9 GB  9.2 MB/s   3m25s[K[A[1Gpulling manifest [K
pulling 667b0c1932bc:  62% 笆補毎笆遺毎笆遺毎笆遺毎笆遺毎笆遺毎       笆・3.0 GB/4.9 GB  9.2 MB/s   3m25s[K[A[1Gpulling manifest [K
pulling 667b0c1932bc:  62% 笆補毎笆遺毎笆遺毎笆遺毎笆遺毎笆遺毎       笆・3.0 GB/4.9 GB  9.2 MB/s   3m25s[K[A[1Gpulling manifest [K
pulling 667b0c1932bc:  62% 笆補毎笆遺毎笆遺毎笆遺毎笆遺毎笆遺毎       笆・3.0 GB/4.9 GB  9.2 MB/s   3m25s[K[A[1Gpulling manifest [K
pulling 667b0c1932bc:  62% 笆補毎笆遺毎笆遺毎笆遺毎笆遺毎笆遺毎       笆・3.0 GB/4.9 GB  9.2 MB/s   3m25s[K[A[1Gpulling manifest [K
pulling 667b0c1932bc:  62% 笆補毎笆遺毎笆遺毎笆遺毎笆遺毎笆遺毎       笆・3.0 GB/4.9 GB  9.2 MB/s   3m25s[K[A[1Gpulling manifest [K
pulling 667b0c1932bc:  62% 笆補毎笆遺毎笆遺毎笆遺毎笆遺毎笆遺毎       笆・3.0 GB/4.9 GB  9.2 MB/s   3m25s[K[A[1Gpulling manifest [K
pulling 667b0c1932bc:  62% 笆補毎笆遺毎笆遺毎笆遺毎笆遺毎笆遺毎       笆・3.0 GB/4.9 GB  9.2 MB/s   3m24s[K[A[1Gpulling manifest [K
pulling 667b0c1932bc:  62% 笆補毎笆遺毎笆遺毎笆遺毎笆遺毎笆遺毎       笆・3.0 GB/4.9 GB  9.2 MB/s   3m24s[K[A[1Gpulling manifest [K
pulling 667b0c1932bc:  62% 笆補毎笆遺毎笆遺毎笆遺毎笆遺毎笆遺毎       笆・3.0 GB/4.9 GB  9.2 MB/s   3m24s[K[A[1Gpulling manifest [K
pulling 667b0c1932bc:  62% 笆補毎笆遺毎笆遺毎笆遺毎笆遺毎笆遺毎       笆・3.0 GB/4.9 GB  9.5 MB/s   3m18s[K[A[1Gpulling manifest [K
pulling 667b0c1932bc:  62% 笆補毎笆遺毎笆遺毎笆遺毎笆遺毎笆遺毎       笆・3.0 GB/4.9 GB  9.5 MB/s   3m18s[K[A[1Gpulling manifest [K
pulling 667b0c1932bc:  62% 笆補毎笆遺毎笆遺毎笆遺毎笆遺毎笆遺毎       笆・3.0 GB/4.9 GB  9.5 MB/s   3m18s[K[A[1Gpulling manifest [K
pulling 667b0c1932bc:  62% 笆補毎笆遺毎笆遺毎笆遺毎笆遺毎笆遺毎       笆・3.0 GB/4.9 GB  9.5 MB/s   3m18s[K[A[1Gpulling manifest [K
pulling 667b0c1932bc:  62% 笆補毎笆遺毎笆遺毎笆遺毎笆遺毎笆遺毎       笆・3.0 GB/4.9 GB  9.5 MB/s   3m18s[K[A[1Gpulling manifest [K
pulling 667b0c1932bc:  62% 笆補毎笆遺毎笆遺毎笆遺毎笆遺毎笆遺毎       笆・3.0 GB/4.9 GB  9.5 MB/s   3m18s[K[A[1Gpulling manifest [K
pulling 667b0c1932bc:  62% 笆補毎笆遺毎笆遺毎笆遺毎笆遺毎笆遺毎       笆・3.0 GB/4.9 GB  9.5 MB/s   3m18s[K[A[1Gpulling manifest [K
pulling 667b0c1932bc:  62% 笆補毎笆遺毎笆遺毎笆遺毎笆遺毎笆遺毎       笆・3.0 GB/4.9 GB  9.5 MB/s   3m18s[K[A[1Gpulling manifest [K
pulling 667b0c1932bc:  62% 笆補毎笆遺毎笆遺毎笆遺毎笆遺毎笆遺毎       笆・3.0 GB/4.9 GB  9.5 MB/s   3m18s[K[A[1Gpulling manifest [K
pulling 667b0c1932bc:  62% 笆補毎笆遺毎笆遺毎笆遺毎笆遺毎笆遺毎       笆・3.0 GB/4.9 GB  9.5 MB/s   3m17s[K[A[1Gpulling manifest [K
pulling 667b0c1932bc:  62% 笆補毎笆遺毎笆遺毎笆遺毎笆遺毎笆遺毎       笆・3.0 GB/4.9 GB  9.4 MB/s   3m19s[K[A[1Gpulling manifest [K
pulling 667b0c1932bc:  62% 笆補毎笆遺毎笆遺毎笆遺毎笆遺毎笆遺毎       笆・3.0 GB/4.9 GB  9.4 MB/s   3m19s[K[A[1Gpulling manifest [K
pulling 667b0c1932bc:  62% 笆補毎笆遺毎笆遺毎笆遺毎笆遺毎笆遺毎       笆・3.0 GB/4.9 GB  9.4 MB/s   3m19s[K[A[1Gpulling manifest [K
pulling 667b0c1932bc:  62% 笆補毎笆遺毎笆遺毎笆遺毎笆遺毎笆遺毎       笆・3.1 GB/4.9 GB  9.4 MB/s   3m19s[K[A[1Gpulling manifest [K
pulling 667b0c1932bc:  62% 笆補毎笆遺毎笆遺毎笆遺毎笆遺毎笆遺毎       笆・3.1 GB/4.9 GB  9.4 MB/s   3m19s[K[A[1Gpulling manifest [K
pulling 667b0c1932bc:  62% 笆補毎笆遺毎笆遺毎笆遺毎笆遺毎笆遺毎       笆・3.1 GB/4.9 GB  9.4 MB/s   3m18s[K[A[1Gpulling manifest [K
pulling 667b0c1932bc:  62% 笆補毎笆遺毎笆遺毎笆遺毎笆遺毎笆遺毎       笆・3.1 GB/4.9 GB  9.4 MB/s   3m18s[K[A[1Gpulling manifest [K
pulling 667b0c1932bc:  62% 笆補毎笆遺毎笆遺毎笆遺毎笆遺毎笆遺毎       笆・3.1 GB/4.9 GB  9.4 MB/s   3m18s[K[A[1Gpulling manifest [K
pulling 667b0c1932bc:  62% 笆補毎笆遺毎笆遺毎笆遺毎笆遺毎笆遺毎       笆・3.1 GB/4.9 GB  9.4 MB/s   3m18s[K[A[1Gpulling manifest [K
pulling 667b0c1932bc:  62% 笆補毎笆遺毎笆遺毎笆遺毎笆遺毎笆遺毎       笆・3.1 GB/4.9 GB  9.4 MB/s   3m18s[K[A[1Gpulling manifest [K
pulling 667b0c1932bc:  62% 笆補毎笆遺毎笆遺毎笆遺毎笆遺毎笆遺毎       笆・3.1 GB/4.9 GB  9.5 MB/s   3m15s[K[A[1Gpulling manifest [K
pulling 667b0c1932bc:  62% 笆補毎笆遺毎笆遺毎笆遺毎笆遺毎笆遺毎       笆・3.1 GB/4.9 GB  9.5 MB/s   3m15s[K[A[1Gpulling manifest [K
pulling 667b0c1932bc:  62% 笆補毎笆遺毎笆遺毎笆遺毎笆遺毎笆遺毎       笆・3.1 GB/4.9 GB  9.5 MB/s   3m15s[K[A[1Gpulling manifest [K
pulling 667b0c1932bc:  62% 笆補毎笆遺毎笆遺毎笆遺毎笆遺毎笆遺毎       笆・3.1 GB/4.9 GB  9.5 MB/s   3m15s[K[A[1Gpulling manifest [K
pulling 667b0c1932bc:  62% 笆補毎笆遺毎笆遺毎笆遺毎笆遺毎笆遺毎       笆・3.1 GB/4.9 GB  9.5 MB/s   3m15s[K[A[1Gpulling manifest [K
pulling 667b0c1932bc:  62% 笆補毎笆遺毎笆遺毎笆遺毎笆遺毎笆遺毎       笆・3.1 GB/4.9 GB  9.5 MB/s   3m15s[K[A[1Gpulling manifest [K
pulling 667b0c1932bc:  62% 笆補毎笆遺毎笆遺毎笆遺毎笆遺毎笆遺毎       笆・3.1 GB/4.9 GB  9.5 MB/s   3m14s[K[A[1Gpulling manifest [K
pulling 667b0c1932bc:  62% 笆補毎笆遺毎笆遺毎笆遺毎笆遺毎笆遺毎       笆・3.1 GB/4.9 GB  9.5 MB/s   3m14s[K[A[1Gpulling manifest [K
pulling 667b0c1932bc:  62% 笆補毎笆遺毎笆遺毎笆遺毎笆遺毎笆遺毎       笆・3.1 GB/4.9 GB  9.5 MB/s   3m14s[K[A[1Gpulling manifest [K
pulling 667b0c1932bc:  62% 笆補毎笆遺毎笆遺毎笆遺毎笆遺毎笆遺毎       笆・3.1 GB/4.9 GB  9.5 MB/s   3m14s[K[A[1Gpulling manifest [K
pulling 667b0c1932bc:  62% 笆補毎笆遺毎笆遺毎笆遺毎笆遺毎笆遺毎       笆・3.1 GB/4.9 GB  9.5 MB/s   3m14s[K[A[1Gpulling manifest [K
pulling 667b0c1932bc:  62% 笆補毎笆遺毎笆遺毎笆遺毎笆遺毎笆遺毎       笆・3.1 GB/4.9 GB  9.3 MB/s   3m18s[K[A[1Gpulling manifest [K
pulling 667b0c1932bc:  62% 笆補毎笆遺毎笆遺毎笆遺毎笆遺毎笆遺毎       笆・3.1 GB/4.9 GB  9.3 MB/s   3m18s[K[A[1Gpulling manifest [K
pulling 667b0c1932bc:  62% 笆補毎笆遺毎笆遺毎笆遺毎笆遺毎笆遺毎       笆・3.1 GB/4.9 GB  9.3 MB/s   3m18s[K[A[1Gpulling manifest [K
pulling 667b0c1932bc:  62% 笆補毎笆遺毎笆遺毎笆遺毎笆遺毎笆遺毎       笆・3.1 GB/4.9 GB  9.3 MB/s   3m18s[K[A[1Gpulling manifest [K
pulling 667b0c1932bc:  62% 笆補毎笆遺毎笆遺毎笆遺毎笆遺毎笆遺毎       笆・3.1 GB/4.9 GB  9.3 MB/s   3m18s[K[A[1Gpulling manifest [K
pulling 667b0c1932bc:  62% 笆補毎笆遺毎笆遺毎笆遺毎笆遺毎笆遺毎       笆・3.1 GB/4.9 GB  9.3 MB/s   3m17s[K[A[1Gpulling manifest [K
pulling 667b0c1932bc:  62% 笆補毎笆遺毎笆遺毎笆遺毎笆遺毎笆遺毎       笆・3.1 GB/4.9 GB  9.3 MB/s   3m17s[K[A[1Gpulling manifest [K
pulling 667b0c1932bc:  62% 笆補毎笆遺毎笆遺毎笆遺毎笆遺毎笆遺毎       笆・3.1 GB/4.9 GB  9.3 MB/s   3m17s[K[A[1Gpulling manifest [K
pulling 667b0c1932bc:  62% 笆補毎笆遺毎笆遺毎笆遺毎笆遺毎笆遺毎       笆・3.1 GB/4.9 GB  9.3 MB/s   3m17s[K[A[1Gpulling manifest [K
pulling 667b0c1932bc:  62% 笆補毎笆遺毎笆遺毎笆遺毎笆遺毎笆遺毎       笆・3.1 GB/4.9 GB  9.3 MB/s   3m17s[K[A[1Gpulling manifest [K
pulling 667b0c1932bc:  63% 笆補毎笆遺毎笆遺毎笆遺毎笆遺毎笆遺毎       笆・3.1 GB/4.9 GB  9.3 MB/s   3m17s[K[A[1Gpulling manifest [K
pulling 667b0c1932bc:  63% 笆補毎笆遺毎笆遺毎笆遺毎笆遺毎笆遺毎       笆・3.1 GB/4.9 GB  9.3 MB/s   3m17s[K[A[1Gpulling manifest [K
pulling 667b0c1932bc:  63% 笆補毎笆遺毎笆遺毎笆遺毎笆遺毎笆遺毎       笆・3.1 GB/4.9 GB  9.3 MB/s   3m17s[K[A[1Gpulling manifest [K
pulling 667b0c1932bc:  63% 笆補毎笆遺毎笆遺毎笆遺毎笆遺毎笆遺毎       笆・3.1 GB/4.9 GB  9.3 MB/s   3m17s[K[A[1Gpulling manifest [K
pulling 667b0c1932bc:  63% 笆補毎笆遺毎笆遺毎笆遺毎笆遺毎笆遺毎       笆・3.1 GB/4.9 GB  9.3 MB/s   3m17s[K[A[1Gpulling manifest [K
pulling 667b0c1932bc:  63% 笆補毎笆遺毎笆遺毎笆遺毎笆遺毎笆遺毎       笆・3.1 GB/4.9 GB  9.3 MB/s   3m17s[K[A[1Gpulling manifest [K
pulling 667b0c1932bc:  63% 笆補毎笆遺毎笆遺毎笆遺毎笆遺毎笆遺毎       笆・3.1 GB/4.9 GB  9.3 MB/s   3m17s[K[A[1Gpulling manifest [K
pulling 667b0c1932bc:  63% 笆補毎笆遺毎笆遺毎笆遺毎笆遺毎笆遺毎       笆・3.1 GB/4.9 GB  9.3 MB/s   3m17s[K[A[1Gpulling manifest [K
pulling 667b0c1932bc:  63% 笆補毎笆遺毎笆遺毎笆遺毎笆遺毎笆遺毎       笆・3.1 GB/4.9 GB  9.3 MB/s   3m16s[K[A[1Gpulling manifest [K
pulling 667b0c1932bc:  63% 笆補毎笆遺毎笆遺毎笆遺毎笆遺毎笆遺毎       笆・3.1 GB/4.9 GB  9.3 MB/s   3m16s[K[A[1Gpulling manifest [K
pulling 667b0c1932bc:  63% 笆補毎笆遺毎笆遺毎笆遺毎笆遺毎笆遺毎       笆・3.1 GB/4.9 GB  9.6 MB/s   3m12s[K[A[1Gpulling manifest [K
pulling 667b0c1932bc:  63% 笆補毎笆遺毎笆遺毎笆遺毎笆遺毎笆遺毎       笆・3.1 GB/4.9 GB  9.6 MB/s   3m11s[K[A[1Gpulling manifest [K
pulling 667b0c1932bc:  63% 笆補毎笆遺毎笆遺毎笆遺毎笆遺毎笆遺毎       笆・3.1 GB/4.9 GB  9.6 MB/s   3m11s[K[A[1Gpulling manifest [K
pulling 667b0c1932bc:  63% 笆補毎笆遺毎笆遺毎笆遺毎笆遺毎笆遺毎       笆・3.1 GB/4.9 GB  9.6 MB/s   3m11s[K[A[1Gpulling manifest [K
pulling 667b0c1932bc:  63% 笆補毎笆遺毎笆遺毎笆遺毎笆遺毎笆遺毎       笆・3.1 GB/4.9 GB  9.6 MB/s   3m11s[K[A[1Gpulling manifest [K
pulling 667b0c1932bc:  63% 笆補毎笆遺毎笆遺毎笆遺毎笆遺毎笆遺毎       笆・3.1 GB/4.9 GB  9.6 MB/s   3m11s[K[A[1Gpulling manifest [K
pulling 667b0c1932bc:  63% 笆補毎笆遺毎笆遺毎笆遺毎笆遺毎笆遺毎       笆・3.1 GB/4.9 GB  9.6 MB/s   3m11s[K[A[1Gpulling manifest [K
pulling 667b0c1932bc:  63% 笆補毎笆遺毎笆遺毎笆遺毎笆遺毎笆遺毎       笆・3.1 GB/4.9 GB  9.6 MB/s   3m11s[K[A[1Gpulling manifest [K
pulling 667b0c1932bc:  63% 笆補毎笆遺毎笆遺毎笆遺毎笆遺毎笆遺毎       笆・3.1 GB/4.9 GB  9.6 MB/s   3m11s[K[A[1Gpulling manifest [K
pulling 667b0c1932bc:  63% 笆補毎笆遺毎笆遺毎笆遺毎笆遺毎笆遺毎       笆・3.1 GB/4.9 GB  9.6 MB/s   3m11s[K[A[1Gpulling manifest [K
pulling 667b0c1932bc:  63% 笆補毎笆遺毎笆遺毎笆遺毎笆遺毎笆遺毎       笆・3.1 GB/4.9 GB  9.4 MB/s   3m13s[K[A[1Gpulling manifest [K
pulling 667b0c1932bc:  63% 笆補毎笆遺毎笆遺毎笆遺毎笆遺毎笆遺毎       笆・3.1 GB/4.9 GB  9.4 MB/s   3m13s[K[A[1Gpulling manifest [K
pulling 667b0c1932bc:  63% 笆補毎笆遺毎笆遺毎笆遺毎笆遺毎笆遺毎       笆・3.1 GB/4.9 GB  9.4 MB/s   3m13s[K[A[1Gpulling manifest [K
pulling 667b0c1932bc:  63% 笆補毎笆遺毎笆遺毎笆遺毎笆遺毎笆遺毎       笆・3.1 GB/4.9 GB  9.4 MB/s   3m13s[K[A[1Gpulling manifest [K
pulling 667b0c1932bc:  63% 笆補毎笆遺毎笆遺毎笆遺毎笆遺毎笆遺毎       笆・3.1 GB/4.9 GB  9.4 MB/s   3m13s[K[A[1Gpulling manifest [K
pulling 667b0c1932bc:  63% 笆補毎笆遺毎笆遺毎笆遺毎笆遺毎笆遺毎       笆・3.1 GB/4.9 GB  9.4 MB/s   3m13s[K[A[1Gpulling manifest [K
pulling 667b0c1932bc:  63% 笆補毎笆遺毎笆遺毎笆遺毎笆遺毎笆遺毎       笆・3.1 GB/4.9 GB  9.4 MB/s   3m13s[K[A[1Gpulling manifest [K
pulling 667b0c1932bc:  63% 笆補毎笆遺毎笆遺毎笆遺毎笆遺毎笆遺毎       笆・3.1 GB/4.9 GB  9.4 MB/s   3m13s[K[A[1Gpulling manifest [K
pulling 667b0c1932bc:  63% 笆補毎笆遺毎笆遺毎笆遺毎笆遺毎笆遺毎       笆・3.1 GB/4.9 GB  9.4 MB/s   3m13s[K[A[1Gpulling manifest [K
pulling 667b0c1932bc:  63% 笆補毎笆遺毎笆遺毎笆遺毎笆遺毎笆遺毎       笆・3.1 GB/4.9 GB  9.4 MB/s   3m12s[K[A[1Gpulling manifest [K
pulling 667b0c1932bc:  63% 笆補毎笆遺毎笆遺毎笆遺毎笆遺毎笆遺毎       笆・3.1 GB/4.9 GB  9.4 MB/s   3m12s[K[A[1Gpulling manifest [K
pulling 667b0c1932bc:  63% 笆補毎笆遺毎笆遺毎笆遺毎笆遺毎笆遺毎       笆・3.1 GB/4.9 GB  9.4 MB/s   3m12s[K[A[1Gpulling manifest [K
pulling 667b0c1932bc:  63% 笆補毎笆遺毎笆遺毎笆遺毎笆遺毎笆遺毎       笆・3.1 GB/4.9 GB  9.4 MB/s   3m12s[K[A[1Gpulling manifest [K
pulling 667b0c1932bc:  63% 笆補毎笆遺毎笆遺毎笆遺毎笆遺毎笆遺毎       笆・3.1 GB/4.9 GB  9.4 MB/s   3m12s[K[A[1Gpulling manifest [K
pulling 667b0c1932bc:  63% 笆補毎笆遺毎笆遺毎笆遺毎笆遺毎笆遺毎       笆・3.1 GB/4.9 GB  9.4 MB/s   3m12s[K[A[1Gpulling manifest [K
pulling 667b0c1932bc:  63% 笆補毎笆遺毎笆遺毎笆遺毎笆遺毎笆遺毎       笆・3.1 GB/4.9 GB  9.4 MB/s   3m11s[K[A[1Gpulling manifest [K
pulling 667b0c1932bc:  63% 笆補毎笆遺毎笆遺毎笆遺毎笆遺毎笆遺毎       笆・3.1 GB/4.9 GB  9.4 MB/s   3m11s[K[A[1Gpulling manifest [K
pulling 667b0c1932bc:  63% 笆補毎笆遺毎笆遺毎笆遺毎笆遺毎笆遺毎       笆・3.1 GB/4.9 GB  9.4 MB/s   3m11s[K[A[1Gpulling manifest [K
pulling 667b0c1932bc:  63% 笆補毎笆遺毎笆遺毎笆遺毎笆遺毎笆遺毎       笆・3.1 GB/4.9 GB  9.4 MB/s   3m11s[K[A[1Gpulling manifest [K
pulling 667b0c1932bc:  63% 笆補毎笆遺毎笆遺毎笆遺毎笆遺毎笆遺毎       笆・3.1 GB/4.9 GB  9.4 MB/s   3m11s[K[A[1Gpulling manifest [K
pulling 667b0c1932bc:  63% 笆補毎笆遺毎笆遺毎笆遺毎笆遺毎笆遺毎       笆・3.1 GB/4.9 GB  9.4 MB/s   3m11s[K[A[1Gpulling manifest [K
pulling 667b0c1932bc:  63% 笆補毎笆遺毎笆遺毎笆遺毎笆遺毎笆遺毎       笆・3.1 GB/4.9 GB  9.5 MB/s    3m9s[K[A[1Gpulling manifest [K
pulling 667b0c1932bc:  63% 笆補毎笆遺毎笆遺毎笆遺毎笆遺毎笆遺毎       笆・3.1 GB/4.9 GB  9.5 MB/s    3m9s[K[A[1Gpulling manifest [K
pulling 667b0c1932bc:  63% 笆補毎笆遺毎笆遺毎笆遺毎笆遺毎笆遺毎       笆・3.1 GB/4.9 GB  9.5 MB/s    3m9s[K[A[1Gpulling manifest [K
pulling 667b0c1932bc:  63% 笆補毎笆遺毎笆遺毎笆遺毎笆遺毎笆遺毎       笆・3.1 GB/4.9 GB  9.5 MB/s    3m9s[K[A[1Gpulling manifest [K
pulling 667b0c1932bc:  63% 笆補毎笆遺毎笆遺毎笆遺毎笆遺毎笆遺毎       笆・3.1 GB/4.9 GB  9.5 MB/s    3m9s[K[A[1Gpulling manifest [K
pulling 667b0c1932bc:  63% 笆補毎笆遺毎笆遺毎笆遺毎笆遺毎笆遺毎       笆・3.1 GB/4.9 GB  9.5 MB/s    3m9s[K[A[1Gpulling manifest [K
pulling 667b0c1932bc:  63% 笆補毎笆遺毎笆遺毎笆遺毎笆遺毎笆遺毎       笆・3.1 GB/4.9 GB  9.5 MB/s    3m8s[K[A[1Gpulling manifest [K
pulling 667b0c1932bc:  63% 笆補毎笆遺毎笆遺毎笆遺毎笆遺毎笆遺毎       笆・3.1 GB/4.9 GB  9.5 MB/s    3m8s[K[A[1Gpulling manifest [K
pulling 667b0c1932bc:  63% 笆補毎笆遺毎笆遺毎笆遺毎笆遺毎笆遺毎       笆・3.1 GB/4.9 GB  9.5 MB/s    3m8s[K[A[1Gpulling manifest [K
pulling 667b0c1932bc:  63% 笆補毎笆遺毎笆遺毎笆遺毎笆遺毎笆遺毎       笆・3.1 GB/4.9 GB  9.5 MB/s    3m8s[K[A[1Gpulling manifest [K
pulling 667b0c1932bc:  63% 笆補毎笆遺毎笆遺毎笆遺毎笆遺毎笆遺毎       笆・3.1 GB/4.9 GB  9.4 MB/s   3m10s[K[A[1Gpulling manifest [K
pulling 667b0c1932bc:  63% 笆補毎笆遺毎笆遺毎笆遺毎笆遺毎笆遺毎       笆・3.1 GB/4.9 GB  9.4 MB/s   3m10s[K[A[1Gpulling manifest [K
pulling 667b0c1932bc:  64% 笆補毎笆遺毎笆遺毎笆遺毎笆遺毎笆遺毎       笆・3.1 GB/4.9 GB  9.4 MB/s   3m10s[K[A[1Gpulling manifest [K
pulling 667b0c1932bc:  64% 笆補毎笆遺毎笆遺毎笆遺毎笆遺毎笆遺毎       笆・3.1 GB/4.9 GB  9.4 MB/s   3m10s[K[A[1Gpulling manifest [K
pulling 667b0c1932bc:  64% 笆補毎笆遺毎笆遺毎笆遺毎笆遺毎笆遺毎       笆・3.1 GB/4.9 GB  9.4 MB/s   3m10s[K[A[1Gpulling manifest [K
pulling 667b0c1932bc:  64% 笆補毎笆遺毎笆遺毎笆遺毎笆遺毎笆遺毎       笆・3.1 GB/4.9 GB  9.4 MB/s   3m10s[K[A[1Gpulling manifest [K
pulling 667b0c1932bc:  64% 笆補毎笆遺毎笆遺毎笆遺毎笆遺毎笆遺毎       笆・3.1 GB/4.9 GB  9.4 MB/s   3m10s[K[A[1Gpulling manifest [K
pulling 667b0c1932bc:  64% 笆補毎笆遺毎笆遺毎笆遺毎笆遺毎笆遺毎       笆・3.1 GB/4.9 GB  9.4 MB/s   3m10s[K[A[1Gpulling manifest [K
pulling 667b0c1932bc:  64% 笆補毎笆遺毎笆遺毎笆遺毎笆遺毎笆遺毎       笆・3.1 GB/4.9 GB  9.4 MB/s    3m9s[K[A[1Gpulling manifest [K
pulling 667b0c1932bc:  64% 笆補毎笆遺毎笆遺毎笆遺毎笆遺毎笆遺毎       笆・3.1 GB/4.9 GB  9.4 MB/s    3m9s[K[A[1Gpulling manifest [K
pulling 667b0c1932bc:  64% 笆補毎笆遺毎笆遺毎笆遺毎笆遺毎笆遺毎       笆・3.1 GB/4.9 GB  9.6 MB/s    3m6s[K[A[1Gpulling manifest [K
pulling 667b0c1932bc:  64% 笆補毎笆遺毎笆遺毎笆遺毎笆遺毎笆遺毎       笆・3.1 GB/4.9 GB  9.6 MB/s    3m6s[K[A[1Gpulling manifest [K
pulling 667b0c1932bc:  64% 笆補毎笆遺毎笆遺毎笆遺毎笆遺毎笆遺毎       笆・3.1 GB/4.9 GB  9.6 MB/s    3m6s[K[A[1Gpulling manifest [K
pulling 667b0c1932bc:  64% 笆補毎笆遺毎笆遺毎笆遺毎笆遺毎笆遺毎       笆・3.1 GB/4.9 GB  9.6 MB/s    3m6s[K[A[1Gpulling manifest [K
pulling 667b0c1932bc:  64% 笆補毎笆遺毎笆遺毎笆遺毎笆遺毎笆遺毎       笆・3.1 GB/4.9 GB  9.6 MB/s    3m6s[K[A[1Gpulling manifest [K
pulling 667b0c1932bc:  64% 笆補毎笆遺毎笆遺毎笆遺毎笆遺毎笆遺毎       笆・3.1 GB/4.9 GB  9.6 MB/s    3m6s[K[A[1Gpulling manifest [K
pulling 667b0c1932bc:  64% 笆補毎笆遺毎笆遺毎笆遺毎笆遺毎笆遺毎       笆・3.1 GB/4.9 GB  9.6 MB/s    3m6s[K[A[1Gpulling manifest [K
pulling 667b0c1932bc:  64% 笆補毎笆遺毎笆遺毎笆遺毎笆遺毎笆遺毎       笆・3.1 GB/4.9 GB  9.6 MB/s    3m5s[K[A[1Gpulling manifest [K
pulling 667b0c1932bc:  64% 笆補毎笆遺毎笆遺毎笆遺毎笆遺毎笆遺毎       笆・3.1 GB/4.9 GB  9.6 MB/s    3m5s[K[A[1Gpulling manifest [K
pulling 667b0c1932bc:  64% 笆補毎笆遺毎笆遺毎笆遺毎笆遺毎笆遺毎       笆・3.1 GB/4.9 GB  9.6 MB/s    3m5s[K[A[1Gpulling manifest [K
pulling 667b0c1932bc:  64% 笆補毎笆遺毎笆遺毎笆遺毎笆遺毎笆遺毎       笆・3.1 GB/4.9 GB  9.7 MB/s    3m4s[K[A[1Gpulling manifest [K
pulling 667b0c1932bc:  64% 笆補毎笆遺毎笆遺毎笆遺毎笆遺毎笆遺毎       笆・3.1 GB/4.9 GB  9.7 MB/s    3m3s[K[A[1Gpulling manifest [K
pulling 667b0c1932bc:  64% 笆補毎笆遺毎笆遺毎笆遺毎笆遺毎笆遺毎       笆・3.1 GB/4.9 GB  9.7 MB/s    3m3s[K[A[1Gpulling manifest [K
pulling 667b0c1932bc:  64% 笆補毎笆遺毎笆遺毎笆遺毎笆遺毎笆遺毎       笆・3.1 GB/4.9 GB  9.7 MB/s    3m3s[K[A[1Gpulling manifest [K
pulling 667b0c1932bc:  64% 笆補毎笆遺毎笆遺毎笆遺毎笆遺毎笆遺毎       笆・3.1 GB/4.9 GB  9.7 MB/s    3m3s[K[A[1Gpulling manifest [K
pulling 667b0c1932bc:  64% 笆補毎笆遺毎笆遺毎笆遺毎笆遺毎笆遺毎       笆・3.1 GB/4.9 GB  9.7 MB/s    3m3s[K[A[1Gpulling manifest [K
pulling 667b0c1932bc:  64% 笆補毎笆遺毎笆遺毎笆遺毎笆遺毎笆遺毎       笆・3.1 GB/4.9 GB  9.7 MB/s    3m3s[K[A[1Gpulling manifest [K
pulling 667b0c1932bc:  64% 笆補毎笆遺毎笆遺毎笆遺毎笆遺毎笆遺毎       笆・3.1 GB/4.9 GB  9.7 MB/s    3m3s[K[A[1Gpulling manifest [K
pulling 667b0c1932bc:  64% 笆補毎笆遺毎笆遺毎笆遺毎笆遺毎笆遺毎       笆・3.1 GB/4.9 GB  9.7 MB/s    3m3s[K[A[1Gpulling manifest [K
pulling 667b0c1932bc:  64% 笆補毎笆遺毎笆遺毎笆遺毎笆遺毎笆遺毎       笆・3.2 GB/4.9 GB  9.7 MB/s    3m3s[K[A[1Gpulling manifest [K
pulling 667b0c1932bc:  64% 笆補毎笆遺毎笆遺毎笆遺毎笆遺毎笆遺毎       笆・3.2 GB/4.9 GB  9.6 MB/s    3m5s[K[A[1Gpulling manifest [K
pulling 667b0c1932bc:  64% 笆補毎笆遺毎笆遺毎笆遺毎笆遺毎笆遺毎       笆・3.2 GB/4.9 GB  9.6 MB/s    3m4s[K[A[1Gpulling manifest [K
pulling 667b0c1932bc:  64% 笆補毎笆遺毎笆遺毎笆遺毎笆遺毎笆遺毎       笆・3.2 GB/4.9 GB  9.6 MB/s    3m4s[K[A[1Gpulling manifest [K
pulling 667b0c1932bc:  64% 笆補毎笆遺毎笆遺毎笆遺毎笆遺毎笆遺毎       笆・3.2 GB/4.9 GB  9.6 MB/s    3m4s[K[A[1Gpulling manifest [K
pulling 667b0c1932bc:  64% 笆補毎笆遺毎笆遺毎笆遺毎笆遺毎笆遺毎       笆・3.2 GB/4.9 GB  9.6 MB/s    3m4s[K[A[1Gpulling manifest [K
pulling 667b0c1932bc:  64% 笆補毎笆遺毎笆遺毎笆遺毎笆遺毎笆遺毎       笆・3.2 GB/4.9 GB  9.6 MB/s    3m4s[K[A[1Gpulling manifest [K
pulling 667b0c1932bc:  64% 笆補毎笆遺毎笆遺毎笆遺毎笆遺毎笆遺毎       笆・3.2 GB/4.9 GB  9.6 MB/s    3m4s[K[A[1Gpulling manifest [K
pulling 667b0c1932bc:  64% 笆補毎笆遺毎笆遺毎笆遺毎笆遺毎笆遺毎       笆・3.2 GB/4.9 GB  9.6 MB/s    3m4s[K[A[1Gpulling manifest [K
pulling 667b0c1932bc:  64% 笆補毎笆遺毎笆遺毎笆遺毎笆遺毎笆遺毎       笆・3.2 GB/4.9 GB  9.6 MB/s    3m4s[K[A[1Gpulling manifest [K
pulling 667b0c1932bc:  64% 笆補毎笆遺毎笆遺毎笆遺毎笆遺毎笆遺毎       笆・3.2 GB/4.9 GB  9.6 MB/s    3m3s[K[A[1Gpulling manifest [K
pulling 667b0c1932bc:  64% 笆補毎笆遺毎笆遺毎笆遺毎笆遺毎笆遺毎       笆・3.2 GB/4.9 GB  9.6 MB/s    3m3s[K[A[1Gpulling manifest [K
pulling 667b0c1932bc:  64% 笆補毎笆遺毎笆遺毎笆遺毎笆遺毎笆遺毎       笆・3.2 GB/4.9 GB  9.7 MB/s    3m0s[K[A[1Gpulling manifest [K
pulling 667b0c1932bc:  64% 笆補毎笆遺毎笆遺毎笆遺毎笆遺毎笆遺毎       笆・3.2 GB/4.9 GB  9.7 MB/s    3m0s[K[A[1Gpulling manifest [K
pulling 667b0c1932bc:  64% 笆補毎笆遺毎笆遺毎笆遺毎笆遺毎笆遺毎       笆・3.2 GB/4.9 GB  9.7 MB/s    3m0s[K[A[1Gpulling manifest [K
pulling 667b0c1932bc:  64% 笆補毎笆遺毎笆遺毎笆遺毎笆遺毎笆遺毎       笆・3.2 GB/4.9 GB  9.7 MB/s    3m0s[K[A[1Gpulling manifest [K
pulling 667b0c1932bc:  64% 笆補毎笆遺毎笆遺毎笆遺毎笆遺毎笆遺毎       笆・3.2 GB/4.9 GB  9.7 MB/s    3m0s[K[A[1Gpulling manifest [K
pulling 667b0c1932bc:  64% 笆補毎笆遺毎笆遺毎笆遺毎笆遺毎笆遺毎       笆・3.2 GB/4.9 GB  9.7 MB/s    3m0s[K[A[1Gpulling manifest [K
pulling 667b0c1932bc:  64% 笆補毎笆遺毎笆遺毎笆遺毎笆遺毎笆遺毎       笆・3.2 GB/4.9 GB  9.7 MB/s    3m0s[K[A[1Gpulling manifest [K
pulling 667b0c1932bc:  64% 笆補毎笆遺毎笆遺毎笆遺毎笆遺毎笆遺毎       笆・3.2 GB/4.9 GB  9.7 MB/s    3m0s[K[A[1Gpulling manifest [K
pulling 667b0c1932bc:  64% 笆補毎笆遺毎笆遺毎笆遺毎笆遺毎笆遺毎       笆・3.2 GB/4.9 GB  9.7 MB/s    3m0s[K[A[1Gpulling manifest [K
pulling 667b0c1932bc:  64% 笆補毎笆遺毎笆遺毎笆遺毎笆遺毎笆遺毎       笆・3.2 GB/4.9 GB  9.7 MB/s    3m0s[K[A[1Gpulling manifest [K
pulling 667b0c1932bc:  64% 笆補毎笆遺毎笆遺毎笆遺毎笆遺毎笆遺毎       笆・3.2 GB/4.9 GB  9.4 MB/s    3m6s[K[A[1Gpulling manifest [K
pulling 667b0c1932bc:  64% 笆補毎笆遺毎笆遺毎笆遺毎笆遺毎笆遺毎       笆・3.2 GB/4.9 GB  9.4 MB/s    3m6s[K[A[1Gpulling manifest [K
pulling 667b0c1932bc:  65% 笆補毎笆遺毎笆遺毎笆遺毎笆遺毎笆遺毎       笆・3.2 GB/4.9 GB  9.4 MB/s    3m6s[K[A[1Gpulling manifest [K
pulling 667b0c1932bc:  65% 笆補毎笆遺毎笆遺毎笆遺毎笆遺毎笆遺毎       笆・3.2 GB/4.9 GB  9.4 MB/s    3m5s[K[A[1Gpulling manifest [K
pulling 667b0c1932bc:  65% 笆補毎笆遺毎笆遺毎笆遺毎笆遺毎笆遺毎       笆・3.2 GB/4.9 GB  9.4 MB/s    3m5s[K[A[1Gpulling manifest [K
pulling 667b0c1932bc:  65% 笆補毎笆遺毎笆遺毎笆遺毎笆遺毎笆遺毎       笆・3.2 GB/4.9 GB  9.4 MB/s    3m5s[K[A[1Gpulling manifest [K
pulling 667b0c1932bc:  65% 笆補毎笆遺毎笆遺毎笆遺毎笆遺毎笆遺毎       笆・3.2 GB/4.9 GB  9.4 MB/s    3m5s[K[A[1Gpulling manifest [K
pulling 667b0c1932bc:  65% 笆補毎笆遺毎笆遺毎笆遺毎笆遺毎笆遺毎       笆・3.2 GB/4.9 GB  9.4 MB/s    3m5s[K[A[1Gpulling manifest [K
pulling 667b0c1932bc:  65% 笆補毎笆遺毎笆遺毎笆遺毎笆遺毎笆遺毎       笆・3.2 GB/4.9 GB  9.4 MB/s    3m5s[K[A[1Gpulling manifest [K
pulling 667b0c1932bc:  65% 笆補毎笆遺毎笆遺毎笆遺毎笆遺毎笆遺毎       笆・3.2 GB/4.9 GB  9.4 MB/s    3m5s[K[A[1Gpulling manifest [K
pulling 667b0c1932bc:  65% 笆補毎笆遺毎笆遺毎笆遺毎笆遺毎笆遺毎       笆・3.2 GB/4.9 GB  9.7 MB/s   2m58s[K[A[1Gpulling manifest [K
pulling 667b0c1932bc:  65% 笆補毎笆遺毎笆遺毎笆遺毎笆遺毎笆遺毎       笆・3.2 GB/4.9 GB  9.7 MB/s   2m58s[K[A[1Gpulling manifest [K
pulling 667b0c1932bc:  65% 笆補毎笆遺毎笆遺毎笆遺毎笆遺毎笆遺毎       笆・3.2 GB/4.9 GB  9.7 MB/s   2m58s[K[A[1Gpulling manifest [K
pulling 667b0c1932bc:  65% 笆補毎笆遺毎笆遺毎笆遺毎笆遺毎笆遺毎       笆・3.2 GB/4.9 GB  9.7 MB/s   2m58s[K[A[1Gpulling manifest [K
pulling 667b0c1932bc:  65% 笆補毎笆遺毎笆遺毎笆遺毎笆遺毎笆遺毎       笆・3.2 GB/4.9 GB  9.7 MB/s   2m58s[K[A[1Gpulling manifest [K
pulling 667b0c1932bc:  65% 笆補毎笆遺毎笆遺毎笆遺毎笆遺毎笆遺毎       笆・3.2 GB/4.9 GB  9.7 MB/s   2m58s[K[A[1Gpulling manifest [K
pulling 667b0c1932bc:  65% 笆補毎笆遺毎笆遺毎笆遺毎笆遺毎笆遺毎       笆・3.2 GB/4.9 GB  9.7 MB/s   2m57s[K[A[1Gpulling manifest [K
pulling 667b0c1932bc:  65% 笆補毎笆遺毎笆遺毎笆遺毎笆遺毎笆遺毎       笆・3.2 GB/4.9 GB  9.7 MB/s   2m57s[K[A[1Gpulling manifest [K
pulling 667b0c1932bc:  65% 笆補毎笆遺毎笆遺毎笆遺毎笆遺毎笆遺毎       笆・3.2 GB/4.9 GB  9.7 MB/s   2m57s[K[A[1Gpulling manifest [K
pulling 667b0c1932bc:  65% 笆補毎笆遺毎笆遺毎笆遺毎笆遺毎笆遺毎       笆・3.2 GB/4.9 GB  9.7 MB/s   2m57s[K[A[1Gpulling manifest [K
pulling 667b0c1932bc:  65% 笆補毎笆遺毎笆遺毎笆遺毎笆遺毎笆遺毎       笆・3.2 GB/4.9 GB  9.6 MB/s    3m0s[K[A[1Gpulling manifest [K
pulling 667b0c1932bc:  65% 笆補毎笆遺毎笆遺毎笆遺毎笆遺毎笆遺毎       笆・3.2 GB/4.9 GB  9.6 MB/s    3m0s[K[A[1Gpulling manifest [K
pulling 667b0c1932bc:  65% 笆補毎笆遺毎笆遺毎笆遺毎笆遺毎笆遺毎       笆・3.2 GB/4.9 GB  9.6 MB/s    3m0s[K[A[1Gpulling manifest [K
pulling 667b0c1932bc:  65% 笆補毎笆遺毎笆遺毎笆遺毎笆遺毎笆遺毎       笆・3.2 GB/4.9 GB  9.6 MB/s    3m0s[K[A[1Gpulling manifest [K
pulling 667b0c1932bc:  65% 笆補毎笆遺毎笆遺毎笆遺毎笆遺毎笆遺毎       笆・3.2 GB/4.9 GB  9.6 MB/s    3m0s[K[A[1Gpulling manifest [K
pulling 667b0c1932bc:  65% 笆補毎笆遺毎笆遺毎笆遺毎笆遺毎笆遺毎       笆・3.2 GB/4.9 GB  9.6 MB/s    3m0s[K[A[1Gpulling manifest [K
pulling 667b0c1932bc:  65% 笆補毎笆遺毎笆遺毎笆遺毎笆遺毎笆遺毎       笆・3.2 GB/4.9 GB  9.6 MB/s    3m0s[K[A[1Gpulling manifest [K
pulling 667b0c1932bc:  65% 笆補毎笆遺毎笆遺毎笆遺毎笆遺毎笆遺毎       笆・3.2 GB/4.9 GB  9.6 MB/s    3m0s[K[A[1Gpulling manifest [K
pulling 667b0c1932bc:  65% 笆補毎笆遺毎笆遺毎笆遺毎笆遺毎笆遺毎       笆・3.2 GB/4.9 GB  9.6 MB/s    3m0s[K[A[1Gpulling manifest [K
pulling 667b0c1932bc:  65% 笆補毎笆遺毎笆遺毎笆遺毎笆遺毎笆遺毎       笆・3.2 GB/4.9 GB  9.6 MB/s   2m59s[K[A[1Gpulling manifest [K
pulling 667b0c1932bc:  65% 笆補毎笆遺毎笆遺毎笆遺毎笆遺毎笆遺毎       笆・3.2 GB/4.9 GB  9.5 MB/s    3m0s[K[A[1Gpulling manifest [K
pulling 667b0c1932bc:  65% 笆補毎笆遺毎笆遺毎笆遺毎笆遺毎笆遺毎       笆・3.2 GB/4.9 GB  9.5 MB/s    3m0s[K[A[1Gpulling manifest [K
pulling 667b0c1932bc:  65% 笆補毎笆遺毎笆遺毎笆遺毎笆遺毎笆遺毎       笆・3.2 GB/4.9 GB  9.5 MB/s    3m0s[K[A[1Gpulling manifest [K
pulling 667b0c1932bc:  65% 笆補毎笆遺毎笆遺毎笆遺毎笆遺毎笆遺毎       笆・3.2 GB/4.9 GB  9.5 MB/s    3m0s[K[A[1Gpulling manifest [K
pulling 667b0c1932bc:  65% 笆補毎笆遺毎笆遺毎笆遺毎笆遺毎笆遺毎       笆・3.2 GB/4.9 GB  9.5 MB/s    3m0s[K[A[1Gpulling manifest [K
pulling 667b0c1932bc:  65% 笆補毎笆遺毎笆遺毎笆遺毎笆遺毎笆遺毎       笆・3.2 GB/4.9 GB  9.5 MB/s    3m0s[K[A[1Gpulling manifest [K
pulling 667b0c1932bc:  65% 笆補毎笆遺毎笆遺毎笆遺毎笆遺毎笆遺毎       笆・3.2 GB/4.9 GB  9.5 MB/s    3m0s[K[A[1Gpulling manifest [K
pulling 667b0c1932bc:  65% 笆補毎笆遺毎笆遺毎笆遺毎笆遺毎笆遺毎       笆・3.2 GB/4.9 GB  9.5 MB/s    3m0s[K[A[1Gpulling manifest [K
pulling 667b0c1932bc:  65% 笆補毎笆遺毎笆遺毎笆遺毎笆遺毎笆遺毎       笆・3.2 GB/4.9 GB  9.5 MB/s   2m59s[K[A[1Gpulling manifest [K
pulling 667b0c1932bc:  65% 笆補毎笆遺毎笆遺毎笆遺毎笆遺毎笆遺毎       笆・3.2 GB/4.9 GB  9.5 MB/s   2m59s[K[A[1Gpulling manifest [K
pulling 667b0c1932bc:  65% 笆補毎笆遺毎笆遺毎笆遺毎笆遺毎笆遺毎       笆・3.2 GB/4.9 GB  9.5 MB/s   2m59s[K[A[1Gpulling manifest [K
pulling 667b0c1932bc:  65% 笆補毎笆遺毎笆遺毎笆遺毎笆遺毎笆遺毎       笆・3.2 GB/4.9 GB  9.4 MB/s    3m1s[K[A[1Gpulling manifest [K
pulling 667b0c1932bc:  65% 笆補毎笆遺毎笆遺毎笆遺毎笆遺毎笆遺毎       笆・3.2 GB/4.9 GB  9.4 MB/s    3m1s[K[A[1Gpulling manifest [K
pulling 667b0c1932bc:  65% 笆補毎笆遺毎笆遺毎笆遺毎笆遺毎笆遺毎       笆・3.2 GB/4.9 GB  9.4 MB/s    3m1s[K[A[1Gpulling manifest [K
pulling 667b0c1932bc:  65% 笆補毎笆遺毎笆遺毎笆遺毎笆遺毎笆遺毎       笆・3.2 GB/4.9 GB  9.4 MB/s    3m1s[K[A[1Gpulling manifest [K
pulling 667b0c1932bc:  65% 笆補毎笆遺毎笆遺毎笆遺毎笆遺毎笆遺毎       笆・3.2 GB/4.9 GB  9.4 MB/s    3m0s[K[A[1Gpulling manifest [K
pulling 667b0c1932bc:  65% 笆補毎笆遺毎笆遺毎笆遺毎笆遺毎笆遺毎       笆・3.2 GB/4.9 GB  9.4 MB/s    3m0s[K[A[1Gpulling manifest [K
pulling 667b0c1932bc:  65% 笆補毎笆遺毎笆遺毎笆遺毎笆遺毎笆遺毎       笆・3.2 GB/4.9 GB  9.4 MB/s    3m0s[K[A[1Gpulling manifest [K
pulling 667b0c1932bc:  65% 笆補毎笆遺毎笆遺毎笆遺毎笆遺毎笆遺毎       笆・3.2 GB/4.9 GB  9.4 MB/s    3m0s[K[A[1Gpulling manifest [K
pulling 667b0c1932bc:  65% 笆補毎笆遺毎笆遺毎笆遺毎笆遺毎笆遺毎       笆・3.2 GB/4.9 GB  9.4 MB/s    3m0s[K[A[1Gpulling manifest [K
pulling 667b0c1932bc:  65% 笆補毎笆遺毎笆遺毎笆遺毎笆遺毎笆遺毎       笆・3.2 GB/4.9 GB  9.4 MB/s    3m0s[K[A[1Gpulling manifest [K
pulling 667b0c1932bc:  65% 笆補毎笆遺毎笆遺毎笆遺毎笆遺毎笆遺毎       笆・3.2 GB/4.9 GB  9.3 MB/s    3m3s[K[A[1Gpulling manifest [K
pulling 667b0c1932bc:  65% 笆補毎笆遺毎笆遺毎笆遺毎笆遺毎笆遺毎       笆・3.2 GB/4.9 GB  9.3 MB/s    3m3s[K[A[1Gpulling manifest [K
pulling 667b0c1932bc:  65% 笆補毎笆遺毎笆遺毎笆遺毎笆遺毎笆遺毎       笆・3.2 GB/4.9 GB  9.3 MB/s    3m2s[K[A[1Gpulling manifest [K
pulling 667b0c1932bc:  65% 笆補毎笆遺毎笆遺毎笆遺毎笆遺毎笆遺毎       笆・3.2 GB/4.9 GB  9.3 MB/s    3m2s[K[A[1Gpulling manifest [K
pulling 667b0c1932bc:  65% 笆補毎笆遺毎笆遺毎笆遺毎笆遺毎笆遺毎       笆・3.2 GB/4.9 GB  9.3 MB/s    3m2s[K[A[1Gpulling manifest [K
pulling 667b0c1932bc:  65% 笆補毎笆遺毎笆遺毎笆遺毎笆遺毎笆遺毎       笆・3.2 GB/4.9 GB  9.3 MB/s    3m2s[K[A[1Gpulling manifest [K
pulling 667b0c1932bc:  65% 笆補毎笆遺毎笆遺毎笆遺毎笆遺毎笆遺毎       笆・3.2 GB/4.9 GB  9.3 MB/s    3m2s[K[A[1Gpulling manifest [K
pulling 667b0c1932bc:  65% 笆補毎笆遺毎笆遺毎笆遺毎笆遺毎笆遺毎       笆・3.2 GB/4.9 GB  9.3 MB/s    3m2s[K[A[1Gpulling manifest [K
pulling 667b0c1932bc:  66% 笆補毎笆遺毎笆遺毎笆遺毎笆遺毎笆遺毎       笆・3.2 GB/4.9 GB  9.3 MB/s    3m2s[K[A[1Gpulling manifest [K
pulling 667b0c1932bc:  66% 笆補毎笆遺毎笆遺毎笆遺毎笆遺毎笆遺毎       笆・3.2 GB/4.9 GB  9.3 MB/s    3m2s[K[A[1Gpulling manifest [K
pulling 667b0c1932bc:  66% 笆補毎笆遺毎笆遺毎笆遺毎笆遺毎笆遺毎       笆・3.2 GB/4.9 GB  9.2 MB/s    3m4s[K[A[1Gpulling manifest [K
pulling 667b0c1932bc:  66% 笆補毎笆遺毎笆遺毎笆遺毎笆遺毎笆遺毎       笆・3.2 GB/4.9 GB  9.2 MB/s    3m4s[K[A[1Gpulling manifest [K
pulling 667b0c1932bc:  66% 笆補毎笆遺毎笆遺毎笆遺毎笆遺毎笆遺毎       笆・3.2 GB/4.9 GB  9.2 MB/s    3m4s[K[A[1Gpulling manifest [K
pulling 667b0c1932bc:  66% 笆補毎笆遺毎笆遺毎笆遺毎笆遺毎笆遺毎       笆・3.2 GB/4.9 GB  9.2 MB/s    3m4s[K[A[1Gpulling manifest [K
pulling 667b0c1932bc:  66% 笆補毎笆遺毎笆遺毎笆遺毎笆遺毎笆遺毎       笆・3.2 GB/4.9 GB  9.2 MB/s    3m3s[K[A[1Gpulling manifest [K
pulling 667b0c1932bc:  66% 笆補毎笆遺毎笆遺毎笆遺毎笆遺毎笆遺毎       笆・3.2 GB/4.9 GB  9.2 MB/s    3m3s[K[A[1Gpulling manifest [K
pulling 667b0c1932bc:  66% 笆補毎笆遺毎笆遺毎笆遺毎笆遺毎笆遺毎       笆・3.2 GB/4.9 GB  9.2 MB/s    3m3s[K[A[1Gpulling manifest [K
pulling 667b0c1932bc:  66% 笆補毎笆遺毎笆遺毎笆遺毎笆遺毎笆遺毎       笆・3.2 GB/4.9 GB  9.2 MB/s    3m3s[K[A[1Gpulling manifest [K
pulling 667b0c1932bc:  66% 笆補毎笆遺毎笆遺毎笆遺毎笆遺毎笆遺毎       笆・3.2 GB/4.9 GB  9.2 MB/s    3m3s[K[A[1Gpulling manifest [K
pulling 667b0c1932bc:  66% 笆補毎笆遺毎笆遺毎笆遺毎笆遺毎笆遺毎       笆・3.2 GB/4.9 GB  9.2 MB/s    3m3s[K[A[1Gpulling manifest [K
pulling 667b0c1932bc:  66% 笆補毎笆遺毎笆遺毎笆遺毎笆遺毎笆遺毎       笆・3.2 GB/4.9 GB  9.1 MB/s    3m5s[K[A[1Gpulling manifest [K
pulling 667b0c1932bc:  66% 笆補毎笆遺毎笆遺毎笆遺毎笆遺毎笆遺毎       笆・3.2 GB/4.9 GB  9.1 MB/s    3m5s[K[A[1Gpulling manifest [K
pulling 667b0c1932bc:  66% 笆補毎笆遺毎笆遺毎笆遺毎笆遺毎笆遺毎       笆・3.2 GB/4.9 GB  9.1 MB/s    3m5s[K[A[1Gpulling manifest [K
pulling 667b0c1932bc:  66% 笆補毎笆遺毎笆遺毎笆遺毎笆遺毎笆遺毎       笆・3.2 GB/4.9 GB  9.1 MB/s    3m5s[K[A[1Gpulling manifest [K
pulling 667b0c1932bc:  66% 笆補毎笆遺毎笆遺毎笆遺毎笆遺毎笆遺毎       笆・3.2 GB/4.9 GB  9.1 MB/s    3m4s[K[A[1Gpulling manifest [K
pulling 667b0c1932bc:  66% 笆補毎笆遺毎笆遺毎笆遺毎笆遺毎笆遺毎       笆・3.2 GB/4.9 GB  9.1 MB/s    3m4s[K[A[1Gpulling manifest [K
pulling 667b0c1932bc:  66% 笆補毎笆遺毎笆遺毎笆遺毎笆遺毎笆遺毎       笆・3.2 GB/4.9 GB  9.1 MB/s    3m4s[K[A[1Gpulling manifest [K
pulling 667b0c1932bc:  66% 笆補毎笆遺毎笆遺毎笆遺毎笆遺毎笆遺毎       笆・3.2 GB/4.9 GB  9.1 MB/s    3m4s[K[A[1Gpulling manifest [K
pulling 667b0c1932bc:  66% 笆補毎笆遺毎笆遺毎笆遺毎笆遺毎笆遺毎       笆・3.2 GB/4.9 GB  9.1 MB/s    3m4s[K[A[1Gpulling manifest [K
pulling 667b0c1932bc:  66% 笆補毎笆遺毎笆遺毎笆遺毎笆遺毎笆遺毎       笆・3.2 GB/4.9 GB  9.1 MB/s    3m4s[K[A[1Gpulling manifest [K
pulling 667b0c1932bc:  66% 笆補毎笆遺毎笆遺毎笆遺毎笆遺毎笆遺毎       笆・3.2 GB/4.9 GB  9.0 MB/s    3m7s[K[A[1Gpulling manifest [K
pulling 667b0c1932bc:  66% 笆補毎笆遺毎笆遺毎笆遺毎笆遺毎笆遺毎       笆・3.2 GB/4.9 GB  9.0 MB/s    3m7s[K[A[1Gpulling manifest [K
pulling 667b0c1932bc:  66% 笆補毎笆遺毎笆遺毎笆遺毎笆遺毎笆遺毎       笆・3.2 GB/4.9 GB  9.0 MB/s    3m7s[K[A[1Gpulling manifest [K
pulling 667b0c1932bc:  66% 笆補毎笆遺毎笆遺毎笆遺毎笆遺毎笆遺毎       笆・3.2 GB/4.9 GB  9.0 MB/s    3m6s[K[A[1Gpulling manifest [K
pulling 667b0c1932bc:  66% 笆補毎笆遺毎笆遺毎笆遺毎笆遺毎笆遺毎       笆・3.2 GB/4.9 GB  9.0 MB/s    3m6s[K[A[1Gpulling manifest [K
pulling 667b0c1932bc:  66% 笆補毎笆遺毎笆遺毎笆遺毎笆遺毎笆遺毎       笆・3.2 GB/4.9 GB  9.0 MB/s    3m6s[K[A[1Gpulling manifest [K
pulling 667b0c1932bc:  66% 笆補毎笆遺毎笆遺毎笆遺毎笆遺毎笆遺毎       笆・3.3 GB/4.9 GB  9.0 MB/s    3m6s[K[A[1Gpulling manifest [K
pulling 667b0c1932bc:  66% 笆補毎笆遺毎笆遺毎笆遺毎笆遺毎笆遺毎       笆・3.3 GB/4.9 GB  9.0 MB/s    3m6s[K[A[1Gpulling manifest [K
pulling 667b0c1932bc:  66% 笆補毎笆遺毎笆遺毎笆遺毎笆遺毎笆遺毎       笆・3.3 GB/4.9 GB  9.0 MB/s    3m6s[K[A[1Gpulling manifest [K
pulling 667b0c1932bc:  66% 笆補毎笆遺毎笆遺毎笆遺毎笆遺毎笆遺毎       笆・3.3 GB/4.9 GB  9.0 MB/s    3m6s[K[A[1Gpulling manifest [K
pulling 667b0c1932bc:  66% 笆補毎笆遺毎笆遺毎笆遺毎笆遺毎笆遺毎       笆・3.3 GB/4.9 GB  9.0 MB/s    3m6s[K[A[1Gpulling manifest [K
pulling 667b0c1932bc:  66% 笆補毎笆遺毎笆遺毎笆遺毎笆遺毎笆遺毎       笆・3.3 GB/4.9 GB  9.3 MB/s   2m59s[K[A[1Gpulling manifest [K
pulling 667b0c1932bc:  66% 笆補毎笆遺毎笆遺毎笆遺毎笆遺毎笆遺毎       笆・3.3 GB/4.9 GB  9.3 MB/s   2m59s[K[A[1Gpulling manifest [K
pulling 667b0c1932bc:  66% 笆補毎笆遺毎笆遺毎笆遺毎笆遺毎笆遺毎       笆・3.3 GB/4.9 GB  9.3 MB/s   2m59s[K[A[1Gpulling manifest [K
pulling 667b0c1932bc:  66% 笆補毎笆遺毎笆遺毎笆遺毎笆遺毎笆遺毎       笆・3.3 GB/4.9 GB  9.3 MB/s   2m59s[K[A[1Gpulling manifest [K
pulling 667b0c1932bc:  66% 笆補毎笆遺毎笆遺毎笆遺毎笆遺毎笆遺毎       笆・3.3 GB/4.9 GB  9.3 MB/s   2m59s[K[A[1Gpulling manifest [K
pulling 667b0c1932bc:  66% 笆補毎笆遺毎笆遺毎笆遺毎笆遺毎笆遺毎       笆・3.3 GB/4.9 GB  9.3 MB/s   2m59s[K[A[1Gpulling manifest [K
pulling 667b0c1932bc:  66% 笆補毎笆遺毎笆遺毎笆遺毎笆遺毎笆遺毎       笆・3.3 GB/4.9 GB  9.3 MB/s   2m58s[K[A[1Gpulling manifest [K
pulling 667b0c1932bc:  66% 笆補毎笆遺毎笆遺毎笆遺毎笆遺毎笆遺毎       笆・3.3 GB/4.9 GB  9.3 MB/s   2m58s[K[A[1Gpulling manifest [K
pulling 667b0c1932bc:  66% 笆補毎笆遺毎笆遺毎笆遺毎笆遺毎笆遺毎       笆・3.3 GB/4.9 GB  9.3 MB/s   2m58s[K[A[1Gpulling manifest [K
pulling 667b0c1932bc:  66% 笆補毎笆遺毎笆遺毎笆遺毎笆遺毎笆遺毎       笆・3.3 GB/4.9 GB  9.3 MB/s   2m58s[K[A[1Gpulling manifest [K
pulling 667b0c1932bc:  66% 笆補毎笆遺毎笆遺毎笆遺毎笆遺毎笆遺毎       笆・3.3 GB/4.9 GB  9.1 MB/s    3m2s[K[A[1Gpulling manifest [K
pulling 667b0c1932bc:  66% 笆補毎笆遺毎笆遺毎笆遺毎笆遺毎笆遺毎       笆・3.3 GB/4.9 GB  9.1 MB/s    3m2s[K[A[1Gpulling manifest [K
pulling 667b0c1932bc:  66% 笆補毎笆遺毎笆遺毎笆遺毎笆遺毎笆遺毎       笆・3.3 GB/4.9 GB  9.1 MB/s    3m2s[K[A[1Gpulling manifest [K
pulling 667b0c1932bc:  66% 笆補毎笆遺毎笆遺毎笆遺毎笆遺毎笆遺毎       笆・3.3 GB/4.9 GB  9.1 MB/s    3m1s[K[A[1Gpulling manifest [K
pulling 667b0c1932bc:  66% 笆補毎笆遺毎笆遺毎笆遺毎笆遺毎笆遺毎       笆・3.3 GB/4.9 GB  9.1 MB/s    3m1s[K[A[1Gpulling manifest [K
pulling 667b0c1932bc:  66% 笆補毎笆遺毎笆遺毎笆遺毎笆遺毎笆遺毎       笆・3.3 GB/4.9 GB  9.1 MB/s    3m1s[K[A[1Gpulling manifest [K
pulling 667b0c1932bc:  66% 笆補毎笆遺毎笆遺毎笆遺毎笆遺毎笆遺毎       笆・3.3 GB/4.9 GB  9.1 MB/s    3m1s[K[A[1Gpulling manifest [K
pulling 667b0c1932bc:  66% 笆補毎笆遺毎笆遺毎笆遺毎笆遺毎笆遺毎       笆・3.3 GB/4.9 GB  9.1 MB/s    3m1s[K[A[1Gpulling manifest [K
pulling 667b0c1932bc:  66% 笆補毎笆遺毎笆遺毎笆遺毎笆遺毎笆遺毎       笆・3.3 GB/4.9 GB  9.1 MB/s    3m1s[K[A[1Gpulling manifest [K
pulling 667b0c1932bc:  67% 笆補毎笆遺毎笆遺毎笆遺毎笆遺毎笆遺毎       笆・3.3 GB/4.9 GB  9.1 MB/s    3m1s[K[A[1Gpulling manifest [K
pulling 667b0c1932bc:  67% 笆補毎笆遺毎笆遺毎笆遺毎笆遺毎笆遺毎       笆・3.3 GB/4.9 GB  9.2 MB/s   2m59s[K[A[1Gpulling manifest [K
pulling 667b0c1932bc:  67% 笆補毎笆遺毎笆遺毎笆遺毎笆遺毎笆遺毎       笆・3.3 GB/4.9 GB  9.2 MB/s   2m59s[K[A[1Gpulling manifest [K
pulling 667b0c1932bc:  67% 笆補毎笆遺毎笆遺毎笆遺毎笆遺毎笆遺毎       笆・3.3 GB/4.9 GB  9.2 MB/s   2m59s[K[A[1Gpulling manifest [K
pulling 667b0c1932bc:  67% 笆補毎笆遺毎笆遺毎笆遺毎笆遺毎笆遺毎       笆・3.3 GB/4.9 GB  9.2 MB/s   2m59s[K[A[1Gpulling manifest [K
pulling 667b0c1932bc:  67% 笆補毎笆遺毎笆遺毎笆遺毎笆遺毎笆遺毎       笆・3.3 GB/4.9 GB  9.2 MB/s   2m59s[K[A[1Gpulling manifest [K
pulling 667b0c1932bc:  67% 笆補毎笆遺毎笆遺毎笆遺毎笆遺毎笆遺毎       笆・3.3 GB/4.9 GB  9.2 MB/s   2m58s[K[A[1Gpulling manifest [K
pulling 667b0c1932bc:  67% 笆補毎笆遺毎笆遺毎笆遺毎笆遺毎笆遺毎       笆・3.3 GB/4.9 GB  9.2 MB/s   2m58s[K[A[1Gpulling manifest [K
pulling 667b0c1932bc:  67% 笆補毎笆遺毎笆遺毎笆遺毎笆遺毎笆遺毎       笆・3.3 GB/4.9 GB  9.2 MB/s   2m58s[K[A[1Gpulling manifest [K
pulling 667b0c1932bc:  67% 笆補毎笆遺毎笆遺毎笆遺毎笆遺毎笆遺毎笆・     笆・3.3 GB/4.9 GB  9.2 MB/s   2m58s[K[A[1Gpulling manifest [K
pulling 667b0c1932bc:  67% 笆補毎笆遺毎笆遺毎笆遺毎笆遺毎笆遺毎笆・     笆・3.3 GB/4.9 GB  9.2 MB/s   2m58s[K[A[1Gpulling manifest [K
pulling 667b0c1932bc:  67% 笆補毎笆遺毎笆遺毎笆遺毎笆遺毎笆遺毎笆・     笆・3.3 GB/4.9 GB  9.3 MB/s   2m55s[K[A[1Gpulling manifest [K
pulling 667b0c1932bc:  67% 笆補毎笆遺毎笆遺毎笆遺毎笆遺毎笆遺毎笆・     笆・3.3 GB/4.9 GB  9.3 MB/s   2m55s[K[A[1Gpulling manifest [K
pulling 667b0c1932bc:  67% 笆補毎笆遺毎笆遺毎笆遺毎笆遺毎笆遺毎笆・     笆・3.3 GB/4.9 GB  9.3 MB/s   2m55s[K[A[1Gpulling manifest [K
pulling 667b0c1932bc:  67% 笆補毎笆遺毎笆遺毎笆遺毎笆遺毎笆遺毎笆・     笆・3.3 GB/4.9 GB  9.3 MB/s   2m55s[K[A[1Gpulling manifest [K
pulling 667b0c1932bc:  67% 笆補毎笆遺毎笆遺毎笆遺毎笆遺毎笆遺毎笆・     笆・3.3 GB/4.9 GB  9.3 MB/s   2m55s[K[A[1Gpulling manifest [K
pulling 667b0c1932bc:  67% 笆補毎笆遺毎笆遺毎笆遺毎笆遺毎笆遺毎笆・     笆・3.3 GB/4.9 GB  9.3 MB/s   2m55s[K[A[1Gpulling manifest [K
pulling 667b0c1932bc:  67% 笆補毎笆遺毎笆遺毎笆遺毎笆遺毎笆遺毎笆・     笆・3.3 GB/4.9 GB  9.3 MB/s   2m54s[K[A[1Gpulling manifest [K
pulling 667b0c1932bc:  67% 笆補毎笆遺毎笆遺毎笆遺毎笆遺毎笆遺毎笆・     笆・3.3 GB/4.9 GB  9.3 MB/s   2m54s[K[A[1Gpulling manifest [K
pulling 667b0c1932bc:  67% 笆補毎笆遺毎笆遺毎笆遺毎笆遺毎笆遺毎笆・     笆・3.3 GB/4.9 GB  9.3 MB/s   2m54s[K[A[1Gpulling manifest [K
pulling 667b0c1932bc:  67% 笆補毎笆遺毎笆遺毎笆遺毎笆遺毎笆遺毎笆・     笆・3.3 GB/4.9 GB  9.3 MB/s   2m54s[K[A[1Gpulling manifest [K
pulling 667b0c1932bc:  67% 笆補毎笆遺毎笆遺毎笆遺毎笆遺毎笆遺毎笆・     笆・3.3 GB/4.9 GB  9.3 MB/s   2m55s[K[A[1Gpulling manifest [K
pulling 667b0c1932bc:  67% 笆補毎笆遺毎笆遺毎笆遺毎笆遺毎笆遺毎笆・     笆・3.3 GB/4.9 GB  9.3 MB/s   2m55s[K[A[1Gpulling manifest [K
pulling 667b0c1932bc:  67% 笆補毎笆遺毎笆遺毎笆遺毎笆遺毎笆遺毎笆・     笆・3.3 GB/4.9 GB  9.3 MB/s   2m55s[K[A[1Gpulling manifest [K
pulling 667b0c1932bc:  67% 笆補毎笆遺毎笆遺毎笆遺毎笆遺毎笆遺毎笆・     笆・3.3 GB/4.9 GB  9.3 MB/s   2m55s[K[A[1Gpulling manifest [K
pulling 667b0c1932bc:  67% 笆補毎笆遺毎笆遺毎笆遺毎笆遺毎笆遺毎笆・     笆・3.3 GB/4.9 GB  9.3 MB/s   2m55s[K[A[1Gpulling manifest [K
pulling 667b0c1932bc:  67% 笆補毎笆遺毎笆遺毎笆遺毎笆遺毎笆遺毎笆・     笆・3.3 GB/4.9 GB  9.3 MB/s   2m55s[K[A[1Gpulling manifest [K
pulling 667b0c1932bc:  67% 笆補毎笆遺毎笆遺毎笆遺毎笆遺毎笆遺毎笆・     笆・3.3 GB/4.9 GB  9.3 MB/s   2m55s[K[A[1Gpulling manifest [K
pulling 667b0c1932bc:  67% 笆補毎笆遺毎笆遺毎笆遺毎笆遺毎笆遺毎笆・     笆・3.3 GB/4.9 GB  9.3 MB/s   2m55s[K[A[1Gpulling manifest [K
pulling 667b0c1932bc:  67% 笆補毎笆遺毎笆遺毎笆遺毎笆遺毎笆遺毎笆・     笆・3.3 GB/4.9 GB  9.3 MB/s   2m54s[K[A[1Gpulling manifest [K
pulling 667b0c1932bc:  67% 笆補毎笆遺毎笆遺毎笆遺毎笆遺毎笆遺毎笆・     笆・3.3 GB/4.9 GB  9.3 MB/s   2m54s[K[A[1Gpulling manifest [K
pulling 667b0c1932bc:  67% 笆補毎笆遺毎笆遺毎笆遺毎笆遺毎笆遺毎笆・     笆・3.3 GB/4.9 GB  9.3 MB/s   2m54s[K[A[1Gpulling manifest [K
pulling 667b0c1932bc:  67% 笆補毎笆遺毎笆遺毎笆遺毎笆遺毎笆遺毎笆・     笆・3.3 GB/4.9 GB  9.3 MB/s   2m53s[K[A[1Gpulling manifest [K
pulling 667b0c1932bc:  67% 笆補毎笆遺毎笆遺毎笆遺毎笆遺毎笆遺毎笆・     笆・3.3 GB/4.9 GB  9.3 MB/s   2m53s[K[A[1Gpulling manifest [K
pulling 667b0c1932bc:  67% 笆補毎笆遺毎笆遺毎笆遺毎笆遺毎笆遺毎笆・     笆・3.3 GB/4.9 GB  9.3 MB/s   2m53s[K[A[1Gpulling manifest [K
pulling 667b0c1932bc:  67% 笆補毎笆遺毎笆遺毎笆遺毎笆遺毎笆遺毎笆・     笆・3.3 GB/4.9 GB  9.3 MB/s   2m53s[K[A[1Gpulling manifest [K
pulling 667b0c1932bc:  67% 笆補毎笆遺毎笆遺毎笆遺毎笆遺毎笆遺毎笆・     笆・3.3 GB/4.9 GB  9.3 MB/s   2m53s[K[A[1Gpulling manifest [K
pulling 667b0c1932bc:  67% 笆補毎笆遺毎笆遺毎笆遺毎笆遺毎笆遺毎笆・     笆・3.3 GB/4.9 GB  9.3 MB/s   2m53s[K[A[1Gpulling manifest [K
pulling 667b0c1932bc:  67% 笆補毎笆遺毎笆遺毎笆遺毎笆遺毎笆遺毎笆・     笆・3.3 GB/4.9 GB  9.3 MB/s   2m53s[K[A[1Gpulling manifest [K
pulling 667b0c1932bc:  67% 笆補毎笆遺毎笆遺毎笆遺毎笆遺毎笆遺毎笆・     笆・3.3 GB/4.9 GB  9.3 MB/s   2m53s[K[A[1Gpulling manifest [K
pulling 667b0c1932bc:  67% 笆補毎笆遺毎笆遺毎笆遺毎笆遺毎笆遺毎笆・     笆・3.3 GB/4.9 GB  9.3 MB/s   2m52s[K[A[1Gpulling manifest [K
pulling 667b0c1932bc:  67% 笆補毎笆遺毎笆遺毎笆遺毎笆遺毎笆遺毎笆・     笆・3.3 GB/4.9 GB  9.3 MB/s   2m52s[K[A[1Gpulling manifest [K
pulling 667b0c1932bc:  67% 笆補毎笆遺毎笆遺毎笆遺毎笆遺毎笆遺毎笆・     笆・3.3 GB/4.9 GB  9.4 MB/s   2m51s[K[A[1Gpulling manifest [K
pulling 667b0c1932bc:  67% 笆補毎笆遺毎笆遺毎笆遺毎笆遺毎笆遺毎笆・     笆・3.3 GB/4.9 GB  9.4 MB/s   2m51s[K[A[1Gpulling manifest [K
pulling 667b0c1932bc:  67% 笆補毎笆遺毎笆遺毎笆遺毎笆遺毎笆遺毎笆・     笆・3.3 GB/4.9 GB  9.4 MB/s   2m51s[K[A[1Gpulling manifest [K
pulling 667b0c1932bc:  67% 笆補毎笆遺毎笆遺毎笆遺毎笆遺毎笆遺毎笆・     笆・3.3 GB/4.9 GB  9.4 MB/s   2m51s[K[A[1Gpulling manifest [K
pulling 667b0c1932bc:  67% 笆補毎笆遺毎笆遺毎笆遺毎笆遺毎笆遺毎笆・     笆・3.3 GB/4.9 GB  9.4 MB/s   2m51s[K[A[1Gpulling manifest [K
pulling 667b0c1932bc:  67% 笆補毎笆遺毎笆遺毎笆遺毎笆遺毎笆遺毎笆・     笆・3.3 GB/4.9 GB  9.4 MB/s   2m51s[K[A[1Gpulling manifest [K
pulling 667b0c1932bc:  67% 笆補毎笆遺毎笆遺毎笆遺毎笆遺毎笆遺毎笆・     笆・3.3 GB/4.9 GB  9.4 MB/s   2m50s[K[A[1Gpulling manifest [K
pulling 667b0c1932bc:  67% 笆補毎笆遺毎笆遺毎笆遺毎笆遺毎笆遺毎笆・     笆・3.3 GB/4.9 GB  9.4 MB/s   2m50s[K[A[1Gpulling manifest [K
pulling 667b0c1932bc:  67% 笆補毎笆遺毎笆遺毎笆遺毎笆遺毎笆遺毎笆・     笆・3.3 GB/4.9 GB  9.4 MB/s   2m50s[K[A[1Gpulling manifest [K
pulling 667b0c1932bc:  67% 笆補毎笆遺毎笆遺毎笆遺毎笆遺毎笆遺毎笆・     笆・3.3 GB/4.9 GB  9.4 MB/s   2m50s[K[A[1Gpulling manifest [K
pulling 667b0c1932bc:  67% 笆補毎笆遺毎笆遺毎笆遺毎笆遺毎笆遺毎笆・     笆・3.3 GB/4.9 GB  9.5 MB/s   2m49s[K[A[1Gpulling manifest [K
pulling 667b0c1932bc:  67% 笆補毎笆遺毎笆遺毎笆遺毎笆遺毎笆遺毎笆・     笆・3.3 GB/4.9 GB  9.5 MB/s   2m49s[K[A[1Gpulling manifest [K
pulling 667b0c1932bc:  67% 笆補毎笆遺毎笆遺毎笆遺毎笆遺毎笆遺毎笆・     笆・3.3 GB/4.9 GB  9.5 MB/s   2m49s[K[A[1Gpulling manifest [K
pulling 667b0c1932bc:  68% 笆補毎笆遺毎笆遺毎笆遺毎笆遺毎笆遺毎笆・     笆・3.3 GB/4.9 GB  9.5 MB/s   2m49s[K[A[1Gpulling manifest [K
pulling 667b0c1932bc:  68% 笆補毎笆遺毎笆遺毎笆遺毎笆遺毎笆遺毎笆・     笆・3.3 GB/4.9 GB  9.5 MB/s   2m48s[K[A[1Gpulling manifest [K
pulling 667b0c1932bc:  68% 笆補毎笆遺毎笆遺毎笆遺毎笆遺毎笆遺毎笆・     笆・3.3 GB/4.9 GB  9.5 MB/s   2m48s[K[A[1Gpulling manifest [K
pulling 667b0c1932bc:  68% 笆補毎笆遺毎笆遺毎笆遺毎笆遺毎笆遺毎笆・     笆・3.3 GB/4.9 GB  9.5 MB/s   2m48s[K[A[1Gpulling manifest [K
pulling 667b0c1932bc:  68% 笆補毎笆遺毎笆遺毎笆遺毎笆遺毎笆遺毎笆・     笆・3.3 GB/4.9 GB  9.5 MB/s   2m48s[K[A[1Gpulling manifest [K
pulling 667b0c1932bc:  68% 笆補毎笆遺毎笆遺毎笆遺毎笆遺毎笆遺毎笆・     笆・3.3 GB/4.9 GB  9.5 MB/s   2m48s[K[A[1Gpulling manifest [K
pulling 667b0c1932bc:  68% 笆補毎笆遺毎笆遺毎笆遺毎笆遺毎笆遺毎笆・     笆・3.3 GB/4.9 GB  9.5 MB/s   2m48s[K[A[1Gpulling manifest [K
pulling 667b0c1932bc:  68% 笆補毎笆遺毎笆遺毎笆遺毎笆遺毎笆遺毎笆・     笆・3.3 GB/4.9 GB  9.5 MB/s   2m48s[K[A[1Gpulling manifest [K
pulling 667b0c1932bc:  68% 笆補毎笆遺毎笆遺毎笆遺毎笆遺毎笆遺毎笆・     笆・3.3 GB/4.9 GB  9.5 MB/s   2m47s[K[A[1Gpulling manifest [K
pulling 667b0c1932bc:  68% 笆補毎笆遺毎笆遺毎笆遺毎笆遺毎笆遺毎笆・     笆・3.3 GB/4.9 GB  9.5 MB/s   2m47s[K[A[1Gpulling manifest [K
pulling 667b0c1932bc:  68% 笆補毎笆遺毎笆遺毎笆遺毎笆遺毎笆遺毎笆・     笆・3.3 GB/4.9 GB  9.5 MB/s   2m47s[K[A[1Gpulling manifest [K
pulling 667b0c1932bc:  68% 笆補毎笆遺毎笆遺毎笆遺毎笆遺毎笆遺毎笆・     笆・3.3 GB/4.9 GB  9.5 MB/s   2m47s[K[A[1Gpulling manifest [K
pulling 667b0c1932bc:  68% 笆補毎笆遺毎笆遺毎笆遺毎笆遺毎笆遺毎笆・     笆・3.3 GB/4.9 GB  9.5 MB/s   2m47s[K[A[1Gpulling manifest [K
pulling 667b0c1932bc:  68% 笆補毎笆遺毎笆遺毎笆遺毎笆遺毎笆遺毎笆・     笆・3.3 GB/4.9 GB  9.5 MB/s   2m47s[K[A[1Gpulling manifest [K
pulling 667b0c1932bc:  68% 笆補毎笆遺毎笆遺毎笆遺毎笆遺毎笆遺毎笆・     笆・3.3 GB/4.9 GB  9.5 MB/s   2m47s[K[A[1Gpulling manifest [K
pulling 667b0c1932bc:  68% 笆補毎笆遺毎笆遺毎笆遺毎笆遺毎笆遺毎笆・     笆・3.3 GB/4.9 GB  9.5 MB/s   2m47s[K[A[1Gpulling manifest [K
pulling 667b0c1932bc:  68% 笆補毎笆遺毎笆遺毎笆遺毎笆遺毎笆遺毎笆・     笆・3.3 GB/4.9 GB  9.5 MB/s   2m46s[K[A[1Gpulling manifest [K
pulling 667b0c1932bc:  68% 笆補毎笆遺毎笆遺毎笆遺毎笆遺毎笆遺毎笆・     笆・3.3 GB/4.9 GB  9.5 MB/s   2m46s[K[A[1Gpulling manifest [K
pulling 667b0c1932bc:  68% 笆補毎笆遺毎笆遺毎笆遺毎笆遺毎笆遺毎笆・     笆・3.3 GB/4.9 GB  9.5 MB/s   2m46s[K[A[1Gpulling manifest [K
pulling 667b0c1932bc:  68% 笆補毎笆遺毎笆遺毎笆遺毎笆遺毎笆遺毎笆・     笆・3.3 GB/4.9 GB  9.5 MB/s   2m46s[K[A[1Gpulling manifest [K
pulling 667b0c1932bc:  68% 笆補毎笆遺毎笆遺毎笆遺毎笆遺毎笆遺毎笆・     笆・3.3 GB/4.9 GB  9.5 MB/s   2m46s[K[A[1Gpulling manifest [K
pulling 667b0c1932bc:  68% 笆補毎笆遺毎笆遺毎笆遺毎笆遺毎笆遺毎笆・     笆・3.3 GB/4.9 GB  9.5 MB/s   2m46s[K[A[1Gpulling manifest [K
pulling 667b0c1932bc:  68% 笆補毎笆遺毎笆遺毎笆遺毎笆遺毎笆遺毎笆・     笆・3.3 GB/4.9 GB  9.5 MB/s   2m45s[K[A[1Gpulling manifest [K
pulling 667b0c1932bc:  68% 笆補毎笆遺毎笆遺毎笆遺毎笆遺毎笆遺毎笆・     笆・3.3 GB/4.9 GB  9.5 MB/s   2m45s[K[A[1Gpulling manifest [K
pulling 667b0c1932bc:  68% 笆補毎笆遺毎笆遺毎笆遺毎笆遺毎笆遺毎笆・     笆・3.3 GB/4.9 GB  9.5 MB/s   2m45s[K[A[1Gpulling manifest [K
pulling 667b0c1932bc:  68% 笆補毎笆遺毎笆遺毎笆遺毎笆遺毎笆遺毎笆・     笆・3.3 GB/4.9 GB  9.5 MB/s   2m45s[K[A[1Gpulling manifest [K
pulling 667b0c1932bc:  68% 笆補毎笆遺毎笆遺毎笆遺毎笆遺毎笆遺毎笆・     笆・3.3 GB/4.9 GB  9.5 MB/s   2m45s[K[A[1Gpulling manifest [K
pulling 667b0c1932bc:  68% 笆補毎笆遺毎笆遺毎笆遺毎笆遺毎笆遺毎笆・     笆・3.3 GB/4.9 GB  9.5 MB/s   2m45s[K[A[1Gpulling manifest [K
pulling 667b0c1932bc:  68% 笆補毎笆遺毎笆遺毎笆遺毎笆遺毎笆遺毎笆・     笆・3.3 GB/4.9 GB  9.5 MB/s   2m45s[K[A[1Gpulling manifest [K
pulling 667b0c1932bc:  68% 笆補毎笆遺毎笆遺毎笆遺毎笆遺毎笆遺毎笆・     笆・3.4 GB/4.9 GB  9.5 MB/s   2m45s[K[A[1Gpulling manifest [K
pulling 667b0c1932bc:  68% 笆補毎笆遺毎笆遺毎笆遺毎笆遺毎笆遺毎笆・     笆・3.4 GB/4.9 GB  9.5 MB/s   2m45s[K[A[1Gpulling manifest [K
pulling 667b0c1932bc:  68% 笆補毎笆遺毎笆遺毎笆遺毎笆遺毎笆遺毎笆・     笆・3.4 GB/4.9 GB  9.5 MB/s   2m45s[K[A[1Gpulling manifest [K
pulling 667b0c1932bc:  68% 笆補毎笆遺毎笆遺毎笆遺毎笆遺毎笆遺毎笆・     笆・3.4 GB/4.9 GB  9.5 MB/s   2m45s[K[A[1Gpulling manifest [K
pulling 667b0c1932bc:  68% 笆補毎笆遺毎笆遺毎笆遺毎笆遺毎笆遺毎笆・     笆・3.4 GB/4.9 GB  9.5 MB/s   2m45s[K[A[1Gpulling manifest [K
pulling 667b0c1932bc:  68% 笆補毎笆遺毎笆遺毎笆遺毎笆遺毎笆遺毎笆・     笆・3.4 GB/4.9 GB  9.5 MB/s   2m45s[K[A[1Gpulling manifest [K
pulling 667b0c1932bc:  68% 笆補毎笆遺毎笆遺毎笆遺毎笆遺毎笆遺毎笆・     笆・3.4 GB/4.9 GB  9.5 MB/s   2m45s[K[A[1Gpulling manifest [K
pulling 667b0c1932bc:  68% 笆補毎笆遺毎笆遺毎笆遺毎笆遺毎笆遺毎笆・     笆・3.4 GB/4.9 GB  9.5 MB/s   2m45s[K[A[1Gpulling manifest [K
pulling 667b0c1932bc:  68% 笆補毎笆遺毎笆遺毎笆遺毎笆遺毎笆遺毎笆・     笆・3.4 GB/4.9 GB  9.5 MB/s   2m45s[K[A[1Gpulling manifest [K
pulling 667b0c1932bc:  68% 笆補毎笆遺毎笆遺毎笆遺毎笆遺毎笆遺毎笆・     笆・3.4 GB/4.9 GB  9.6 MB/s   2m43s[K[A[1Gpulling manifest [K
pulling 667b0c1932bc:  68% 笆補毎笆遺毎笆遺毎笆遺毎笆遺毎笆遺毎笆・     笆・3.4 GB/4.9 GB  9.6 MB/s   2m43s[K[A[1Gpulling manifest [K
pulling 667b0c1932bc:  68% 笆補毎笆遺毎笆遺毎笆遺毎笆遺毎笆遺毎笆・     笆・3.4 GB/4.9 GB  9.6 MB/s   2m43s[K[A[1Gpulling manifest [K
pulling 667b0c1932bc:  68% 笆補毎笆遺毎笆遺毎笆遺毎笆遺毎笆遺毎笆・     笆・3.4 GB/4.9 GB  9.6 MB/s   2m42s[K[A[1Gpulling manifest [K
pulling 667b0c1932bc:  68% 笆補毎笆遺毎笆遺毎笆遺毎笆遺毎笆遺毎笆・     笆・3.4 GB/4.9 GB  9.6 MB/s   2m42s[K[A[1Gpulling manifest [K
pulling 667b0c1932bc:  68% 笆補毎笆遺毎笆遺毎笆遺毎笆遺毎笆遺毎笆・     笆・3.4 GB/4.9 GB  9.6 MB/s   2m42s[K[A[1Gpulling manifest [K
pulling 667b0c1932bc:  68% 笆補毎笆遺毎笆遺毎笆遺毎笆遺毎笆遺毎笆・     笆・3.4 GB/4.9 GB  9.6 MB/s   2m42s[K[A[1Gpulling manifest [K
pulling 667b0c1932bc:  68% 笆補毎笆遺毎笆遺毎笆遺毎笆遺毎笆遺毎笆・     笆・3.4 GB/4.9 GB  9.6 MB/s   2m42s[K[A[1Gpulling manifest [K
pulling 667b0c1932bc:  68% 笆補毎笆遺毎笆遺毎笆遺毎笆遺毎笆遺毎笆・     笆・3.4 GB/4.9 GB  9.6 MB/s   2m42s[K[A[1Gpulling manifest [K
pulling 667b0c1932bc:  68% 笆補毎笆遺毎笆遺毎笆遺毎笆遺毎笆遺毎笆・     笆・3.4 GB/4.9 GB  9.6 MB/s   2m42s[K[A[1Gpulling manifest [K
pulling 667b0c1932bc:  68% 笆補毎笆遺毎笆遺毎笆遺毎笆遺毎笆遺毎笆・     笆・3.4 GB/4.9 GB  9.3 MB/s   2m47s[K[A[1Gpulling manifest [K
pulling 667b0c1932bc:  68% 笆補毎笆遺毎笆遺毎笆遺毎笆遺毎笆遺毎笆・     笆・3.4 GB/4.9 GB  9.3 MB/s   2m47s[K[A[1Gpulling manifest [K
pulling 667b0c1932bc:  68% 笆補毎笆遺毎笆遺毎笆遺毎笆遺毎笆遺毎笆・     笆・3.4 GB/4.9 GB  9.3 MB/s   2m46s[K[A[1Gpulling manifest [K
pulling 667b0c1932bc:  68% 笆補毎笆遺毎笆遺毎笆遺毎笆遺毎笆遺毎笆・     笆・3.4 GB/4.9 GB  9.3 MB/s   2m46s[K[A[1Gpulling manifest [K
pulling 667b0c1932bc:  69% 笆補毎笆遺毎笆遺毎笆遺毎笆遺毎笆遺毎笆・     笆・3.4 GB/4.9 GB  9.3 MB/s   2m46s[K[A[1Gpulling manifest [K
pulling 667b0c1932bc:  69% 笆補毎笆遺毎笆遺毎笆遺毎笆遺毎笆遺毎笆・     笆・3.4 GB/4.9 GB  9.3 MB/s   2m46s[K[A[1Gpulling manifest [K
pulling 667b0c1932bc:  69% 笆補毎笆遺毎笆遺毎笆遺毎笆遺毎笆遺毎笆・     笆・3.4 GB/4.9 GB  9.3 MB/s   2m46s[K[A[1Gpulling manifest [K
pulling 667b0c1932bc:  69% 笆補毎笆遺毎笆遺毎笆遺毎笆遺毎笆遺毎笆・     笆・3.4 GB/4.9 GB  9.3 MB/s   2m46s[K[A[1Gpulling manifest [K
pulling 667b0c1932bc:  69% 笆補毎笆遺毎笆遺毎笆遺毎笆遺毎笆遺毎笆・     笆・3.4 GB/4.9 GB  9.3 MB/s   2m46s[K[A[1Gpulling manifest [K
pulling 667b0c1932bc:  69% 笆補毎笆遺毎笆遺毎笆遺毎笆遺毎笆遺毎笆・     笆・3.4 GB/4.9 GB  9.3 MB/s   2m46s[K[A[1Gpulling manifest [K
pulling 667b0c1932bc:  69% 笆補毎笆遺毎笆遺毎笆遺毎笆遺毎笆遺毎笆・     笆・3.4 GB/4.9 GB  9.5 MB/s   2m43s[K[A[1Gpulling manifest [K
pulling 667b0c1932bc:  69% 笆補毎笆遺毎笆遺毎笆遺毎笆遺毎笆遺毎笆・     笆・3.4 GB/4.9 GB  9.5 MB/s   2m43s[K[A[1Gpulling manifest [K
pulling 667b0c1932bc:  69% 笆補毎笆遺毎笆遺毎笆遺毎笆遺毎笆遺毎笆・     笆・3.4 GB/4.9 GB  9.5 MB/s   2m43s[K[A[1Gpulling manifest [K
pulling 667b0c1932bc:  69% 笆補毎笆遺毎笆遺毎笆遺毎笆遺毎笆遺毎笆・     笆・3.4 GB/4.9 GB  9.5 MB/s   2m42s[K[A[1Gpulling manifest [K
pulling 667b0c1932bc:  69% 笆補毎笆遺毎笆遺毎笆遺毎笆遺毎笆遺毎笆・     笆・3.4 GB/4.9 GB  9.5 MB/s   2m42s[K[A[1Gpulling manifest [K
pulling 667b0c1932bc:  69% 笆補毎笆遺毎笆遺毎笆遺毎笆遺毎笆遺毎笆・     笆・3.4 GB/4.9 GB  9.5 MB/s   2m42s[K[A[1Gpulling manifest [K
pulling 667b0c1932bc:  69% 笆補毎笆遺毎笆遺毎笆遺毎笆遺毎笆遺毎笆・     笆・3.4 GB/4.9 GB  9.5 MB/s   2m42s[K[A[1Gpulling manifest [K
pulling 667b0c1932bc:  69% 笆補毎笆遺毎笆遺毎笆遺毎笆遺毎笆遺毎笆・     笆・3.4 GB/4.9 GB  9.5 MB/s   2m42s[K[A[1Gpulling manifest [K
pulling 667b0c1932bc:  69% 笆補毎笆遺毎笆遺毎笆遺毎笆遺毎笆遺毎笆・     笆・3.4 GB/4.9 GB  9.5 MB/s   2m42s[K[A[1Gpulling manifest [K
pulling 667b0c1932bc:  69% 笆補毎笆遺毎笆遺毎笆遺毎笆遺毎笆遺毎笆・     笆・3.4 GB/4.9 GB  9.5 MB/s   2m42s[K[A[1Gpulling manifest [K
pulling 667b0c1932bc:  69% 笆補毎笆遺毎笆遺毎笆遺毎笆遺毎笆遺毎笆・     笆・3.4 GB/4.9 GB  9.5 MB/s   2m41s[K[A[1Gpulling manifest [K
pulling 667b0c1932bc:  69% 笆補毎笆遺毎笆遺毎笆遺毎笆遺毎笆遺毎笆・     笆・3.4 GB/4.9 GB  9.5 MB/s   2m41s[K[A[1Gpulling manifest [K
pulling 667b0c1932bc:  69% 笆補毎笆遺毎笆遺毎笆遺毎笆遺毎笆遺毎笆・     笆・3.4 GB/4.9 GB  9.5 MB/s   2m41s[K[A[1Gpulling manifest [K
pulling 667b0c1932bc:  69% 笆補毎笆遺毎笆遺毎笆遺毎笆遺毎笆遺毎笆・     笆・3.4 GB/4.9 GB  9.5 MB/s   2m41s[K[A[1Gpulling manifest [K
pulling 667b0c1932bc:  69% 笆補毎笆遺毎笆遺毎笆遺毎笆遺毎笆遺毎笆・     笆・3.4 GB/4.9 GB  9.5 MB/s   2m41s[K[A[1Gpulling manifest [K
pulling 667b0c1932bc:  69% 笆補毎笆遺毎笆遺毎笆遺毎笆遺毎笆遺毎笆・     笆・3.4 GB/4.9 GB  9.5 MB/s   2m41s[K[A[1Gpulling manifest [K
pulling 667b0c1932bc:  69% 笆補毎笆遺毎笆遺毎笆遺毎笆遺毎笆遺毎笆・     笆・3.4 GB/4.9 GB  9.5 MB/s   2m41s[K[A[1Gpulling manifest [K
pulling 667b0c1932bc:  69% 笆補毎笆遺毎笆遺毎笆遺毎笆遺毎笆遺毎笆・     笆・3.4 GB/4.9 GB  9.5 MB/s   2m41s[K[A[1Gpulling manifest [K
pulling 667b0c1932bc:  69% 笆補毎笆遺毎笆遺毎笆遺毎笆遺毎笆遺毎笆・     笆・3.4 GB/4.9 GB  9.5 MB/s   2m41s[K[A[1Gpulling manifest [K
pulling 667b0c1932bc:  69% 笆補毎笆遺毎笆遺毎笆遺毎笆遺毎笆遺毎笆・     笆・3.4 GB/4.9 GB  9.5 MB/s   2m41s[K[A[1Gpulling manifest [K
pulling 667b0c1932bc:  69% 笆補毎笆遺毎笆遺毎笆遺毎笆遺毎笆遺毎笆・     笆・3.4 GB/4.9 GB  9.5 MB/s   2m40s[K[A[1Gpulling manifest [K
pulling 667b0c1932bc:  69% 笆補毎笆遺毎笆遺毎笆遺毎笆遺毎笆遺毎笆・     笆・3.4 GB/4.9 GB  9.4 MB/s   2m41s[K[A[1Gpulling manifest [K
pulling 667b0c1932bc:  69% 笆補毎笆遺毎笆遺毎笆遺毎笆遺毎笆遺毎笆・     笆・3.4 GB/4.9 GB  9.4 MB/s   2m41s[K[A[1Gpulling manifest [K
pulling 667b0c1932bc:  69% 笆補毎笆遺毎笆遺毎笆遺毎笆遺毎笆遺毎笆・     笆・3.4 GB/4.9 GB  9.4 MB/s   2m41s[K[A[1Gpulling manifest [K
pulling 667b0c1932bc:  69% 笆補毎笆遺毎笆遺毎笆遺毎笆遺毎笆遺毎笆・     笆・3.4 GB/4.9 GB  9.4 MB/s   2m41s[K[A[1Gpulling manifest [K
pulling 667b0c1932bc:  69% 笆補毎笆遺毎笆遺毎笆遺毎笆遺毎笆遺毎笆・     笆・3.4 GB/4.9 GB  9.4 MB/s   2m41s[K[A[1Gpulling manifest [K
pulling 667b0c1932bc:  69% 笆補毎笆遺毎笆遺毎笆遺毎笆遺毎笆遺毎笆・     笆・3.4 GB/4.9 GB  9.4 MB/s   2m41s[K[A[1Gpulling manifest [K
pulling 667b0c1932bc:  69% 笆補毎笆遺毎笆遺毎笆遺毎笆遺毎笆遺毎笆・     笆・3.4 GB/4.9 GB  9.4 MB/s   2m41s[K[A[1Gpulling manifest [K
pulling 667b0c1932bc:  69% 笆補毎笆遺毎笆遺毎笆遺毎笆遺毎笆遺毎笆・     笆・3.4 GB/4.9 GB  9.4 MB/s   2m41s[K[A[1Gpulling manifest [K
pulling 667b0c1932bc:  69% 笆補毎笆遺毎笆遺毎笆遺毎笆遺毎笆遺毎笆・     笆・3.4 GB/4.9 GB  9.4 MB/s   2m40s[K[A[1Gpulling manifest [K
pulling 667b0c1932bc:  69% 笆補毎笆遺毎笆遺毎笆遺毎笆遺毎笆遺毎笆・     笆・3.4 GB/4.9 GB  9.4 MB/s   2m40s[K[A[1Gpulling manifest [K
pulling 667b0c1932bc:  69% 笆補毎笆遺毎笆遺毎笆遺毎笆遺毎笆遺毎笆・     笆・3.4 GB/4.9 GB  9.5 MB/s   2m40s[K[A[1Gpulling manifest [K
pulling 667b0c1932bc:  69% 笆補毎笆遺毎笆遺毎笆遺毎笆遺毎笆遺毎笆・     笆・3.4 GB/4.9 GB  9.5 MB/s   2m40s[K[A[1Gpulling manifest [K
pulling 667b0c1932bc:  69% 笆補毎笆遺毎笆遺毎笆遺毎笆遺毎笆遺毎笆・     笆・3.4 GB/4.9 GB  9.5 MB/s   2m40s[K[A[1Gpulling manifest [K
pulling 667b0c1932bc:  69% 笆補毎笆遺毎笆遺毎笆遺毎笆遺毎笆遺毎笆・     笆・3.4 GB/4.9 GB  9.5 MB/s   2m39s[K[A[1Gpulling manifest [K
pulling 667b0c1932bc:  69% 笆補毎笆遺毎笆遺毎笆遺毎笆遺毎笆遺毎笆・     笆・3.4 GB/4.9 GB  9.5 MB/s   2m39s[K[A[1Gpulling manifest [K
pulling 667b0c1932bc:  69% 笆補毎笆遺毎笆遺毎笆遺毎笆遺毎笆遺毎笆・     笆・3.4 GB/4.9 GB  9.5 MB/s   2m39s[K[A[1Gpulling manifest [K
pulling 667b0c1932bc:  69% 笆補毎笆遺毎笆遺毎笆遺毎笆遺毎笆遺毎笆・     笆・3.4 GB/4.9 GB  9.5 MB/s   2m39s[K[A[1Gpulling manifest [K
pulling 667b0c1932bc:  69% 笆補毎笆遺毎笆遺毎笆遺毎笆遺毎笆遺毎笆・     笆・3.4 GB/4.9 GB  9.5 MB/s   2m39s[K[A[1Gpulling manifest [K
pulling 667b0c1932bc:  69% 笆補毎笆遺毎笆遺毎笆遺毎笆遺毎笆遺毎笆・     笆・3.4 GB/4.9 GB  9.5 MB/s   2m39s[K[A[1Gpulling manifest [K
pulling 667b0c1932bc:  69% 笆補毎笆遺毎笆遺毎笆遺毎笆遺毎笆遺毎笆・     笆・3.4 GB/4.9 GB  9.5 MB/s   2m39s[K[A[1Gpulling manifest [K
pulling 667b0c1932bc:  69% 笆補毎笆遺毎笆遺毎笆遺毎笆遺毎笆遺毎笆・     笆・3.4 GB/4.9 GB  9.5 MB/s   2m38s[K[A[1Gpulling manifest [K
pulling 667b0c1932bc:  69% 笆補毎笆遺毎笆遺毎笆遺毎笆遺毎笆遺毎笆・     笆・3.4 GB/4.9 GB  9.5 MB/s   2m38s[K[A[1Gpulling manifest [K
pulling 667b0c1932bc:  69% 笆補毎笆遺毎笆遺毎笆遺毎笆遺毎笆遺毎笆・     笆・3.4 GB/4.9 GB  9.5 MB/s   2m38s[K[A[1Gpulling manifest [K
pulling 667b0c1932bc:  69% 笆補毎笆遺毎笆遺毎笆遺毎笆遺毎笆遺毎笆・     笆・3.4 GB/4.9 GB  9.5 MB/s   2m38s[K[A[1Gpulling manifest [K
pulling 667b0c1932bc:  69% 笆補毎笆遺毎笆遺毎笆遺毎笆遺毎笆遺毎笆・     笆・3.4 GB/4.9 GB  9.5 MB/s   2m38s[K[A[1Gpulling manifest [K
pulling 667b0c1932bc:  69% 笆補毎笆遺毎笆遺毎笆遺毎笆遺毎笆遺毎笆・     笆・3.4 GB/4.9 GB  9.5 MB/s   2m37s[K[A[1Gpulling manifest [K
pulling 667b0c1932bc:  70% 笆補毎笆遺毎笆遺毎笆遺毎笆遺毎笆遺毎笆・     笆・3.4 GB/4.9 GB  9.5 MB/s   2m37s[K[A[1Gpulling manifest [K
pulling 667b0c1932bc:  70% 笆補毎笆遺毎笆遺毎笆遺毎笆遺毎笆遺毎笆・     笆・3.4 GB/4.9 GB  9.5 MB/s   2m37s[K[A[1Gpulling manifest [K
pulling 667b0c1932bc:  70% 笆補毎笆遺毎笆遺毎笆遺毎笆遺毎笆遺毎笆・     笆・3.4 GB/4.9 GB  9.5 MB/s   2m37s[K[A[1Gpulling manifest [K
pulling 667b0c1932bc:  70% 笆補毎笆遺毎笆遺毎笆遺毎笆遺毎笆遺毎笆・     笆・3.4 GB/4.9 GB  9.5 MB/s   2m37s[K[A[1Gpulling manifest [K
pulling 667b0c1932bc:  70% 笆補毎笆遺毎笆遺毎笆遺毎笆遺毎笆遺毎笆・     笆・3.4 GB/4.9 GB  9.4 MB/s   2m38s[K[A[1Gpulling manifest [K
pulling 667b0c1932bc:  70% 笆補毎笆遺毎笆遺毎笆遺毎笆遺毎笆遺毎笆・     笆・3.4 GB/4.9 GB  9.4 MB/s   2m38s[K[A[1Gpulling manifest [K
pulling 667b0c1932bc:  70% 笆補毎笆遺毎笆遺毎笆遺毎笆遺毎笆遺毎笆・     笆・3.4 GB/4.9 GB  9.4 MB/s   2m38s[K[A[1Gpulling manifest [K
pulling 667b0c1932bc:  70% 笆補毎笆遺毎笆遺毎笆遺毎笆遺毎笆遺毎笆・     笆・3.4 GB/4.9 GB  9.4 MB/s   2m38s[K[A[1Gpulling manifest [K
pulling 667b0c1932bc:  70% 笆補毎笆遺毎笆遺毎笆遺毎笆遺毎笆遺毎笆・     笆・3.4 GB/4.9 GB  9.4 MB/s   2m38s[K[A[1Gpulling manifest [K
pulling 667b0c1932bc:  70% 笆補毎笆遺毎笆遺毎笆遺毎笆遺毎笆遺毎笆・     笆・3.4 GB/4.9 GB  9.4 MB/s   2m38s[K[A[1Gpulling manifest [K
pulling 667b0c1932bc:  70% 笆補毎笆遺毎笆遺毎笆遺毎笆遺毎笆遺毎笆・     笆・3.4 GB/4.9 GB  9.4 MB/s   2m38s[K[A[1Gpulling manifest [K
pulling 667b0c1932bc:  70% 笆補毎笆遺毎笆遺毎笆遺毎笆遺毎笆遺毎笆・     笆・3.4 GB/4.9 GB  9.4 MB/s   2m38s[K[A[1Gpulling manifest [K
pulling 667b0c1932bc:  70% 笆補毎笆遺毎笆遺毎笆遺毎笆遺毎笆遺毎笆・     笆・3.4 GB/4.9 GB  9.4 MB/s   2m38s[K[A[1Gpulling manifest [K
pulling 667b0c1932bc:  70% 笆補毎笆遺毎笆遺毎笆遺毎笆遺毎笆遺毎笆・     笆・3.4 GB/4.9 GB  9.4 MB/s   2m37s[K[A[1Gpulling manifest [K
pulling 667b0c1932bc:  70% 笆補毎笆遺毎笆遺毎笆遺毎笆遺毎笆遺毎笆・     笆・3.4 GB/4.9 GB  9.4 MB/s   2m37s[K[A[1Gpulling manifest [K
pulling 667b0c1932bc:  70% 笆補毎笆遺毎笆遺毎笆遺毎笆遺毎笆遺毎笆・     笆・3.4 GB/4.9 GB  9.5 MB/s   2m36s[K[A[1Gpulling manifest [K
pulling 667b0c1932bc:  70% 笆補毎笆遺毎笆遺毎笆遺毎笆遺毎笆遺毎笆・     笆・3.4 GB/4.9 GB  9.5 MB/s   2m36s[K[A[1Gpulling manifest [K
pulling 667b0c1932bc:  70% 笆補毎笆遺毎笆遺毎笆遺毎笆遺毎笆遺毎笆・     笆・3.4 GB/4.9 GB  9.5 MB/s   2m36s[K[A[1Gpulling manifest [K
pulling 667b0c1932bc:  70% 笆補毎笆遺毎笆遺毎笆遺毎笆遺毎笆遺毎笆・     笆・3.4 GB/4.9 GB  9.5 MB/s   2m36s[K[A[1Gpulling manifest [K
pulling 667b0c1932bc:  70% 笆補毎笆遺毎笆遺毎笆遺毎笆遺毎笆遺毎笆・     笆・3.4 GB/4.9 GB  9.5 MB/s   2m36s[K[A[1Gpulling manifest [K
pulling 667b0c1932bc:  70% 笆補毎笆遺毎笆遺毎笆遺毎笆遺毎笆遺毎笆・     笆・3.4 GB/4.9 GB  9.5 MB/s   2m36s[K[A[1Gpulling manifest [K
pulling 667b0c1932bc:  70% 笆補毎笆遺毎笆遺毎笆遺毎笆遺毎笆遺毎笆・     笆・3.4 GB/4.9 GB  9.5 MB/s   2m36s[K[A[1Gpulling manifest [K
pulling 667b0c1932bc:  70% 笆補毎笆遺毎笆遺毎笆遺毎笆遺毎笆遺毎笆・     笆・3.4 GB/4.9 GB  9.5 MB/s   2m36s[K[A[1Gpulling manifest [K
pulling 667b0c1932bc:  70% 笆補毎笆遺毎笆遺毎笆遺毎笆遺毎笆遺毎笆・     笆・3.4 GB/4.9 GB  9.5 MB/s   2m36s[K[A[1Gpulling manifest [K
pulling 667b0c1932bc:  70% 笆補毎笆遺毎笆遺毎笆遺毎笆遺毎笆遺毎笆・     笆・3.4 GB/4.9 GB  9.5 MB/s   2m35s[K[A[1Gpulling manifest [K
pulling 667b0c1932bc:  70% 笆補毎笆遺毎笆遺毎笆遺毎笆遺毎笆遺毎笆・     笆・3.4 GB/4.9 GB  9.6 MB/s   2m34s[K[A[1Gpulling manifest [K
pulling 667b0c1932bc:  70% 笆補毎笆遺毎笆遺毎笆遺毎笆遺毎笆遺毎笆・     笆・3.4 GB/4.9 GB  9.6 MB/s   2m34s[K[A[1Gpulling manifest [K
pulling 667b0c1932bc:  70% 笆補毎笆遺毎笆遺毎笆遺毎笆遺毎笆遺毎笆・     笆・3.4 GB/4.9 GB  9.6 MB/s   2m34s[K[A[1Gpulling manifest [K
pulling 667b0c1932bc:  70% 笆補毎笆遺毎笆遺毎笆遺毎笆遺毎笆遺毎笆・     笆・3.4 GB/4.9 GB  9.6 MB/s   2m34s[K[A[1Gpulling manifest [K
pulling 667b0c1932bc:  70% 笆補毎笆遺毎笆遺毎笆遺毎笆遺毎笆遺毎笆・     笆・3.4 GB/4.9 GB  9.6 MB/s   2m33s[K[A[1Gpulling manifest [K
pulling 667b0c1932bc:  70% 笆補毎笆遺毎笆遺毎笆遺毎笆遺毎笆遺毎笆・     笆・3.4 GB/4.9 GB  9.6 MB/s   2m33s[K[A[1Gpulling manifest [K
pulling 667b0c1932bc:  70% 笆補毎笆遺毎笆遺毎笆遺毎笆遺毎笆遺毎笆・     笆・3.4 GB/4.9 GB  9.6 MB/s   2m33s[K[A[1Gpulling manifest [K
pulling 667b0c1932bc:  70% 笆補毎笆遺毎笆遺毎笆遺毎笆遺毎笆遺毎笆・     笆・3.5 GB/4.9 GB  9.6 MB/s   2m33s[K[A[1Gpulling manifest [K
pulling 667b0c1932bc:  70% 笆補毎笆遺毎笆遺毎笆遺毎笆遺毎笆遺毎笆・     笆・3.5 GB/4.9 GB  9.6 MB/s   2m33s[K[A[1Gpulling manifest [K
pulling 667b0c1932bc:  70% 笆補毎笆遺毎笆遺毎笆遺毎笆遺毎笆遺毎笆・     笆・3.5 GB/4.9 GB  9.6 MB/s   2m33s[K[A[1Gpulling manifest [K
pulling 667b0c1932bc:  70% 笆補毎笆遺毎笆遺毎笆遺毎笆遺毎笆遺毎笆・     笆・3.5 GB/4.9 GB  9.8 MB/s   2m30s[K[A[1Gpulling manifest [K
pulling 667b0c1932bc:  70% 笆補毎笆遺毎笆遺毎笆遺毎笆遺毎笆遺毎笆・     笆・3.5 GB/4.9 GB  9.8 MB/s   2m29s[K[A[1Gpulling manifest [K
pulling 667b0c1932bc:  70% 笆補毎笆遺毎笆遺毎笆遺毎笆遺毎笆遺毎笆・     笆・3.5 GB/4.9 GB  9.8 MB/s   2m29s[K[A[1Gpulling manifest [K
pulling 667b0c1932bc:  70% 笆補毎笆遺毎笆遺毎笆遺毎笆遺毎笆遺毎笆・     笆・3.5 GB/4.9 GB  9.8 MB/s   2m29s[K[A[1Gpulling manifest [K
pulling 667b0c1932bc:  70% 笆補毎笆遺毎笆遺毎笆遺毎笆遺毎笆遺毎笆・     笆・3.5 GB/4.9 GB  9.8 MB/s   2m29s[K[A[1Gpulling manifest [K
pulling 667b0c1932bc:  70% 笆補毎笆遺毎笆遺毎笆遺毎笆遺毎笆遺毎笆・     笆・3.5 GB/4.9 GB  9.8 MB/s   2m29s[K[A[1Gpulling manifest [K
pulling 667b0c1932bc:  70% 笆補毎笆遺毎笆遺毎笆遺毎笆遺毎笆遺毎笆・     笆・3.5 GB/4.9 GB  9.8 MB/s   2m29s[K[A[1Gpulling manifest [K
pulling 667b0c1932bc:  70% 笆補毎笆遺毎笆遺毎笆遺毎笆遺毎笆遺毎笆・     笆・3.5 GB/4.9 GB  9.8 MB/s   2m29s[K[A[1Gpulling manifest [K
pulling 667b0c1932bc:  70% 笆補毎笆遺毎笆遺毎笆遺毎笆遺毎笆遺毎笆・     笆・3.5 GB/4.9 GB  9.8 MB/s   2m29s[K[A[1Gpulling manifest [K
pulling 667b0c1932bc:  70% 笆補毎笆遺毎笆遺毎笆遺毎笆遺毎笆遺毎笆・     笆・3.5 GB/4.9 GB  9.8 MB/s   2m29s[K[A[1Gpulling manifest [K
pulling 667b0c1932bc:  70% 笆補毎笆遺毎笆遺毎笆遺毎笆遺毎笆遺毎笆・     笆・3.5 GB/4.9 GB  9.8 MB/s   2m29s[K[A[1Gpulling manifest [K
pulling 667b0c1932bc:  70% 笆補毎笆遺毎笆遺毎笆遺毎笆遺毎笆遺毎笆・     笆・3.5 GB/4.9 GB  9.7 MB/s   2m30s[K[A[1Gpulling manifest [K
pulling 667b0c1932bc:  70% 笆補毎笆遺毎笆遺毎笆遺毎笆遺毎笆遺毎笆・     笆・3.5 GB/4.9 GB  9.7 MB/s   2m29s[K[A[1Gpulling manifest [K
pulling 667b0c1932bc:  70% 笆補毎笆遺毎笆遺毎笆遺毎笆遺毎笆遺毎笆・     笆・3.5 GB/4.9 GB  9.7 MB/s   2m29s[K[A[1Gpulling manifest [K
pulling 667b0c1932bc:  70% 笆補毎笆遺毎笆遺毎笆遺毎笆遺毎笆遺毎笆・     笆・3.5 GB/4.9 GB  9.7 MB/s   2m29s[K[A[1Gpulling manifest [K
pulling 667b0c1932bc:  70% 笆補毎笆遺毎笆遺毎笆遺毎笆遺毎笆遺毎笆・     笆・3.5 GB/4.9 GB  9.7 MB/s   2m29s[K[A[1Gpulling manifest [K
pulling 667b0c1932bc:  70% 笆補毎笆遺毎笆遺毎笆遺毎笆遺毎笆遺毎笆・     笆・3.5 GB/4.9 GB  9.7 MB/s   2m29s[K[A[1Gpulling manifest [K
pulling 667b0c1932bc:  71% 笆補毎笆遺毎笆遺毎笆遺毎笆遺毎笆遺毎笆・     笆・3.5 GB/4.9 GB  9.7 MB/s   2m29s[K[A[1Gpulling manifest [K
pulling 667b0c1932bc:  71% 笆補毎笆遺毎笆遺毎笆遺毎笆遺毎笆遺毎笆・     笆・3.5 GB/4.9 GB  9.7 MB/s   2m29s[K[A[1Gpulling manifest [K
pulling 667b0c1932bc:  71% 笆補毎笆遺毎笆遺毎笆遺毎笆遺毎笆遺毎笆・     笆・3.5 GB/4.9 GB  9.7 MB/s   2m29s[K[A[1Gpulling manifest [K
pulling 667b0c1932bc:  71% 笆補毎笆遺毎笆遺毎笆遺毎笆遺毎笆遺毎笆・     笆・3.5 GB/4.9 GB  9.7 MB/s   2m29s[K[A[1Gpulling manifest [K
pulling 667b0c1932bc:  71% 笆補毎笆遺毎笆遺毎笆遺毎笆遺毎笆遺毎笆・     笆・3.5 GB/4.9 GB  9.8 MB/s   2m28s[K[A[1Gpulling manifest [K
pulling 667b0c1932bc:  71% 笆補毎笆遺毎笆遺毎笆遺毎笆遺毎笆遺毎笆・     笆・3.5 GB/4.9 GB  9.8 MB/s   2m28s[K[A[1Gpulling manifest [K
pulling 667b0c1932bc:  71% 笆補毎笆遺毎笆遺毎笆遺毎笆遺毎笆遺毎笆・     笆・3.5 GB/4.9 GB  9.8 MB/s   2m28s[K[A[1Gpulling manifest [K
pulling 667b0c1932bc:  71% 笆補毎笆遺毎笆遺毎笆遺毎笆遺毎笆遺毎笆・     笆・3.5 GB/4.9 GB  9.8 MB/s   2m28s[K[A[1Gpulling manifest [K
pulling 667b0c1932bc:  71% 笆補毎笆遺毎笆遺毎笆遺毎笆遺毎笆遺毎笆・     笆・3.5 GB/4.9 GB  9.8 MB/s   2m28s[K[A[1Gpulling manifest [K
pulling 667b0c1932bc:  71% 笆補毎笆遺毎笆遺毎笆遺毎笆遺毎笆遺毎笆・     笆・3.5 GB/4.9 GB  9.8 MB/s   2m27s[K[A[1Gpulling manifest [K
pulling 667b0c1932bc:  71% 笆補毎笆遺毎笆遺毎笆遺毎笆遺毎笆遺毎笆・     笆・3.5 GB/4.9 GB  9.8 MB/s   2m27s[K[A[1Gpulling manifest [K
pulling 667b0c1932bc:  71% 笆補毎笆遺毎笆遺毎笆遺毎笆遺毎笆遺毎笆・     笆・3.5 GB/4.9 GB  9.8 MB/s   2m27s[K[A[1Gpulling manifest [K
pulling 667b0c1932bc:  71% 笆補毎笆遺毎笆遺毎笆遺毎笆遺毎笆遺毎笆・     笆・3.5 GB/4.9 GB  9.8 MB/s   2m27s[K[A[1Gpulling manifest [K
pulling 667b0c1932bc:  71% 笆補毎笆遺毎笆遺毎笆遺毎笆遺毎笆遺毎笆・     笆・3.5 GB/4.9 GB  9.8 MB/s   2m27s[K[A[1Gpulling manifest [K
pulling 667b0c1932bc:  71% 笆補毎笆遺毎笆遺毎笆遺毎笆遺毎笆遺毎笆・     笆・3.5 GB/4.9 GB  9.4 MB/s   2m32s[K[A[1Gpulling manifest [K
pulling 667b0c1932bc:  71% 笆補毎笆遺毎笆遺毎笆遺毎笆遺毎笆遺毎笆・     笆・3.5 GB/4.9 GB  9.4 MB/s   2m32s[K[A[1Gpulling manifest [K
pulling 667b0c1932bc:  71% 笆補毎笆遺毎笆遺毎笆遺毎笆遺毎笆遺毎笆・     笆・3.5 GB/4.9 GB  9.4 MB/s   2m32s[K[A[1Gpulling manifest [K
pulling 667b0c1932bc:  71% 笆補毎笆遺毎笆遺毎笆遺毎笆遺毎笆遺毎笆・     笆・3.5 GB/4.9 GB  9.4 MB/s   2m32s[K[A[1Gpulling manifest [K
pulling 667b0c1932bc:  71% 笆補毎笆遺毎笆遺毎笆遺毎笆遺毎笆遺毎笆・     笆・3.5 GB/4.9 GB  9.4 MB/s   2m32s[K[A[1Gpulling manifest [K
pulling 667b0c1932bc:  71% 笆補毎笆遺毎笆遺毎笆遺毎笆遺毎笆遺毎笆・     笆・3.5 GB/4.9 GB  9.4 MB/s   2m32s[K[A[1Gpulling manifest [K
pulling 667b0c1932bc:  71% 笆補毎笆遺毎笆遺毎笆遺毎笆遺毎笆遺毎笆・     笆・3.5 GB/4.9 GB  9.4 MB/s   2m31s[K[A[1Gpulling manifest [K
pulling 667b0c1932bc:  71% 笆補毎笆遺毎笆遺毎笆遺毎笆遺毎笆遺毎笆・     笆・3.5 GB/4.9 GB  9.4 MB/s   2m31s[K[A[1Gpulling manifest [K
pulling 667b0c1932bc:  71% 笆補毎笆遺毎笆遺毎笆遺毎笆遺毎笆遺毎笆・     笆・3.5 GB/4.9 GB  9.4 MB/s   2m31s[K[A[1Gpulling manifest [K
pulling 667b0c1932bc:  71% 笆補毎笆遺毎笆遺毎笆遺毎笆遺毎笆遺毎笆・     笆・3.5 GB/4.9 GB  9.4 MB/s   2m31s[K[A[1Gpulling manifest [K
pulling 667b0c1932bc:  71% 笆補毎笆遺毎笆遺毎笆遺毎笆遺毎笆遺毎笆・     笆・3.5 GB/4.9 GB  9.5 MB/s   2m31s[K[A[1Gpulling manifest [K
pulling 667b0c1932bc:  71% 笆補毎笆遺毎笆遺毎笆遺毎笆遺毎笆遺毎笆・     笆・3.5 GB/4.9 GB  9.5 MB/s   2m31s[K[A[1Gpulling manifest [K
pulling 667b0c1932bc:  71% 笆補毎笆遺毎笆遺毎笆遺毎笆遺毎笆遺毎笆・     笆・3.5 GB/4.9 GB  9.5 MB/s   2m31s[K[A[1Gpulling manifest [K
pulling 667b0c1932bc:  71% 笆補毎笆遺毎笆遺毎笆遺毎笆遺毎笆遺毎笆・     笆・3.5 GB/4.9 GB  9.5 MB/s   2m30s[K[A[1Gpulling manifest [K
pulling 667b0c1932bc:  71% 笆補毎笆遺毎笆遺毎笆遺毎笆遺毎笆遺毎笆・     笆・3.5 GB/4.9 GB  9.5 MB/s   2m30s[K[A[1Gpulling manifest [K
pulling 667b0c1932bc:  71% 笆補毎笆遺毎笆遺毎笆遺毎笆遺毎笆遺毎笆・     笆・3.5 GB/4.9 GB  9.5 MB/s   2m30s[K[A[1Gpulling manifest [K
pulling 667b0c1932bc:  71% 笆補毎笆遺毎笆遺毎笆遺毎笆遺毎笆遺毎笆・     笆・3.5 GB/4.9 GB  9.5 MB/s   2m30s[K[A[1Gpulling manifest [K
pulling 667b0c1932bc:  71% 笆補毎笆遺毎笆遺毎笆遺毎笆遺毎笆遺毎笆・     笆・3.5 GB/4.9 GB  9.5 MB/s   2m30s[K[A[1Gpulling manifest [K
pulling 667b0c1932bc:  71% 笆補毎笆遺毎笆遺毎笆遺毎笆遺毎笆遺毎笆・     笆・3.5 GB/4.9 GB  9.5 MB/s   2m30s[K[A[1Gpulling manifest [K
pulling 667b0c1932bc:  71% 笆補毎笆遺毎笆遺毎笆遺毎笆遺毎笆遺毎笆・     笆・3.5 GB/4.9 GB  9.5 MB/s   2m30s[K[A[1Gpulling manifest [K
pulling 667b0c1932bc:  71% 笆補毎笆遺毎笆遺毎笆遺毎笆遺毎笆遺毎笆・     笆・3.5 GB/4.9 GB  9.3 MB/s   2m33s[K[A[1Gpulling manifest [K
pulling 667b0c1932bc:  71% 笆補毎笆遺毎笆遺毎笆遺毎笆遺毎笆遺毎笆・     笆・3.5 GB/4.9 GB  9.3 MB/s   2m33s[K[A[1Gpulling manifest [K
pulling 667b0c1932bc:  71% 笆補毎笆遺毎笆遺毎笆遺毎笆遺毎笆遺毎笆・     笆・3.5 GB/4.9 GB  9.3 MB/s   2m33s[K[A[1Gpulling manifest [K
pulling 667b0c1932bc:  71% 笆補毎笆遺毎笆遺毎笆遺毎笆遺毎笆遺毎笆・     笆・3.5 GB/4.9 GB  9.3 MB/s   2m33s[K[A[1Gpulling manifest [K
pulling 667b0c1932bc:  71% 笆補毎笆遺毎笆遺毎笆遺毎笆遺毎笆遺毎笆・     笆・3.5 GB/4.9 GB  9.3 MB/s   2m33s[K[A[1Gpulling manifest [K
pulling 667b0c1932bc:  71% 笆補毎笆遺毎笆遺毎笆遺毎笆遺毎笆遺毎笆・     笆・3.5 GB/4.9 GB  9.3 MB/s   2m32s[K[A[1Gpulling manifest [K
pulling 667b0c1932bc:  71% 笆補毎笆遺毎笆遺毎笆遺毎笆遺毎笆遺毎笆・     笆・3.5 GB/4.9 GB  9.3 MB/s   2m32s[K[A[1Gpulling manifest [K
pulling 667b0c1932bc:  71% 笆補毎笆遺毎笆遺毎笆遺毎笆遺毎笆遺毎笆・     笆・3.5 GB/4.9 GB  9.3 MB/s   2m32s[K[A[1Gpulling manifest [K
pulling 667b0c1932bc:  71% 笆補毎笆遺毎笆遺毎笆遺毎笆遺毎笆遺毎笆・     笆・3.5 GB/4.9 GB  9.3 MB/s   2m32s[K[A[1Gpulling manifest [K
pulling 667b0c1932bc:  71% 笆補毎笆遺毎笆遺毎笆遺毎笆遺毎笆遺毎笆・     笆・3.5 GB/4.9 GB  9.3 MB/s   2m32s[K[A[1Gpulling manifest [K
pulling 667b0c1932bc:  71% 笆補毎笆遺毎笆遺毎笆遺毎笆遺毎笆遺毎笆・     笆・3.5 GB/4.9 GB  9.3 MB/s   2m32s[K[A[1Gpulling manifest [K
pulling 667b0c1932bc:  71% 笆補毎笆遺毎笆遺毎笆遺毎笆遺毎笆遺毎笆・     笆・3.5 GB/4.9 GB  9.1 MB/s   2m35s[K[A[1Gpulling manifest [K
pulling 667b0c1932bc:  71% 笆補毎笆遺毎笆遺毎笆遺毎笆遺毎笆遺毎笆・     笆・3.5 GB/4.9 GB  9.1 MB/s   2m35s[K[A[1Gpulling manifest [K
pulling 667b0c1932bc:  71% 笆補毎笆遺毎笆遺毎笆遺毎笆遺毎笆遺毎笆・     笆・3.5 GB/4.9 GB  9.1 MB/s   2m35s[K[A[1Gpulling manifest [K
pulling 667b0c1932bc:  71% 笆補毎笆遺毎笆遺毎笆遺毎笆遺毎笆遺毎笆・     笆・3.5 GB/4.9 GB  9.1 MB/s   2m35s[K[A[1Gpulling manifest [K
pulling 667b0c1932bc:  71% 笆補毎笆遺毎笆遺毎笆遺毎笆遺毎笆遺毎笆・     笆・3.5 GB/4.9 GB  9.1 MB/s   2m35s[K[A[1Gpulling manifest [K
pulling 667b0c1932bc:  71% 笆補毎笆遺毎笆遺毎笆遺毎笆遺毎笆遺毎笆・     笆・3.5 GB/4.9 GB  9.1 MB/s   2m35s[K[A[1Gpulling manifest [K
pulling 667b0c1932bc:  71% 笆補毎笆遺毎笆遺毎笆遺毎笆遺毎笆遺毎笆・     笆・3.5 GB/4.9 GB  9.1 MB/s   2m35s[K[A[1Gpulling manifest [K
pulling 667b0c1932bc:  71% 笆補毎笆遺毎笆遺毎笆遺毎笆遺毎笆遺毎笆・     笆・3.5 GB/4.9 GB  9.1 MB/s   2m34s[K[A[1Gpulling manifest [K
pulling 667b0c1932bc:  71% 笆補毎笆遺毎笆遺毎笆遺毎笆遺毎笆遺毎笆・     笆・3.5 GB/4.9 GB  9.1 MB/s   2m34s[K[A[1Gpulling manifest [K
pulling 667b0c1932bc:  71% 笆補毎笆遺毎笆遺毎笆遺毎笆遺毎笆遺毎笆・     笆・3.5 GB/4.9 GB  9.1 MB/s   2m34s[K[A[1Gpulling manifest [K
pulling 667b0c1932bc:  71% 笆補毎笆遺毎笆遺毎笆遺毎笆遺毎笆遺毎笆・     笆・3.5 GB/4.9 GB  9.1 MB/s   2m35s[K[A[1Gpulling manifest [K
pulling 667b0c1932bc:  71% 笆補毎笆遺毎笆遺毎笆遺毎笆遺毎笆遺毎笆・     笆・3.5 GB/4.9 GB  9.1 MB/s   2m34s[K[A[1Gpulling manifest [K
pulling 667b0c1932bc:  72% 笆補毎笆遺毎笆遺毎笆遺毎笆遺毎笆遺毎笆・     笆・3.5 GB/4.9 GB  9.1 MB/s   2m34s[K[A[1Gpulling manifest [K
pulling 667b0c1932bc:  72% 笆補毎笆遺毎笆遺毎笆遺毎笆遺毎笆遺毎笆・     笆・3.5 GB/4.9 GB  9.1 MB/s   2m34s[K[A[1Gpulling manifest [K
pulling 667b0c1932bc:  72% 笆補毎笆遺毎笆遺毎笆遺毎笆遺毎笆遺毎笆・     笆・3.5 GB/4.9 GB  9.1 MB/s   2m34s[K[A[1Gpulling manifest [K
pulling 667b0c1932bc:  72% 笆補毎笆遺毎笆遺毎笆遺毎笆遺毎笆遺毎笆・     笆・3.5 GB/4.9 GB  9.1 MB/s   2m34s[K[A[1Gpulling manifest [K
pulling 667b0c1932bc:  72% 笆補毎笆遺毎笆遺毎笆遺毎笆遺毎笆遺毎笆・     笆・3.5 GB/4.9 GB  9.1 MB/s   2m34s[K[A[1Gpulling manifest [K
pulling 667b0c1932bc:  72% 笆補毎笆遺毎笆遺毎笆遺毎笆遺毎笆遺毎笆・     笆・3.5 GB/4.9 GB  9.1 MB/s   2m34s[K[A[1Gpulling manifest [K
pulling 667b0c1932bc:  72% 笆補毎笆遺毎笆遺毎笆遺毎笆遺毎笆遺毎笆・     笆・3.5 GB/4.9 GB  9.1 MB/s   2m34s[K[A[1Gpulling manifest [K
pulling 667b0c1932bc:  72% 笆補毎笆遺毎笆遺毎笆遺毎笆遺毎笆遺毎笆・     笆・3.5 GB/4.9 GB  9.1 MB/s   2m34s[K[A[1Gpulling manifest [K
pulling 667b0c1932bc:  72% 笆補毎笆遺毎笆遺毎笆遺毎笆遺毎笆遺毎笆・     笆・3.5 GB/4.9 GB  9.1 MB/s   2m33s[K[A[1Gpulling manifest [K
pulling 667b0c1932bc:  72% 笆補毎笆遺毎笆遺毎笆遺毎笆遺毎笆遺毎笆・     笆・3.5 GB/4.9 GB  9.1 MB/s   2m33s[K[A[1Gpulling manifest [K
pulling 667b0c1932bc:  72% 笆補毎笆遺毎笆遺毎笆遺毎笆遺毎笆遺毎笆・     笆・3.5 GB/4.9 GB  9.1 MB/s   2m33s[K[A[1Gpulling manifest [K
pulling 667b0c1932bc:  72% 笆補毎笆遺毎笆遺毎笆遺毎笆遺毎笆遺毎笆・     笆・3.5 GB/4.9 GB  9.1 MB/s   2m32s[K[A[1Gpulling manifest [K
pulling 667b0c1932bc:  72% 笆補毎笆遺毎笆遺毎笆遺毎笆遺毎笆遺毎笆・     笆・3.5 GB/4.9 GB  9.1 MB/s   2m32s[K[A[1Gpulling manifest [K
pulling 667b0c1932bc:  72% 笆補毎笆遺毎笆遺毎笆遺毎笆遺毎笆遺毎笆・     笆・3.5 GB/4.9 GB  9.1 MB/s   2m32s[K[A[1Gpulling manifest [K
pulling 667b0c1932bc:  72% 笆補毎笆遺毎笆遺毎笆遺毎笆遺毎笆遺毎笆・     笆・3.5 GB/4.9 GB  9.1 MB/s   2m32s[K[A[1Gpulling manifest [K
pulling 667b0c1932bc:  72% 笆補毎笆遺毎笆遺毎笆遺毎笆遺毎笆遺毎笆・     笆・3.5 GB/4.9 GB  9.1 MB/s   2m32s[K[A[1Gpulling manifest [K
pulling 667b0c1932bc:  72% 笆補毎笆遺毎笆遺毎笆遺毎笆遺毎笆遺毎笆・     笆・3.5 GB/4.9 GB  9.1 MB/s   2m32s[K[A[1Gpulling manifest [K
pulling 667b0c1932bc:  72% 笆補毎笆遺毎笆遺毎笆遺毎笆遺毎笆遺毎笆・     笆・3.5 GB/4.9 GB  9.1 MB/s   2m32s[K[A[1Gpulling manifest [K
pulling 667b0c1932bc:  72% 笆補毎笆遺毎笆遺毎笆遺毎笆遺毎笆遺毎笆・     笆・3.5 GB/4.9 GB  9.0 MB/s   2m34s[K[A[1Gpulling manifest [K
pulling 667b0c1932bc:  72% 笆補毎笆遺毎笆遺毎笆遺毎笆遺毎笆遺毎笆・     笆・3.5 GB/4.9 GB  9.0 MB/s   2m34s[K[A[1Gpulling manifest [K
pulling 667b0c1932bc:  72% 笆補毎笆遺毎笆遺毎笆遺毎笆遺毎笆遺毎笆・     笆・3.5 GB/4.9 GB  9.0 MB/s   2m34s[K[A[1Gpulling manifest [K
pulling 667b0c1932bc:  72% 笆補毎笆遺毎笆遺毎笆遺毎笆遺毎笆遺毎笆・     笆・3.5 GB/4.9 GB  9.0 MB/s   2m34s[K[A[1Gpulling manifest [K
pulling 667b0c1932bc:  72% 笆補毎笆遺毎笆遺毎笆遺毎笆遺毎笆遺毎笆・     笆・3.5 GB/4.9 GB  9.0 MB/s   2m34s[K[A[1Gpulling manifest [K
pulling 667b0c1932bc:  72% 笆補毎笆遺毎笆遺毎笆遺毎笆遺毎笆遺毎笆・     笆・3.5 GB/4.9 GB  9.0 MB/s   2m34s[K[A[1Gpulling manifest [K
pulling 667b0c1932bc:  72% 笆補毎笆遺毎笆遺毎笆遺毎笆遺毎笆遺毎笆・     笆・3.5 GB/4.9 GB  9.0 MB/s   2m34s[K[A[1Gpulling manifest [K
pulling 667b0c1932bc:  72% 笆補毎笆遺毎笆遺毎笆遺毎笆遺毎笆遺毎笆・     笆・3.5 GB/4.9 GB  9.0 MB/s   2m34s[K[A[1Gpulling manifest [K
pulling 667b0c1932bc:  72% 笆補毎笆遺毎笆遺毎笆遺毎笆遺毎笆遺毎笆・     笆・3.5 GB/4.9 GB  9.0 MB/s   2m34s[K[A[1Gpulling manifest [K
pulling 667b0c1932bc:  72% 笆補毎笆遺毎笆遺毎笆遺毎笆遺毎笆遺毎笆・     笆・3.5 GB/4.9 GB  9.0 MB/s   2m33s[K[A[1Gpulling manifest [K
pulling 667b0c1932bc:  72% 笆補毎笆遺毎笆遺毎笆遺毎笆遺毎笆遺毎笆・     笆・3.5 GB/4.9 GB  9.1 MB/s   2m31s[K[A[1Gpulling manifest [K
pulling 667b0c1932bc:  72% 笆補毎笆遺毎笆遺毎笆遺毎笆遺毎笆遺毎笆・     笆・3.5 GB/4.9 GB  9.1 MB/s   2m31s[K[A[1Gpulling manifest [K
pulling 667b0c1932bc:  72% 笆補毎笆遺毎笆遺毎笆遺毎笆遺毎笆遺毎笆・     笆・3.5 GB/4.9 GB  9.1 MB/s   2m31s[K[A[1Gpulling manifest [K
pulling 667b0c1932bc:  72% 笆補毎笆遺毎笆遺毎笆遺毎笆遺毎笆遺毎笆・     笆・3.5 GB/4.9 GB  9.1 MB/s   2m31s[K[A[1Gpulling manifest [K
pulling 667b0c1932bc:  72% 笆補毎笆遺毎笆遺毎笆遺毎笆遺毎笆遺毎笆・     笆・3.5 GB/4.9 GB  9.1 MB/s   2m31s[K[A[1Gpulling manifest [K
pulling 667b0c1932bc:  72% 笆補毎笆遺毎笆遺毎笆遺毎笆遺毎笆遺毎笆・     笆・3.6 GB/4.9 GB  9.1 MB/s   2m31s[K[A[1Gpulling manifest [K
pulling 667b0c1932bc:  72% 笆補毎笆遺毎笆遺毎笆遺毎笆遺毎笆遺毎笆・     笆・3.6 GB/4.9 GB  9.1 MB/s   2m31s[K[A[1Gpulling manifest [K
pulling 667b0c1932bc:  72% 笆補毎笆遺毎笆遺毎笆遺毎笆遺毎笆遺毎笆・     笆・3.6 GB/4.9 GB  9.1 MB/s   2m31s[K[A[1Gpulling manifest [K
pulling 667b0c1932bc:  72% 笆補毎笆遺毎笆遺毎笆遺毎笆遺毎笆遺毎笆・     笆・3.6 GB/4.9 GB  9.1 MB/s   2m30s[K[A[1Gpulling manifest [K
pulling 667b0c1932bc:  72% 笆補毎笆遺毎笆遺毎笆遺毎笆遺毎笆遺毎笆遺毎     笆・3.6 GB/4.9 GB  9.1 MB/s   2m30s[K[A[1Gpulling manifest [K
pulling 667b0c1932bc:  72% 笆補毎笆遺毎笆遺毎笆遺毎笆遺毎笆遺毎笆遺毎     笆・3.6 GB/4.9 GB  9.1 MB/s   2m30s[K[A[1Gpulling manifest [K
pulling 667b0c1932bc:  72% 笆補毎笆遺毎笆遺毎笆遺毎笆遺毎笆遺毎笆遺毎     笆・3.6 GB/4.9 GB  9.0 MB/s   2m32s[K[A[1Gpulling manifest [K
pulling 667b0c1932bc:  72% 笆補毎笆遺毎笆遺毎笆遺毎笆遺毎笆遺毎笆遺毎     笆・3.6 GB/4.9 GB  9.0 MB/s   2m31s[K[A[1Gpulling manifest [K
pulling 667b0c1932bc:  72% 笆補毎笆遺毎笆遺毎笆遺毎笆遺毎笆遺毎笆遺毎     笆・3.6 GB/4.9 GB  9.0 MB/s   2m31s[K[A[1Gpulling manifest [K
pulling 667b0c1932bc:  72% 笆補毎笆遺毎笆遺毎笆遺毎笆遺毎笆遺毎笆遺毎     笆・3.6 GB/4.9 GB  9.0 MB/s   2m31s[K[A[1Gpulling manifest [K
pulling 667b0c1932bc:  72% 笆補毎笆遺毎笆遺毎笆遺毎笆遺毎笆遺毎笆遺毎     笆・3.6 GB/4.9 GB  9.0 MB/s   2m31s[K[A[1Gpulling manifest [K
pulling 667b0c1932bc:  72% 笆補毎笆遺毎笆遺毎笆遺毎笆遺毎笆遺毎笆遺毎     笆・3.6 GB/4.9 GB  9.0 MB/s   2m31s[K[A[1Gpulling manifest [K
pulling 667b0c1932bc:  72% 笆補毎笆遺毎笆遺毎笆遺毎笆遺毎笆遺毎笆遺毎     笆・3.6 GB/4.9 GB  9.0 MB/s   2m31s[K[A[1Gpulling manifest [K
pulling 667b0c1932bc:  72% 笆補毎笆遺毎笆遺毎笆遺毎笆遺毎笆遺毎笆遺毎     笆・3.6 GB/4.9 GB  9.0 MB/s   2m31s[K[A[1Gpulling manifest [K
pulling 667b0c1932bc:  72% 笆補毎笆遺毎笆遺毎笆遺毎笆遺毎笆遺毎笆遺毎     笆・3.6 GB/4.9 GB  9.0 MB/s   2m31s[K[A[1Gpulling manifest [K
pulling 667b0c1932bc:  72% 笆補毎笆遺毎笆遺毎笆遺毎笆遺毎笆遺毎笆遺毎     笆・3.6 GB/4.9 GB  9.0 MB/s   2m31s[K[A[1Gpulling manifest [K
pulling 667b0c1932bc:  72% 笆補毎笆遺毎笆遺毎笆遺毎笆遺毎笆遺毎笆遺毎     笆・3.6 GB/4.9 GB  9.4 MB/s   2m23s[K[A[1Gpulling manifest [K
pulling 667b0c1932bc:  72% 笆補毎笆遺毎笆遺毎笆遺毎笆遺毎笆遺毎笆遺毎     笆・3.6 GB/4.9 GB  9.4 MB/s   2m23s[K[A[1Gpulling manifest [K
pulling 667b0c1932bc:  72% 笆補毎笆遺毎笆遺毎笆遺毎笆遺毎笆遺毎笆遺毎     笆・3.6 GB/4.9 GB  9.4 MB/s   2m23s[K[A[1Gpulling manifest [K
pulling 667b0c1932bc:  73% 笆補毎笆遺毎笆遺毎笆遺毎笆遺毎笆遺毎笆遺毎     笆・3.6 GB/4.9 GB  9.4 MB/s   2m23s[K[A[1Gpulling manifest [K
pulling 667b0c1932bc:  73% 笆補毎笆遺毎笆遺毎笆遺毎笆遺毎笆遺毎笆遺毎     笆・3.6 GB/4.9 GB  9.4 MB/s   2m23s[K[A[1Gpulling manifest [K
pulling 667b0c1932bc:  73% 笆補毎笆遺毎笆遺毎笆遺毎笆遺毎笆遺毎笆遺毎     笆・3.6 GB/4.9 GB  9.4 MB/s   2m23s[K[A[1Gpulling manifest [K
pulling 667b0c1932bc:  73% 笆補毎笆遺毎笆遺毎笆遺毎笆遺毎笆遺毎笆遺毎     笆・3.6 GB/4.9 GB  9.4 MB/s   2m23s[K[A[1Gpulling manifest [K
pulling 667b0c1932bc:  73% 笆補毎笆遺毎笆遺毎笆遺毎笆遺毎笆遺毎笆遺毎     笆・3.6 GB/4.9 GB  9.4 MB/s   2m23s[K[A[1Gpulling manifest [K
pulling 667b0c1932bc:  73% 笆補毎笆遺毎笆遺毎笆遺毎笆遺毎笆遺毎笆遺毎     笆・3.6 GB/4.9 GB  9.4 MB/s   2m23s[K[A[1Gpulling manifest [K
pulling 667b0c1932bc:  73% 笆補毎笆遺毎笆遺毎笆遺毎笆遺毎笆遺毎笆遺毎     笆・3.6 GB/4.9 GB  9.4 MB/s   2m23s[K[A[1Gpulling manifest [K
pulling 667b0c1932bc:  73% 笆補毎笆遺毎笆遺毎笆遺毎笆遺毎笆遺毎笆遺毎     笆・3.6 GB/4.9 GB  9.5 MB/s   2m21s[K[A[1Gpulling manifest [K
pulling 667b0c1932bc:  73% 笆補毎笆遺毎笆遺毎笆遺毎笆遺毎笆遺毎笆遺毎     笆・3.6 GB/4.9 GB  9.5 MB/s   2m21s[K[A[1Gpulling manifest [K
pulling 667b0c1932bc:  73% 笆補毎笆遺毎笆遺毎笆遺毎笆遺毎笆遺毎笆遺毎     笆・3.6 GB/4.9 GB  9.5 MB/s   2m21s[K[A[1Gpulling manifest [K
pulling 667b0c1932bc:  73% 笆補毎笆遺毎笆遺毎笆遺毎笆遺毎笆遺毎笆遺毎     笆・3.6 GB/4.9 GB  9.5 MB/s   2m21s[K[A[1Gpulling manifest [K
pulling 667b0c1932bc:  73% 笆補毎笆遺毎笆遺毎笆遺毎笆遺毎笆遺毎笆遺毎     笆・3.6 GB/4.9 GB  9.5 MB/s   2m21s[K[A[1Gpulling manifest [K
pulling 667b0c1932bc:  73% 笆補毎笆遺毎笆遺毎笆遺毎笆遺毎笆遺毎笆遺毎     笆・3.6 GB/4.9 GB  9.5 MB/s   2m21s[K[A[1Gpulling manifest [K
pulling 667b0c1932bc:  73% 笆補毎笆遺毎笆遺毎笆遺毎笆遺毎笆遺毎笆遺毎     笆・3.6 GB/4.9 GB  9.5 MB/s   2m21s[K[A[1Gpulling manifest [K
pulling 667b0c1932bc:  73% 笆補毎笆遺毎笆遺毎笆遺毎笆遺毎笆遺毎笆遺毎     笆・3.6 GB/4.9 GB  9.5 MB/s   2m21s[K[A[1Gpulling manifest [K
pulling 667b0c1932bc:  73% 笆補毎笆遺毎笆遺毎笆遺毎笆遺毎笆遺毎笆遺毎     笆・3.6 GB/4.9 GB  9.5 MB/s   2m20s[K[A[1Gpulling manifest [K
pulling 667b0c1932bc:  73% 笆補毎笆遺毎笆遺毎笆遺毎笆遺毎笆遺毎笆遺毎     笆・3.6 GB/4.9 GB  9.5 MB/s   2m20s[K[A[1Gpulling manifest [K
pulling 667b0c1932bc:  73% 笆補毎笆遺毎笆遺毎笆遺毎笆遺毎笆遺毎笆遺毎     笆・3.6 GB/4.9 GB  9.6 MB/s   2m19s[K[A[1Gpulling manifest [K
pulling 667b0c1932bc:  73% 笆補毎笆遺毎笆遺毎笆遺毎笆遺毎笆遺毎笆遺毎     笆・3.6 GB/4.9 GB  9.6 MB/s   2m19s[K[A[1Gpulling manifest [K
pulling 667b0c1932bc:  73% 笆補毎笆遺毎笆遺毎笆遺毎笆遺毎笆遺毎笆遺毎     笆・3.6 GB/4.9 GB  9.6 MB/s   2m19s[K[A[1Gpulling manifest [K
pulling 667b0c1932bc:  73% 笆補毎笆遺毎笆遺毎笆遺毎笆遺毎笆遺毎笆遺毎     笆・3.6 GB/4.9 GB  9.6 MB/s   2m19s[K[A[1Gpulling manifest [K
pulling 667b0c1932bc:  73% 笆補毎笆遺毎笆遺毎笆遺毎笆遺毎笆遺毎笆遺毎     笆・3.6 GB/4.9 GB  9.6 MB/s   2m19s[K[A[1Gpulling manifest [K
pulling 667b0c1932bc:  73% 笆補毎笆遺毎笆遺毎笆遺毎笆遺毎笆遺毎笆遺毎     笆・3.6 GB/4.9 GB  9.6 MB/s   2m19s[K[A[1Gpulling manifest [K
pulling 667b0c1932bc:  73% 笆補毎笆遺毎笆遺毎笆遺毎笆遺毎笆遺毎笆遺毎     笆・3.6 GB/4.9 GB  9.6 MB/s   2m18s[K[A[1Gpulling manifest [K
pulling 667b0c1932bc:  73% 笆補毎笆遺毎笆遺毎笆遺毎笆遺毎笆遺毎笆遺毎     笆・3.6 GB/4.9 GB  9.6 MB/s   2m18s[K[A[1Gpulling manifest [K
pulling 667b0c1932bc:  73% 笆補毎笆遺毎笆遺毎笆遺毎笆遺毎笆遺毎笆遺毎     笆・3.6 GB/4.9 GB  9.6 MB/s   2m18s[K[A[1Gpulling manifest [K
pulling 667b0c1932bc:  73% 笆補毎笆遺毎笆遺毎笆遺毎笆遺毎笆遺毎笆遺毎     笆・3.6 GB/4.9 GB  9.6 MB/s   2m18s[K[A[1Gpulling manifest [K
pulling 667b0c1932bc:  73% 笆補毎笆遺毎笆遺毎笆遺毎笆遺毎笆遺毎笆遺毎     笆・3.6 GB/4.9 GB  9.6 MB/s   2m19s[K[A[1Gpulling manifest [K
pulling 667b0c1932bc:  73% 笆補毎笆遺毎笆遺毎笆遺毎笆遺毎笆遺毎笆遺毎     笆・3.6 GB/4.9 GB  9.6 MB/s   2m18s[K[A[1Gpulling manifest [K
pulling 667b0c1932bc:  73% 笆補毎笆遺毎笆遺毎笆遺毎笆遺毎笆遺毎笆遺毎     笆・3.6 GB/4.9 GB  9.6 MB/s   2m18s[K[A[1Gpulling manifest [K
pulling 667b0c1932bc:  73% 笆補毎笆遺毎笆遺毎笆遺毎笆遺毎笆遺毎笆遺毎     笆・3.6 GB/4.9 GB  9.6 MB/s   2m18s[K[A[1Gpulling manifest [K
pulling 667b0c1932bc:  73% 笆補毎笆遺毎笆遺毎笆遺毎笆遺毎笆遺毎笆遺毎     笆・3.6 GB/4.9 GB  9.6 MB/s   2m18s[K[A[1Gpulling manifest [K
pulling 667b0c1932bc:  73% 笆補毎笆遺毎笆遺毎笆遺毎笆遺毎笆遺毎笆遺毎     笆・3.6 GB/4.9 GB  9.6 MB/s   2m18s[K[A[1Gpulling manifest [K
pulling 667b0c1932bc:  73% 笆補毎笆遺毎笆遺毎笆遺毎笆遺毎笆遺毎笆遺毎     笆・3.6 GB/4.9 GB  9.6 MB/s   2m18s[K[A[1Gpulling manifest [K
pulling 667b0c1932bc:  73% 笆補毎笆遺毎笆遺毎笆遺毎笆遺毎笆遺毎笆遺毎     笆・3.6 GB/4.9 GB  9.6 MB/s   2m18s[K[A[1Gpulling manifest [K
pulling 667b0c1932bc:  73% 笆補毎笆遺毎笆遺毎笆遺毎笆遺毎笆遺毎笆遺毎     笆・3.6 GB/4.9 GB  9.6 MB/s   2m18s[K[A[1Gpulling manifest [K
pulling 667b0c1932bc:  73% 笆補毎笆遺毎笆遺毎笆遺毎笆遺毎笆遺毎笆遺毎     笆・3.6 GB/4.9 GB  9.6 MB/s   2m18s[K[A[1Gpulling manifest [K
pulling 667b0c1932bc:  73% 笆補毎笆遺毎笆遺毎笆遺毎笆遺毎笆遺毎笆遺毎     笆・3.6 GB/4.9 GB  9.6 MB/s   2m18s[K[A[1Gpulling manifest [K
pulling 667b0c1932bc:  73% 笆補毎笆遺毎笆遺毎笆遺毎笆遺毎笆遺毎笆遺毎     笆・3.6 GB/4.9 GB  9.6 MB/s   2m16s[K[A[1Gpulling manifest [K
pulling 667b0c1932bc:  73% 笆補毎笆遺毎笆遺毎笆遺毎笆遺毎笆遺毎笆遺毎     笆・3.6 GB/4.9 GB  9.6 MB/s   2m16s[K[A[1Gpulling manifest [K
pulling 667b0c1932bc:  73% 笆補毎笆遺毎笆遺毎笆遺毎笆遺毎笆遺毎笆遺毎     笆・3.6 GB/4.9 GB  9.6 MB/s   2m16s[K[A[1Gpulling manifest [K
pulling 667b0c1932bc:  73% 笆補毎笆遺毎笆遺毎笆遺毎笆遺毎笆遺毎笆遺毎     笆・3.6 GB/4.9 GB  9.6 MB/s   2m16s[K[A[1Gpulling manifest [K
pulling 667b0c1932bc:  73% 笆補毎笆遺毎笆遺毎笆遺毎笆遺毎笆遺毎笆遺毎     笆・3.6 GB/4.9 GB  9.6 MB/s   2m16s[K[A[1Gpulling manifest [K
pulling 667b0c1932bc:  73% 笆補毎笆遺毎笆遺毎笆遺毎笆遺毎笆遺毎笆遺毎     笆・3.6 GB/4.9 GB  9.6 MB/s   2m16s[K[A[1Gpulling manifest [K
pulling 667b0c1932bc:  73% 笆補毎笆遺毎笆遺毎笆遺毎笆遺毎笆遺毎笆遺毎     笆・3.6 GB/4.9 GB  9.6 MB/s   2m16s[K[A[1Gpulling manifest [K
pulling 667b0c1932bc:  73% 笆補毎笆遺毎笆遺毎笆遺毎笆遺毎笆遺毎笆遺毎     笆・3.6 GB/4.9 GB  9.6 MB/s   2m16s[K[A[1Gpulling manifest [K
pulling 667b0c1932bc:  73% 笆補毎笆遺毎笆遺毎笆遺毎笆遺毎笆遺毎笆遺毎     笆・3.6 GB/4.9 GB  9.6 MB/s   2m16s[K[A[1Gpulling manifest [K
pulling 667b0c1932bc:  73% 笆補毎笆遺毎笆遺毎笆遺毎笆遺毎笆遺毎笆遺毎     笆・3.6 GB/4.9 GB  9.6 MB/s   2m16s[K[A[1Gpulling manifest [K
pulling 667b0c1932bc:  73% 笆補毎笆遺毎笆遺毎笆遺毎笆遺毎笆遺毎笆遺毎     笆・3.6 GB/4.9 GB  9.3 MB/s   2m20s[K[A[1Gpulling manifest [K
pulling 667b0c1932bc:  73% 笆補毎笆遺毎笆遺毎笆遺毎笆遺毎笆遺毎笆遺毎     笆・3.6 GB/4.9 GB  9.3 MB/s   2m20s[K[A[1Gpulling manifest [K
pulling 667b0c1932bc:  73% 笆補毎笆遺毎笆遺毎笆遺毎笆遺毎笆遺毎笆遺毎     笆・3.6 GB/4.9 GB  9.3 MB/s   2m20s[K[A[1Gpulling manifest [K
pulling 667b0c1932bc:  73% 笆補毎笆遺毎笆遺毎笆遺毎笆遺毎笆遺毎笆遺毎     笆・3.6 GB/4.9 GB  9.3 MB/s   2m20s[K[A[1Gpulling manifest [K
pulling 667b0c1932bc:  73% 笆補毎笆遺毎笆遺毎笆遺毎笆遺毎笆遺毎笆遺毎     笆・3.6 GB/4.9 GB  9.3 MB/s   2m20s[K[A[1Gpulling manifest [K
pulling 667b0c1932bc:  74% 笆補毎笆遺毎笆遺毎笆遺毎笆遺毎笆遺毎笆遺毎     笆・3.6 GB/4.9 GB  9.3 MB/s   2m20s[K[A[1Gpulling manifest [K
pulling 667b0c1932bc:  74% 笆補毎笆遺毎笆遺毎笆遺毎笆遺毎笆遺毎笆遺毎     笆・3.6 GB/4.9 GB  9.3 MB/s   2m20s[K[A[1Gpulling manifest [K
pulling 667b0c1932bc:  74% 笆補毎笆遺毎笆遺毎笆遺毎笆遺毎笆遺毎笆遺毎     笆・3.6 GB/4.9 GB  9.3 MB/s   2m20s[K[A[1Gpulling manifest [K
pulling 667b0c1932bc:  74% 笆補毎笆遺毎笆遺毎笆遺毎笆遺毎笆遺毎笆遺毎     笆・3.6 GB/4.9 GB  9.3 MB/s   2m19s[K[A[1Gpulling manifest [K
pulling 667b0c1932bc:  74% 笆補毎笆遺毎笆遺毎笆遺毎笆遺毎笆遺毎笆遺毎     笆・3.6 GB/4.9 GB  9.3 MB/s   2m19s[K[A[1Gpulling manifest [K
pulling 667b0c1932bc:  74% 笆補毎笆遺毎笆遺毎笆遺毎笆遺毎笆遺毎笆遺毎     笆・3.6 GB/4.9 GB  9.5 MB/s   2m16s[K[A[1Gpulling manifest [K
pulling 667b0c1932bc:  74% 笆補毎笆遺毎笆遺毎笆遺毎笆遺毎笆遺毎笆遺毎     笆・3.6 GB/4.9 GB  9.5 MB/s   2m16s[K[A[1Gpulling manifest [K
pulling 667b0c1932bc:  74% 笆補毎笆遺毎笆遺毎笆遺毎笆遺毎笆遺毎笆遺毎     笆・3.6 GB/4.9 GB  9.5 MB/s   2m16s[K[A[1Gpulling manifest [K
pulling 667b0c1932bc:  74% 笆補毎笆遺毎笆遺毎笆遺毎笆遺毎笆遺毎笆遺毎     笆・3.6 GB/4.9 GB  9.5 MB/s   2m16s[K[A[1Gpulling manifest [K
pulling 667b0c1932bc:  74% 笆補毎笆遺毎笆遺毎笆遺毎笆遺毎笆遺毎笆遺毎     笆・3.6 GB/4.9 GB  9.5 MB/s   2m16s[K[A[1Gpulling manifest [K
pulling 667b0c1932bc:  74% 笆補毎笆遺毎笆遺毎笆遺毎笆遺毎笆遺毎笆遺毎     笆・3.6 GB/4.9 GB  9.5 MB/s   2m15s[K[A[1Gpulling manifest [K
pulling 667b0c1932bc:  74% 笆補毎笆遺毎笆遺毎笆遺毎笆遺毎笆遺毎笆遺毎     笆・3.6 GB/4.9 GB  9.5 MB/s   2m15s[K[A[1Gpulling manifest [K
pulling 667b0c1932bc:  74% 笆補毎笆遺毎笆遺毎笆遺毎笆遺毎笆遺毎笆遺毎     笆・3.6 GB/4.9 GB  9.5 MB/s   2m15s[K[A[1Gpulling manifest [K
pulling 667b0c1932bc:  74% 笆補毎笆遺毎笆遺毎笆遺毎笆遺毎笆遺毎笆遺毎     笆・3.6 GB/4.9 GB  9.5 MB/s   2m15s[K[A[1Gpulling manifest [K
pulling 667b0c1932bc:  74% 笆補毎笆遺毎笆遺毎笆遺毎笆遺毎笆遺毎笆遺毎     笆・3.6 GB/4.9 GB  9.5 MB/s   2m15s[K[A[1Gpulling manifest [K
pulling 667b0c1932bc:  74% 笆補毎笆遺毎笆遺毎笆遺毎笆遺毎笆遺毎笆遺毎     笆・3.6 GB/4.9 GB  9.4 MB/s   2m17s[K[A[1Gpulling manifest [K
pulling 667b0c1932bc:  74% 笆補毎笆遺毎笆遺毎笆遺毎笆遺毎笆遺毎笆遺毎     笆・3.6 GB/4.9 GB  9.4 MB/s   2m17s[K[A[1Gpulling manifest [K
pulling 667b0c1932bc:  74% 笆補毎笆遺毎笆遺毎笆遺毎笆遺毎笆遺毎笆遺毎     笆・3.6 GB/4.9 GB  9.4 MB/s   2m17s[K[A[1Gpulling manifest [K
pulling 667b0c1932bc:  74% 笆補毎笆遺毎笆遺毎笆遺毎笆遺毎笆遺毎笆遺毎     笆・3.6 GB/4.9 GB  9.4 MB/s   2m17s[K[A[1Gpulling manifest [K
pulling 667b0c1932bc:  74% 笆補毎笆遺毎笆遺毎笆遺毎笆遺毎笆遺毎笆遺毎     笆・3.6 GB/4.9 GB  9.4 MB/s   2m16s[K[A[1Gpulling manifest [K
pulling 667b0c1932bc:  74% 笆補毎笆遺毎笆遺毎笆遺毎笆遺毎笆遺毎笆遺毎     笆・3.6 GB/4.9 GB  9.4 MB/s   2m16s[K[A[1Gpulling manifest [K
pulling 667b0c1932bc:  74% 笆補毎笆遺毎笆遺毎笆遺毎笆遺毎笆遺毎笆遺毎     笆・3.6 GB/4.9 GB  9.4 MB/s   2m16s[K[A[1Gpulling manifest [K
pulling 667b0c1932bc:  74% 笆補毎笆遺毎笆遺毎笆遺毎笆遺毎笆遺毎笆遺毎     笆・3.6 GB/4.9 GB  9.4 MB/s   2m16s[K[A[1Gpulling manifest [K
pulling 667b0c1932bc:  74% 笆補毎笆遺毎笆遺毎笆遺毎笆遺毎笆遺毎笆遺毎     笆・3.6 GB/4.9 GB  9.4 MB/s   2m16s[K[A[1Gpulling manifest [K
pulling 667b0c1932bc:  74% 笆補毎笆遺毎笆遺毎笆遺毎笆遺毎笆遺毎笆遺毎     笆・3.6 GB/4.9 GB  9.4 MB/s   2m16s[K[A[1Gpulling manifest [K
pulling 667b0c1932bc:  74% 笆補毎笆遺毎笆遺毎笆遺毎笆遺毎笆遺毎笆遺毎     笆・3.6 GB/4.9 GB  9.4 MB/s   2m16s[K[A[1Gpulling manifest [K
pulling 667b0c1932bc:  74% 笆補毎笆遺毎笆遺毎笆遺毎笆遺毎笆遺毎笆遺毎     笆・3.6 GB/4.9 GB  9.4 MB/s   2m16s[K[A[1Gpulling manifest [K
pulling 667b0c1932bc:  74% 笆補毎笆遺毎笆遺毎笆遺毎笆遺毎笆遺毎笆遺毎     笆・3.6 GB/4.9 GB  9.4 MB/s   2m16s[K[A[1Gpulling manifest [K
pulling 667b0c1932bc:  74% 笆補毎笆遺毎笆遺毎笆遺毎笆遺毎笆遺毎笆遺毎     笆・3.6 GB/4.9 GB  9.4 MB/s   2m15s[K[A[1Gpulling manifest [K
pulling 667b0c1932bc:  74% 笆補毎笆遺毎笆遺毎笆遺毎笆遺毎笆遺毎笆遺毎     笆・3.6 GB/4.9 GB  9.4 MB/s   2m15s[K[A[1Gpulling manifest [K
pulling 667b0c1932bc:  74% 笆補毎笆遺毎笆遺毎笆遺毎笆遺毎笆遺毎笆遺毎     笆・3.6 GB/4.9 GB  9.4 MB/s   2m15s[K[A[1Gpulling manifest [K
pulling 667b0c1932bc:  74% 笆補毎笆遺毎笆遺毎笆遺毎笆遺毎笆遺毎笆遺毎     笆・3.6 GB/4.9 GB  9.4 MB/s   2m15s[K[A[1Gpulling manifest [K
pulling 667b0c1932bc:  74% 笆補毎笆遺毎笆遺毎笆遺毎笆遺毎笆遺毎笆遺毎     笆・3.6 GB/4.9 GB  9.4 MB/s   2m15s[K[A[1Gpulling manifest [K
pulling 667b0c1932bc:  74% 笆補毎笆遺毎笆遺毎笆遺毎笆遺毎笆遺毎笆遺毎     笆・3.6 GB/4.9 GB  9.4 MB/s   2m15s[K[A[1Gpulling manifest [K
pulling 667b0c1932bc:  74% 笆補毎笆遺毎笆遺毎笆遺毎笆遺毎笆遺毎笆遺毎     笆・3.6 GB/4.9 GB  9.4 MB/s   2m15s[K[A[1Gpulling manifest [K
pulling 667b0c1932bc:  74% 笆補毎笆遺毎笆遺毎笆遺毎笆遺毎笆遺毎笆遺毎     笆・3.6 GB/4.9 GB  9.4 MB/s   2m15s[K[A[1Gpulling manifest [K
pulling 667b0c1932bc:  74% 笆補毎笆遺毎笆遺毎笆遺毎笆遺毎笆遺毎笆遺毎     笆・3.6 GB/4.9 GB  9.3 MB/s   2m16s[K[A[1Gpulling manifest [K
pulling 667b0c1932bc:  74% 笆補毎笆遺毎笆遺毎笆遺毎笆遺毎笆遺毎笆遺毎     笆・3.6 GB/4.9 GB  9.3 MB/s   2m16s[K[A[1Gpulling manifest [K
pulling 667b0c1932bc:  74% 笆補毎笆遺毎笆遺毎笆遺毎笆遺毎笆遺毎笆遺毎     笆・3.7 GB/4.9 GB  9.3 MB/s   2m16s[K[A[1Gpulling manifest [K
pulling 667b0c1932bc:  74% 笆補毎笆遺毎笆遺毎笆遺毎笆遺毎笆遺毎笆遺毎     笆・3.7 GB/4.9 GB  9.3 MB/s   2m16s[K[A[1Gpulling manifest [K
pulling 667b0c1932bc:  74% 笆補毎笆遺毎笆遺毎笆遺毎笆遺毎笆遺毎笆遺毎     笆・3.7 GB/4.9 GB  9.3 MB/s   2m16s[K[A[1Gpulling manifest [K
pulling 667b0c1932bc:  74% 笆補毎笆遺毎笆遺毎笆遺毎笆遺毎笆遺毎笆遺毎     笆・3.7 GB/4.9 GB  9.3 MB/s   2m16s[K[A[1Gpulling manifest [K
pulling 667b0c1932bc:  74% 笆補毎笆遺毎笆遺毎笆遺毎笆遺毎笆遺毎笆遺毎     笆・3.7 GB/4.9 GB  9.3 MB/s   2m15s[K[A[1Gpulling manifest [K
pulling 667b0c1932bc:  74% 笆補毎笆遺毎笆遺毎笆遺毎笆遺毎笆遺毎笆遺毎     笆・3.7 GB/4.9 GB  9.3 MB/s   2m15s[K[A[1Gpulling manifest [K
pulling 667b0c1932bc:  74% 笆補毎笆遺毎笆遺毎笆遺毎笆遺毎笆遺毎笆遺毎     笆・3.7 GB/4.9 GB  9.3 MB/s   2m15s[K[A[1Gpulling manifest [K
pulling 667b0c1932bc:  74% 笆補毎笆遺毎笆遺毎笆遺毎笆遺毎笆遺毎笆遺毎     笆・3.7 GB/4.9 GB  9.3 MB/s   2m15s[K[A[1Gpulling manifest [K
pulling 667b0c1932bc:  74% 笆補毎笆遺毎笆遺毎笆遺毎笆遺毎笆遺毎笆遺毎     笆・3.7 GB/4.9 GB  9.3 MB/s   2m16s[K[A[1Gpulling manifest [K
pulling 667b0c1932bc:  74% 笆補毎笆遺毎笆遺毎笆遺毎笆遺毎笆遺毎笆遺毎     笆・3.7 GB/4.9 GB  9.3 MB/s   2m15s[K[A[1Gpulling manifest [K
pulling 667b0c1932bc:  74% 笆補毎笆遺毎笆遺毎笆遺毎笆遺毎笆遺毎笆遺毎     笆・3.7 GB/4.9 GB  9.3 MB/s   2m15s[K[A[1Gpulling manifest [K
pulling 667b0c1932bc:  74% 笆補毎笆遺毎笆遺毎笆遺毎笆遺毎笆遺毎笆遺毎     笆・3.7 GB/4.9 GB  9.3 MB/s   2m15s[K[A[1Gpulling manifest [K
pulling 667b0c1932bc:  74% 笆補毎笆遺毎笆遺毎笆遺毎笆遺毎笆遺毎笆遺毎     笆・3.7 GB/4.9 GB  9.3 MB/s   2m15s[K[A[1Gpulling manifest [K
pulling 667b0c1932bc:  74% 笆補毎笆遺毎笆遺毎笆遺毎笆遺毎笆遺毎笆遺毎     笆・3.7 GB/4.9 GB  9.3 MB/s   2m15s[K[A[1Gpulling manifest [K
pulling 667b0c1932bc:  74% 笆補毎笆遺毎笆遺毎笆遺毎笆遺毎笆遺毎笆遺毎     笆・3.7 GB/4.9 GB  9.3 MB/s   2m15s[K[A[1Gpulling manifest [K
pulling 667b0c1932bc:  74% 笆補毎笆遺毎笆遺毎笆遺毎笆遺毎笆遺毎笆遺毎     笆・3.7 GB/4.9 GB  9.3 MB/s   2m15s[K[A[1Gpulling manifest [K
pulling 667b0c1932bc:  74% 笆補毎笆遺毎笆遺毎笆遺毎笆遺毎笆遺毎笆遺毎     笆・3.7 GB/4.9 GB  9.3 MB/s   2m15s[K[A[1Gpulling manifest [K
pulling 667b0c1932bc:  75% 笆補毎笆遺毎笆遺毎笆遺毎笆遺毎笆遺毎笆遺毎     笆・3.7 GB/4.9 GB  9.3 MB/s   2m15s[K[A[1Gpulling manifest [K
pulling 667b0c1932bc:  75% 笆補毎笆遺毎笆遺毎笆遺毎笆遺毎笆遺毎笆遺毎     笆・3.7 GB/4.9 GB  9.2 MB/s   2m16s[K[A[1Gpulling manifest [K
pulling 667b0c1932bc:  75% 笆補毎笆遺毎笆遺毎笆遺毎笆遺毎笆遺毎笆遺毎     笆・3.7 GB/4.9 GB  9.2 MB/s   2m16s[K[A[1Gpulling manifest [K
pulling 667b0c1932bc:  75% 笆補毎笆遺毎笆遺毎笆遺毎笆遺毎笆遺毎笆遺毎     笆・3.7 GB/4.9 GB  9.2 MB/s   2m16s[K[A[1Gpulling manifest [K
pulling 667b0c1932bc:  75% 笆補毎笆遺毎笆遺毎笆遺毎笆遺毎笆遺毎笆遺毎     笆・3.7 GB/4.9 GB  9.2 MB/s   2m16s[K[A[1Gpulling manifest [K
pulling 667b0c1932bc:  75% 笆補毎笆遺毎笆遺毎笆遺毎笆遺毎笆遺毎笆遺毎     笆・3.7 GB/4.9 GB  9.2 MB/s   2m16s[K[A[1Gpulling manifest [K
pulling 667b0c1932bc:  75% 笆補毎笆遺毎笆遺毎笆遺毎笆遺毎笆遺毎笆遺毎     笆・3.7 GB/4.9 GB  9.2 MB/s   2m16s[K[A[1Gpulling manifest [K
pulling 667b0c1932bc:  75% 笆補毎笆遺毎笆遺毎笆遺毎笆遺毎笆遺毎笆遺毎     笆・3.7 GB/4.9 GB  9.2 MB/s   2m16s[K[A[1Gpulling manifest [K
pulling 667b0c1932bc:  75% 笆補毎笆遺毎笆遺毎笆遺毎笆遺毎笆遺毎笆遺毎     笆・3.7 GB/4.9 GB  9.2 MB/s   2m16s[K[A[1Gpulling manifest [K
pulling 667b0c1932bc:  75% 笆補毎笆遺毎笆遺毎笆遺毎笆遺毎笆遺毎笆遺毎     笆・3.7 GB/4.9 GB  9.2 MB/s   2m15s[K[A[1Gpulling manifest [K
pulling 667b0c1932bc:  75% 笆補毎笆遺毎笆遺毎笆遺毎笆遺毎笆遺毎笆遺毎     笆・3.7 GB/4.9 GB  9.2 MB/s   2m15s[K[A[1Gpulling manifest [K
pulling 667b0c1932bc:  75% 笆補毎笆遺毎笆遺毎笆遺毎笆遺毎笆遺毎笆遺毎     笆・3.7 GB/4.9 GB  9.3 MB/s   2m14s[K[A[1Gpulling manifest [K
pulling 667b0c1932bc:  75% 笆補毎笆遺毎笆遺毎笆遺毎笆遺毎笆遺毎笆遺毎     笆・3.7 GB/4.9 GB  9.3 MB/s   2m13s[K[A[1Gpulling manifest [K
pulling 667b0c1932bc:  75% 笆補毎笆遺毎笆遺毎笆遺毎笆遺毎笆遺毎笆遺毎     笆・3.7 GB/4.9 GB  9.3 MB/s   2m13s[K[A[1Gpulling manifest [K
pulling 667b0c1932bc:  75% 笆補毎笆遺毎笆遺毎笆遺毎笆遺毎笆遺毎笆遺毎     笆・3.7 GB/4.9 GB  9.3 MB/s   2m13s[K[A[1Gpulling manifest [K
pulling 667b0c1932bc:  75% 笆補毎笆遺毎笆遺毎笆遺毎笆遺毎笆遺毎笆遺毎     笆・3.7 GB/4.9 GB  9.3 MB/s   2m13s[K[A[1Gpulling manifest [K
pulling 667b0c1932bc:  75% 笆補毎笆遺毎笆遺毎笆遺毎笆遺毎笆遺毎笆遺毎     笆・3.7 GB/4.9 GB  9.3 MB/s   2m13s[K[A[1Gpulling manifest [K
pulling 667b0c1932bc:  75% 笆補毎笆遺毎笆遺毎笆遺毎笆遺毎笆遺毎笆遺毎     笆・3.7 GB/4.9 GB  9.3 MB/s   2m13s[K[A[1Gpulling manifest [K
pulling 667b0c1932bc:  75% 笆補毎笆遺毎笆遺毎笆遺毎笆遺毎笆遺毎笆遺毎     笆・3.7 GB/4.9 GB  9.3 MB/s   2m13s[K[A[1Gpulling manifest [K
pulling 667b0c1932bc:  75% 笆補毎笆遺毎笆遺毎笆遺毎笆遺毎笆遺毎笆遺毎     笆・3.7 GB/4.9 GB  9.3 MB/s   2m13s[K[A[1Gpulling manifest [K
pulling 667b0c1932bc:  75% 笆補毎笆遺毎笆遺毎笆遺毎笆遺毎笆遺毎笆遺毎     笆・3.7 GB/4.9 GB  9.3 MB/s   2m13s[K[A[1Gpulling manifest [K
pulling 667b0c1932bc:  75% 笆補毎笆遺毎笆遺毎笆遺毎笆遺毎笆遺毎笆遺毎     笆・3.7 GB/4.9 GB  9.2 MB/s   2m13s[K[A[1Gpulling manifest [K
pulling 667b0c1932bc:  75% 笆補毎笆遺毎笆遺毎笆遺毎笆遺毎笆遺毎笆遺毎     笆・3.7 GB/4.9 GB  9.2 MB/s   2m13s[K[A[1Gpulling manifest [K
pulling 667b0c1932bc:  75% 笆補毎笆遺毎笆遺毎笆遺毎笆遺毎笆遺毎笆遺毎     笆・3.7 GB/4.9 GB  9.2 MB/s   2m13s[K[A[1Gpulling manifest [K
pulling 667b0c1932bc:  75% 笆補毎笆遺毎笆遺毎笆遺毎笆遺毎笆遺毎笆遺毎     笆・3.7 GB/4.9 GB  9.2 MB/s   2m13s[K[A[1Gpulling manifest [K
pulling 667b0c1932bc:  75% 笆補毎笆遺毎笆遺毎笆遺毎笆遺毎笆遺毎笆遺毎     笆・3.7 GB/4.9 GB  9.2 MB/s   2m13s[K[A[1Gpulling manifest [K
pulling 667b0c1932bc:  75% 笆補毎笆遺毎笆遺毎笆遺毎笆遺毎笆遺毎笆遺毎     笆・3.7 GB/4.9 GB  9.2 MB/s   2m13s[K[A[1Gpulling manifest [K
pulling 667b0c1932bc:  75% 笆補毎笆遺毎笆遺毎笆遺毎笆遺毎笆遺毎笆遺毎     笆・3.7 GB/4.9 GB  9.2 MB/s   2m13s[K[A[1Gpulling manifest [K
pulling 667b0c1932bc:  75% 笆補毎笆遺毎笆遺毎笆遺毎笆遺毎笆遺毎笆遺毎     笆・3.7 GB/4.9 GB  9.2 MB/s   2m13s[K[A[1Gpulling manifest [K
pulling 667b0c1932bc:  75% 笆補毎笆遺毎笆遺毎笆遺毎笆遺毎笆遺毎笆遺毎     笆・3.7 GB/4.9 GB  9.2 MB/s   2m13s[K[A[1Gpulling manifest [K
pulling 667b0c1932bc:  75% 笆補毎笆遺毎笆遺毎笆遺毎笆遺毎笆遺毎笆遺毎     笆・3.7 GB/4.9 GB  9.2 MB/s   2m13s[K[A[1Gpulling manifest [K
pulling 667b0c1932bc:  75% 笆補毎笆遺毎笆遺毎笆遺毎笆遺毎笆遺毎笆遺毎     笆・3.7 GB/4.9 GB  9.2 MB/s   2m13s[K[A[1Gpulling manifest [K
pulling 667b0c1932bc:  75% 笆補毎笆遺毎笆遺毎笆遺毎笆遺毎笆遺毎笆遺毎     笆・3.7 GB/4.9 GB  9.1 MB/s   2m15s[K[A[1Gpulling manifest [K
pulling 667b0c1932bc:  75% 笆補毎笆遺毎笆遺毎笆遺毎笆遺毎笆遺毎笆遺毎     笆・3.7 GB/4.9 GB  9.1 MB/s   2m15s[K[A[1Gpulling manifest [K
pulling 667b0c1932bc:  75% 笆補毎笆遺毎笆遺毎笆遺毎笆遺毎笆遺毎笆遺毎     笆・3.7 GB/4.9 GB  9.1 MB/s   2m15s[K[A[1Gpulling manifest [K
pulling 667b0c1932bc:  75% 笆補毎笆遺毎笆遺毎笆遺毎笆遺毎笆遺毎笆遺毎     笆・3.7 GB/4.9 GB  9.1 MB/s   2m15s[K[A[1Gpulling manifest [K
pulling 667b0c1932bc:  75% 笆補毎笆遺毎笆遺毎笆遺毎笆遺毎笆遺毎笆遺毎     笆・3.7 GB/4.9 GB  9.1 MB/s   2m15s[K[A[1Gpulling manifest [K
pulling 667b0c1932bc:  75% 笆補毎笆遺毎笆遺毎笆遺毎笆遺毎笆遺毎笆遺毎     笆・3.7 GB/4.9 GB  9.1 MB/s   2m15s[K[A[1Gpulling manifest [K
pulling 667b0c1932bc:  75% 笆補毎笆遺毎笆遺毎笆遺毎笆遺毎笆遺毎笆遺毎     笆・3.7 GB/4.9 GB  9.1 MB/s   2m15s[K[A[1Gpulling manifest [K
pulling 667b0c1932bc:  75% 笆補毎笆遺毎笆遺毎笆遺毎笆遺毎笆遺毎笆遺毎     笆・3.7 GB/4.9 GB  9.1 MB/s   2m15s[K[A[1Gpulling manifest [K
pulling 667b0c1932bc:  75% 笆補毎笆遺毎笆遺毎笆遺毎笆遺毎笆遺毎笆遺毎     笆・3.7 GB/4.9 GB  9.1 MB/s   2m15s[K[A[1Gpulling manifest [K
pulling 667b0c1932bc:  75% 笆補毎笆遺毎笆遺毎笆遺毎笆遺毎笆遺毎笆遺毎     笆・3.7 GB/4.9 GB  9.1 MB/s   2m14s[K[A[1Gpulling manifest [K
pulling 667b0c1932bc:  75% 笆補毎笆遺毎笆遺毎笆遺毎笆遺毎笆遺毎笆遺毎     笆・3.7 GB/4.9 GB  8.9 MB/s   2m17s[K[A[1Gpulling manifest [K
pulling 667b0c1932bc:  75% 笆補毎笆遺毎笆遺毎笆遺毎笆遺毎笆遺毎笆遺毎     笆・3.7 GB/4.9 GB  8.9 MB/s   2m17s[K[A[1Gpulling manifest [K
pulling 667b0c1932bc:  75% 笆補毎笆遺毎笆遺毎笆遺毎笆遺毎笆遺毎笆遺毎     笆・3.7 GB/4.9 GB  8.9 MB/s   2m17s[K[A[1Gpulling manifest [K
pulling 667b0c1932bc:  75% 笆補毎笆遺毎笆遺毎笆遺毎笆遺毎笆遺毎笆遺毎     笆・3.7 GB/4.9 GB  8.9 MB/s   2m17s[K[A[1Gpulling manifest [K
pulling 667b0c1932bc:  75% 笆補毎笆遺毎笆遺毎笆遺毎笆遺毎笆遺毎笆遺毎     笆・3.7 GB/4.9 GB  8.9 MB/s   2m17s[K[A[1Gpulling manifest [K
pulling 667b0c1932bc:  75% 笆補毎笆遺毎笆遺毎笆遺毎笆遺毎笆遺毎笆遺毎     笆・3.7 GB/4.9 GB  8.9 MB/s   2m16s[K[A[1Gpulling manifest [K
pulling 667b0c1932bc:  75% 笆補毎笆遺毎笆遺毎笆遺毎笆遺毎笆遺毎笆遺毎     笆・3.7 GB/4.9 GB  8.9 MB/s   2m16s[K[A[1Gpulling manifest [K
pulling 667b0c1932bc:  75% 笆補毎笆遺毎笆遺毎笆遺毎笆遺毎笆遺毎笆遺毎     笆・3.7 GB/4.9 GB  8.9 MB/s   2m16s[K[A[1Gpulling manifest [K
pulling 667b0c1932bc:  75% 笆補毎笆遺毎笆遺毎笆遺毎笆遺毎笆遺毎笆遺毎     笆・3.7 GB/4.9 GB  8.9 MB/s   2m16s[K[A[1Gpulling manifest [K
pulling 667b0c1932bc:  75% 笆補毎笆遺毎笆遺毎笆遺毎笆遺毎笆遺毎笆遺毎     笆・3.7 GB/4.9 GB  8.9 MB/s   2m16s[K[A[1Gpulling manifest [K
pulling 667b0c1932bc:  75% 笆補毎笆遺毎笆遺毎笆遺毎笆遺毎笆遺毎笆遺毎     笆・3.7 GB/4.9 GB  8.8 MB/s   2m17s[K[A[1Gpulling manifest [K
pulling 667b0c1932bc:  75% 笆補毎笆遺毎笆遺毎笆遺毎笆遺毎笆遺毎笆遺毎     笆・3.7 GB/4.9 GB  8.8 MB/s   2m17s[K[A[1Gpulling manifest [K
pulling 667b0c1932bc:  75% 笆補毎笆遺毎笆遺毎笆遺毎笆遺毎笆遺毎笆遺毎     笆・3.7 GB/4.9 GB  8.8 MB/s   2m17s[K[A[1Gpulling manifest [K
pulling 667b0c1932bc:  75% 笆補毎笆遺毎笆遺毎笆遺毎笆遺毎笆遺毎笆遺毎     笆・3.7 GB/4.9 GB  8.8 MB/s   2m16s[K[A[1Gpulling manifest [K
pulling 667b0c1932bc:  75% 笆補毎笆遺毎笆遺毎笆遺毎笆遺毎笆遺毎笆遺毎     笆・3.7 GB/4.9 GB  8.8 MB/s   2m16s[K[A[1Gpulling manifest [K
pulling 667b0c1932bc:  75% 笆補毎笆遺毎笆遺毎笆遺毎笆遺毎笆遺毎笆遺毎     笆・3.7 GB/4.9 GB  8.8 MB/s   2m16s[K[A[1Gpulling manifest [K
pulling 667b0c1932bc:  75% 笆補毎笆遺毎笆遺毎笆遺毎笆遺毎笆遺毎笆遺毎     笆・3.7 GB/4.9 GB  8.8 MB/s   2m16s[K[A[1Gpulling manifest [K
pulling 667b0c1932bc:  76% 笆補毎笆遺毎笆遺毎笆遺毎笆遺毎笆遺毎笆遺毎     笆・3.7 GB/4.9 GB  8.8 MB/s   2m16s[K[A[1Gpulling manifest [K
pulling 667b0c1932bc:  76% 笆補毎笆遺毎笆遺毎笆遺毎笆遺毎笆遺毎笆遺毎     笆・3.7 GB/4.9 GB  8.8 MB/s   2m16s[K[A[1Gpulling manifest [K
pulling 667b0c1932bc:  76% 笆補毎笆遺毎笆遺毎笆遺毎笆遺毎笆遺毎笆遺毎     笆・3.7 GB/4.9 GB  8.8 MB/s   2m16s[K[A[1Gpulling manifest [K
pulling 667b0c1932bc:  76% 笆補毎笆遺毎笆遺毎笆遺毎笆遺毎笆遺毎笆遺毎     笆・3.7 GB/4.9 GB  8.8 MB/s   2m16s[K[A[1Gpulling manifest [K
pulling 667b0c1932bc:  76% 笆補毎笆遺毎笆遺毎笆遺毎笆遺毎笆遺毎笆遺毎     笆・3.7 GB/4.9 GB  8.8 MB/s   2m16s[K[A[1Gpulling manifest [K
pulling 667b0c1932bc:  76% 笆補毎笆遺毎笆遺毎笆遺毎笆遺毎笆遺毎笆遺毎     笆・3.7 GB/4.9 GB  8.8 MB/s   2m16s[K[A[1Gpulling manifest [K
pulling 667b0c1932bc:  76% 笆補毎笆遺毎笆遺毎笆遺毎笆遺毎笆遺毎笆遺毎     笆・3.7 GB/4.9 GB  8.8 MB/s   2m16s[K[A[1Gpulling manifest [K
pulling 667b0c1932bc:  76% 笆補毎笆遺毎笆遺毎笆遺毎笆遺毎笆遺毎笆遺毎     笆・3.7 GB/4.9 GB  8.8 MB/s   2m16s[K[A[1Gpulling manifest [K
pulling 667b0c1932bc:  76% 笆補毎笆遺毎笆遺毎笆遺毎笆遺毎笆遺毎笆遺毎     笆・3.7 GB/4.9 GB  8.8 MB/s   2m15s[K[A[1Gpulling manifest [K
pulling 667b0c1932bc:  76% 笆補毎笆遺毎笆遺毎笆遺毎笆遺毎笆遺毎笆遺毎     笆・3.7 GB/4.9 GB  8.8 MB/s   2m15s[K[A[1Gpulling manifest [K
pulling 667b0c1932bc:  76% 笆補毎笆遺毎笆遺毎笆遺毎笆遺毎笆遺毎笆遺毎     笆・3.7 GB/4.9 GB  8.8 MB/s   2m15s[K[A[1Gpulling manifest [K
pulling 667b0c1932bc:  76% 笆補毎笆遺毎笆遺毎笆遺毎笆遺毎笆遺毎笆遺毎     笆・3.7 GB/4.9 GB  8.8 MB/s   2m15s[K[A[1Gpulling manifest [K
pulling 667b0c1932bc:  76% 笆補毎笆遺毎笆遺毎笆遺毎笆遺毎笆遺毎笆遺毎     笆・3.7 GB/4.9 GB  8.8 MB/s   2m15s[K[A[1Gpulling manifest [K
pulling 667b0c1932bc:  76% 笆補毎笆遺毎笆遺毎笆遺毎笆遺毎笆遺毎笆遺毎     笆・3.7 GB/4.9 GB  8.7 MB/s   2m17s[K[A[1Gpulling manifest [K
pulling 667b0c1932bc:  76% 笆補毎笆遺毎笆遺毎笆遺毎笆遺毎笆遺毎笆遺毎     笆・3.7 GB/4.9 GB  8.7 MB/s   2m17s[K[A[1Gpulling manifest [K
pulling 667b0c1932bc:  76% 笆補毎笆遺毎笆遺毎笆遺毎笆遺毎笆遺毎笆遺毎     笆・3.7 GB/4.9 GB  8.7 MB/s   2m16s[K[A[1Gpulling manifest [K
pulling 667b0c1932bc:  76% 笆補毎笆遺毎笆遺毎笆遺毎笆遺毎笆遺毎笆遺毎     笆・3.7 GB/4.9 GB  8.7 MB/s   2m16s[K[A[1Gpulling manifest [K
pulling 667b0c1932bc:  76% 笆補毎笆遺毎笆遺毎笆遺毎笆遺毎笆遺毎笆遺毎     笆・3.7 GB/4.9 GB  8.7 MB/s   2m16s[K[A[1Gpulling manifest [K
pulling 667b0c1932bc:  76% 笆補毎笆遺毎笆遺毎笆遺毎笆遺毎笆遺毎笆遺毎     笆・3.7 GB/4.9 GB  8.7 MB/s   2m16s[K[A[1Gpulling manifest [K
pulling 667b0c1932bc:  76% 笆補毎笆遺毎笆遺毎笆遺毎笆遺毎笆遺毎笆遺毎     笆・3.7 GB/4.9 GB  8.7 MB/s   2m16s[K[A[1Gpulling manifest [K
pulling 667b0c1932bc:  76% 笆補毎笆遺毎笆遺毎笆遺毎笆遺毎笆遺毎笆遺毎     笆・3.7 GB/4.9 GB  8.7 MB/s   2m16s[K[A[1Gpulling manifest [K
pulling 667b0c1932bc:  76% 笆補毎笆遺毎笆遺毎笆遺毎笆遺毎笆遺毎笆遺毎     笆・3.7 GB/4.9 GB  8.7 MB/s   2m16s[K[A[1Gpulling manifest [K
pulling 667b0c1932bc:  76% 笆補毎笆遺毎笆遺毎笆遺毎笆遺毎笆遺毎笆遺毎     笆・3.7 GB/4.9 GB  8.7 MB/s   2m16s[K[A[1Gpulling manifest [K
pulling 667b0c1932bc:  76% 笆補毎笆遺毎笆遺毎笆遺毎笆遺毎笆遺毎笆遺毎     笆・3.7 GB/4.9 GB  8.7 MB/s   2m16s[K[A[1Gpulling manifest [K
pulling 667b0c1932bc:  76% 笆補毎笆遺毎笆遺毎笆遺毎笆遺毎笆遺毎笆遺毎     笆・3.7 GB/4.9 GB  8.8 MB/s   2m14s[K[A[1Gpulling manifest [K
pulling 667b0c1932bc:  76% 笆補毎笆遺毎笆遺毎笆遺毎笆遺毎笆遺毎笆遺毎     笆・3.7 GB/4.9 GB  8.8 MB/s   2m13s[K[A[1Gpulling manifest [K
pulling 667b0c1932bc:  76% 笆補毎笆遺毎笆遺毎笆遺毎笆遺毎笆遺毎笆遺毎     笆・3.7 GB/4.9 GB  8.8 MB/s   2m13s[K[A[1Gpulling manifest [K
pulling 667b0c1932bc:  76% 笆補毎笆遺毎笆遺毎笆遺毎笆遺毎笆遺毎笆遺毎     笆・3.7 GB/4.9 GB  8.8 MB/s   2m13s[K[A[1Gpulling manifest [K
pulling 667b0c1932bc:  76% 笆補毎笆遺毎笆遺毎笆遺毎笆遺毎笆遺毎笆遺毎     笆・3.7 GB/4.9 GB  8.8 MB/s   2m13s[K[A[1Gpulling manifest [K
pulling 667b0c1932bc:  76% 笆補毎笆遺毎笆遺毎笆遺毎笆遺毎笆遺毎笆遺毎     笆・3.7 GB/4.9 GB  8.8 MB/s   2m13s[K[A[1Gpulling manifest [K
pulling 667b0c1932bc:  76% 笆補毎笆遺毎笆遺毎笆遺毎笆遺毎笆遺毎笆遺毎     笆・3.7 GB/4.9 GB  8.8 MB/s   2m13s[K[A[1Gpulling manifest [K
pulling 667b0c1932bc:  76% 笆補毎笆遺毎笆遺毎笆遺毎笆遺毎笆遺毎笆遺毎     笆・3.7 GB/4.9 GB  8.8 MB/s   2m13s[K[A[1Gpulling manifest [K
pulling 667b0c1932bc:  76% 笆補毎笆遺毎笆遺毎笆遺毎笆遺毎笆遺毎笆遺毎     笆・3.7 GB/4.9 GB  8.8 MB/s   2m13s[K[A[1Gpulling manifest [K
pulling 667b0c1932bc:  76% 笆補毎笆遺毎笆遺毎笆遺毎笆遺毎笆遺毎笆遺毎     笆・3.7 GB/4.9 GB  8.8 MB/s   2m13s[K[A[1Gpulling manifest [K
pulling 667b0c1932bc:  76% 笆補毎笆遺毎笆遺毎笆遺毎笆遺毎笆遺毎笆遺毎     笆・3.7 GB/4.9 GB  8.8 MB/s   2m12s[K[A[1Gpulling manifest [K
pulling 667b0c1932bc:  76% 笆補毎笆遺毎笆遺毎笆遺毎笆遺毎笆遺毎笆遺毎     笆・3.7 GB/4.9 GB  8.8 MB/s   2m12s[K[A[1Gpulling manifest [K
pulling 667b0c1932bc:  76% 笆補毎笆遺毎笆遺毎笆遺毎笆遺毎笆遺毎笆遺毎     笆・3.7 GB/4.9 GB  8.8 MB/s   2m12s[K[A[1Gpulling manifest [K
pulling 667b0c1932bc:  76% 笆補毎笆遺毎笆遺毎笆遺毎笆遺毎笆遺毎笆遺毎     笆・3.7 GB/4.9 GB  8.8 MB/s   2m12s[K[A[1Gpulling manifest [K
pulling 667b0c1932bc:  76% 笆補毎笆遺毎笆遺毎笆遺毎笆遺毎笆遺毎笆遺毎     笆・3.8 GB/4.9 GB  8.8 MB/s   2m12s[K[A[1Gpulling manifest [K
pulling 667b0c1932bc:  76% 笆補毎笆遺毎笆遺毎笆遺毎笆遺毎笆遺毎笆遺毎     笆・3.8 GB/4.9 GB  8.8 MB/s   2m12s[K[A[1Gpulling manifest [K
pulling 667b0c1932bc:  76% 笆補毎笆遺毎笆遺毎笆遺毎笆遺毎笆遺毎笆遺毎     笆・3.8 GB/4.9 GB  8.8 MB/s   2m12s[K[A[1Gpulling manifest [K
pulling 667b0c1932bc:  76% 笆補毎笆遺毎笆遺毎笆遺毎笆遺毎笆遺毎笆遺毎     笆・3.8 GB/4.9 GB  8.8 MB/s   2m12s[K[A[1Gpulling manifest [K
pulling 667b0c1932bc:  76% 笆補毎笆遺毎笆遺毎笆遺毎笆遺毎笆遺毎笆遺毎     笆・3.8 GB/4.9 GB  8.8 MB/s   2m11s[K[A[1Gpulling manifest [K
pulling 667b0c1932bc:  76% 笆補毎笆遺毎笆遺毎笆遺毎笆遺毎笆遺毎笆遺毎     笆・3.8 GB/4.9 GB  8.8 MB/s   2m11s[K[A[1Gpulling manifest [K
pulling 667b0c1932bc:  76% 笆補毎笆遺毎笆遺毎笆遺毎笆遺毎笆遺毎笆遺毎     笆・3.8 GB/4.9 GB  8.9 MB/s   2m10s[K[A[1Gpulling manifest [K
pulling 667b0c1932bc:  76% 笆補毎笆遺毎笆遺毎笆遺毎笆遺毎笆遺毎笆遺毎     笆・3.8 GB/4.9 GB  8.9 MB/s   2m10s[K[A[1Gpulling manifest [K
pulling 667b0c1932bc:  76% 笆補毎笆遺毎笆遺毎笆遺毎笆遺毎笆遺毎笆遺毎     笆・3.8 GB/4.9 GB  8.9 MB/s   2m10s[K[A[1Gpulling manifest [K
pulling 667b0c1932bc:  76% 笆補毎笆遺毎笆遺毎笆遺毎笆遺毎笆遺毎笆遺毎     笆・3.8 GB/4.9 GB  8.9 MB/s   2m10s[K[A[1Gpulling manifest [K
pulling 667b0c1932bc:  76% 笆補毎笆遺毎笆遺毎笆遺毎笆遺毎笆遺毎笆遺毎     笆・3.8 GB/4.9 GB  8.9 MB/s   2m10s[K[A[1Gpulling manifest [K
pulling 667b0c1932bc:  76% 笆補毎笆遺毎笆遺毎笆遺毎笆遺毎笆遺毎笆遺毎     笆・3.8 GB/4.9 GB  8.9 MB/s   2m10s[K[A[1Gpulling manifest [K
pulling 667b0c1932bc:  76% 笆補毎笆遺毎笆遺毎笆遺毎笆遺毎笆遺毎笆遺毎     笆・3.8 GB/4.9 GB  8.9 MB/s   2m10s[K[A[1Gpulling manifest [K
pulling 667b0c1932bc:  76% 笆補毎笆遺毎笆遺毎笆遺毎笆遺毎笆遺毎笆遺毎     笆・3.8 GB/4.9 GB  8.9 MB/s   2m10s[K[A[1Gpulling manifest [K
pulling 667b0c1932bc:  76% 笆補毎笆遺毎笆遺毎笆遺毎笆遺毎笆遺毎笆遺毎     笆・3.8 GB/4.9 GB  8.9 MB/s   2m10s[K[A[1Gpulling manifest [K
pulling 667b0c1932bc:  76% 笆補毎笆遺毎笆遺毎笆遺毎笆遺毎笆遺毎笆遺毎     笆・3.8 GB/4.9 GB  8.9 MB/s   2m10s[K[A[1Gpulling manifest [K
pulling 667b0c1932bc:  76% 笆補毎笆遺毎笆遺毎笆遺毎笆遺毎笆遺毎笆遺毎     笆・3.8 GB/4.9 GB  8.8 MB/s   2m11s[K[A[1Gpulling manifest [K
pulling 667b0c1932bc:  77% 笆補毎笆遺毎笆遺毎笆遺毎笆遺毎笆遺毎笆遺毎     笆・3.8 GB/4.9 GB  8.8 MB/s   2m11s[K[A[1Gpulling manifest [K
pulling 667b0c1932bc:  77% 笆補毎笆遺毎笆遺毎笆遺毎笆遺毎笆遺毎笆遺毎     笆・3.8 GB/4.9 GB  8.8 MB/s   2m11s[K[A[1Gpulling manifest [K
pulling 667b0c1932bc:  77% 笆補毎笆遺毎笆遺毎笆遺毎笆遺毎笆遺毎笆遺毎     笆・3.8 GB/4.9 GB  8.8 MB/s   2m10s[K[A[1Gpulling manifest [K
pulling 667b0c1932bc:  77% 笆補毎笆遺毎笆遺毎笆遺毎笆遺毎笆遺毎笆遺毎     笆・3.8 GB/4.9 GB  8.8 MB/s   2m10s[K[A[1Gpulling manifest [K
pulling 667b0c1932bc:  77% 笆補毎笆遺毎笆遺毎笆遺毎笆遺毎笆遺毎笆遺毎     笆・3.8 GB/4.9 GB  8.8 MB/s   2m10s[K[A[1Gpulling manifest [K
pulling 667b0c1932bc:  77% 笆補毎笆遺毎笆遺毎笆遺毎笆遺毎笆遺毎笆遺毎     笆・3.8 GB/4.9 GB  8.8 MB/s   2m10s[K[A[1Gpulling manifest [K
pulling 667b0c1932bc:  77% 笆補毎笆遺毎笆遺毎笆遺毎笆遺毎笆遺毎笆遺毎     笆・3.8 GB/4.9 GB  8.8 MB/s   2m10s[K[A[1Gpulling manifest [K
pulling 667b0c1932bc:  77% 笆補毎笆遺毎笆遺毎笆遺毎笆遺毎笆遺毎笆遺毎     笆・3.8 GB/4.9 GB  8.8 MB/s   2m10s[K[A[1Gpulling manifest [K
pulling 667b0c1932bc:  77% 笆補毎笆遺毎笆遺毎笆遺毎笆遺毎笆遺毎笆遺毎     笆・3.8 GB/4.9 GB  8.8 MB/s   2m10s[K[A[1Gpulling manifest [K
pulling 667b0c1932bc:  77% 笆補毎笆遺毎笆遺毎笆遺毎笆遺毎笆遺毎笆遺毎     笆・3.8 GB/4.9 GB  9.1 MB/s    2m6s[K[A[1Gpulling manifest [K
pulling 667b0c1932bc:  77% 笆補毎笆遺毎笆遺毎笆遺毎笆遺毎笆遺毎笆遺毎     笆・3.8 GB/4.9 GB  9.1 MB/s    2m6s[K[A[1Gpulling manifest [K
pulling 667b0c1932bc:  77% 笆補毎笆遺毎笆遺毎笆遺毎笆遺毎笆遺毎笆遺毎     笆・3.8 GB/4.9 GB  9.1 MB/s    2m6s[K[A[1Gpulling manifest [K
pulling 667b0c1932bc:  77% 笆補毎笆遺毎笆遺毎笆遺毎笆遺毎笆遺毎笆遺毎     笆・3.8 GB/4.9 GB  9.1 MB/s    2m6s[K[A[1Gpulling manifest [K
pulling 667b0c1932bc:  77% 笆補毎笆遺毎笆遺毎笆遺毎笆遺毎笆遺毎笆遺毎     笆・3.8 GB/4.9 GB  9.1 MB/s    2m6s[K[A[1Gpulling manifest [K
pulling 667b0c1932bc:  77% 笆補毎笆遺毎笆遺毎笆遺毎笆遺毎笆遺毎笆遺毎     笆・3.8 GB/4.9 GB  9.1 MB/s    2m6s[K[A[1Gpulling manifest [K
pulling 667b0c1932bc:  77% 笆補毎笆遺毎笆遺毎笆遺毎笆遺毎笆遺毎笆遺毎     笆・3.8 GB/4.9 GB  9.1 MB/s    2m6s[K[A[1Gpulling manifest [K
pulling 667b0c1932bc:  77% 笆補毎笆遺毎笆遺毎笆遺毎笆遺毎笆遺毎笆遺毎     笆・3.8 GB/4.9 GB  9.1 MB/s    2m6s[K[A[1Gpulling manifest [K
pulling 667b0c1932bc:  77% 笆補毎笆遺毎笆遺毎笆遺毎笆遺毎笆遺毎笆遺毎     笆・3.8 GB/4.9 GB  9.1 MB/s    2m6s[K[A[1Gpulling manifest [K
pulling 667b0c1932bc:  77% 笆補毎笆遺毎笆遺毎笆遺毎笆遺毎笆遺毎笆遺毎     笆・3.8 GB/4.9 GB  9.1 MB/s    2m5s[K[A[1Gpulling manifest [K
pulling 667b0c1932bc:  77% 笆補毎笆遺毎笆遺毎笆遺毎笆遺毎笆遺毎笆遺毎     笆・3.8 GB/4.9 GB  9.1 MB/s    2m5s[K[A[1Gpulling manifest [K
pulling 667b0c1932bc:  77% 笆補毎笆遺毎笆遺毎笆遺毎笆遺毎笆遺毎笆遺毎     笆・3.8 GB/4.9 GB  9.1 MB/s    2m4s[K[A[1Gpulling manifest [K
pulling 667b0c1932bc:  77% 笆補毎笆遺毎笆遺毎笆遺毎笆遺毎笆遺毎笆遺毎     笆・3.8 GB/4.9 GB  9.1 MB/s    2m4s[K[A[1Gpulling manifest [K
pulling 667b0c1932bc:  77% 笆補毎笆遺毎笆遺毎笆遺毎笆遺毎笆遺毎笆遺毎     笆・3.8 GB/4.9 GB  9.1 MB/s    2m4s[K[A[1Gpulling manifest [K
pulling 667b0c1932bc:  77% 笆補毎笆遺毎笆遺毎笆遺毎笆遺毎笆遺毎笆遺毎     笆・3.8 GB/4.9 GB  9.1 MB/s    2m4s[K[A[1Gpulling manifest [K
pulling 667b0c1932bc:  77% 笆補毎笆遺毎笆遺毎笆遺毎笆遺毎笆遺毎笆遺毎     笆・3.8 GB/4.9 GB  9.1 MB/s    2m4s[K[A[1Gpulling manifest [K
pulling 667b0c1932bc:  77% 笆補毎笆遺毎笆遺毎笆遺毎笆遺毎笆遺毎笆遺毎     笆・3.8 GB/4.9 GB  9.1 MB/s    2m4s[K[A[1Gpulling manifest [K
pulling 667b0c1932bc:  77% 笆補毎笆遺毎笆遺毎笆遺毎笆遺毎笆遺毎笆遺毎     笆・3.8 GB/4.9 GB  9.1 MB/s    2m4s[K[A[1Gpulling manifest [K
pulling 667b0c1932bc:  77% 笆補毎笆遺毎笆遺毎笆遺毎笆遺毎笆遺毎笆遺毎     笆・3.8 GB/4.9 GB  9.1 MB/s    2m4s[K[A[1Gpulling manifest [K
pulling 667b0c1932bc:  77% 笆補毎笆遺毎笆遺毎笆遺毎笆遺毎笆遺毎笆遺毎     笆・3.8 GB/4.9 GB  9.1 MB/s    2m4s[K[A[1Gpulling manifest [K
pulling 667b0c1932bc:  77% 笆補毎笆遺毎笆遺毎笆遺毎笆遺毎笆遺毎笆遺毎     笆・3.8 GB/4.9 GB  9.1 MB/s    2m4s[K[A[1Gpulling manifest [K
pulling 667b0c1932bc:  77% 笆補毎笆遺毎笆遺毎笆遺毎笆遺毎笆遺毎笆遺毎     笆・3.8 GB/4.9 GB  8.7 MB/s    2m9s[K[A[1Gpulling manifest [K
pulling 667b0c1932bc:  77% 笆補毎笆遺毎笆遺毎笆遺毎笆遺毎笆遺毎笆遺毎     笆・3.8 GB/4.9 GB  8.7 MB/s    2m9s[K[A[1Gpulling manifest [K
pulling 667b0c1932bc:  77% 笆補毎笆遺毎笆遺毎笆遺毎笆遺毎笆遺毎笆遺毎     笆・3.8 GB/4.9 GB  8.7 MB/s    2m9s[K[A[1Gpulling manifest [K
pulling 667b0c1932bc:  77% 笆補毎笆遺毎笆遺毎笆遺毎笆遺毎笆遺毎笆遺毎     笆・3.8 GB/4.9 GB  8.7 MB/s    2m9s[K[A[1Gpulling manifest [K
pulling 667b0c1932bc:  77% 笆補毎笆遺毎笆遺毎笆遺毎笆遺毎笆遺毎笆遺毎     笆・3.8 GB/4.9 GB  8.7 MB/s    2m9s[K[A[1Gpulling manifest [K
pulling 667b0c1932bc:  77% 笆補毎笆遺毎笆遺毎笆遺毎笆遺毎笆遺毎笆遺毎     笆・3.8 GB/4.9 GB  8.7 MB/s    2m9s[K[A[1Gpulling manifest [K
pulling 667b0c1932bc:  77% 笆補毎笆遺毎笆遺毎笆遺毎笆遺毎笆遺毎笆遺毎     笆・3.8 GB/4.9 GB  8.7 MB/s    2m9s[K[A[1Gpulling manifest [K
pulling 667b0c1932bc:  77% 笆補毎笆遺毎笆遺毎笆遺毎笆遺毎笆遺毎笆遺毎     笆・3.8 GB/4.9 GB  8.7 MB/s    2m9s[K[A[1Gpulling manifest [K
pulling 667b0c1932bc:  77% 笆補毎笆遺毎笆遺毎笆遺毎笆遺毎笆遺毎笆遺毎     笆・3.8 GB/4.9 GB  8.7 MB/s    2m8s[K[A[1Gpulling manifest [K
pulling 667b0c1932bc:  77% 笆補毎笆遺毎笆遺毎笆遺毎笆遺毎笆遺毎笆遺毎     笆・3.8 GB/4.9 GB  8.7 MB/s    2m8s[K[A[1Gpulling manifest [K
pulling 667b0c1932bc:  77% 笆補毎笆遺毎笆遺毎笆遺毎笆遺毎笆遺毎笆遺毎     笆・3.8 GB/4.9 GB  8.9 MB/s    2m6s[K[A[1Gpulling manifest [K
pulling 667b0c1932bc:  77% 笆補毎笆遺毎笆遺毎笆遺毎笆遺毎笆遺毎笆遺毎     笆・3.8 GB/4.9 GB  8.9 MB/s    2m6s[K[A[1Gpulling manifest [K
pulling 667b0c1932bc:  77% 笆補毎笆遺毎笆遺毎笆遺毎笆遺毎笆遺毎笆遺毎     笆・3.8 GB/4.9 GB  8.9 MB/s    2m6s[K[A[1Gpulling manifest [K
pulling 667b0c1932bc:  77% 笆補毎笆遺毎笆遺毎笆遺毎笆遺毎笆遺毎笆遺毎     笆・3.8 GB/4.9 GB  8.9 MB/s    2m5s[K[A[1Gpulling manifest [K
pulling 667b0c1932bc:  77% 笆補毎笆遺毎笆遺毎笆遺毎笆遺毎笆遺毎笆遺毎     笆・3.8 GB/4.9 GB  8.9 MB/s    2m5s[K[A[1Gpulling manifest [K
pulling 667b0c1932bc:  77% 笆補毎笆遺毎笆遺毎笆遺毎笆遺毎笆遺毎笆遺毎     笆・3.8 GB/4.9 GB  8.9 MB/s    2m5s[K[A[1Gpulling manifest [K
pulling 667b0c1932bc:  77% 笆補毎笆遺毎笆遺毎笆遺毎笆遺毎笆遺毎笆遺毎     笆・3.8 GB/4.9 GB  8.9 MB/s    2m5s[K[A[1Gpulling manifest [K
pulling 667b0c1932bc:  77% 笆補毎笆遺毎笆遺毎笆遺毎笆遺毎笆遺毎笆遺毎     笆・3.8 GB/4.9 GB  8.9 MB/s    2m5s[K[A[1Gpulling manifest [K
pulling 667b0c1932bc:  77% 笆補毎笆遺毎笆遺毎笆遺毎笆遺毎笆遺毎笆遺毎     笆・3.8 GB/4.9 GB  8.9 MB/s    2m5s[K[A[1Gpulling manifest [K
pulling 667b0c1932bc:  77% 笆補毎笆遺毎笆遺毎笆遺毎笆遺毎笆遺毎笆遺毎     笆・3.8 GB/4.9 GB  8.9 MB/s    2m5s[K[A[1Gpulling manifest [K
pulling 667b0c1932bc:  77% 笆補毎笆遺毎笆遺毎笆遺毎笆遺毎笆遺毎笆遺毎     笆・3.8 GB/4.9 GB  8.9 MB/s    2m4s[K[A[1Gpulling manifest [K
pulling 667b0c1932bc:  77% 笆補毎笆遺毎笆遺毎笆遺毎笆遺毎笆遺毎笆遺毎     笆・3.8 GB/4.9 GB  8.9 MB/s    2m4s[K[A[1Gpulling manifest [K
pulling 667b0c1932bc:  77% 笆補毎笆遺毎笆遺毎笆遺毎笆遺毎笆遺毎笆遺毎     笆・3.8 GB/4.9 GB  8.9 MB/s    2m4s[K[A[1Gpulling manifest [K
pulling 667b0c1932bc:  77% 笆補毎笆遺毎笆遺毎笆遺毎笆遺毎笆遺毎笆遺毎     笆・3.8 GB/4.9 GB  8.9 MB/s    2m4s[K[A[1Gpulling manifest [K
pulling 667b0c1932bc:  77% 笆補毎笆遺毎笆遺毎笆遺毎笆遺毎笆遺毎笆遺毎     笆・3.8 GB/4.9 GB  8.9 MB/s    2m4s[K[A[1Gpulling manifest [K
pulling 667b0c1932bc:  77% 笆補毎笆遺毎笆遺毎笆遺毎笆遺毎笆遺毎笆遺毎     笆・3.8 GB/4.9 GB  8.9 MB/s    2m4s[K[A[1Gpulling manifest [K
pulling 667b0c1932bc:  77% 笆補毎笆遺毎笆遺毎笆遺毎笆遺毎笆遺毎笆遺毎     笆・3.8 GB/4.9 GB  8.9 MB/s    2m4s[K[A[1Gpulling manifest [K
pulling 667b0c1932bc:  77% 笆補毎笆遺毎笆遺毎笆遺毎笆遺毎笆遺毎笆遺毎     笆・3.8 GB/4.9 GB  8.9 MB/s    2m3s[K[A[1Gpulling manifest [K
pulling 667b0c1932bc:  78% 笆補毎笆遺毎笆遺毎笆遺毎笆遺毎笆遺毎笆遺毎     笆・3.8 GB/4.9 GB  8.9 MB/s    2m3s[K[A[1Gpulling manifest [K
pulling 667b0c1932bc:  78% 笆補毎笆遺毎笆遺毎笆遺毎笆遺毎笆遺毎笆遺毎     笆・3.8 GB/4.9 GB  8.9 MB/s    2m3s[K[A[1Gpulling manifest [K
pulling 667b0c1932bc:  78% 笆補毎笆遺毎笆遺毎笆遺毎笆遺毎笆遺毎笆遺毎     笆・3.8 GB/4.9 GB  8.8 MB/s    2m5s[K[A[1Gpulling manifest [K
pulling 667b0c1932bc:  78% 笆補毎笆遺毎笆遺毎笆遺毎笆遺毎笆遺毎笆遺毎     笆・3.8 GB/4.9 GB  8.8 MB/s    2m5s[K[A[1Gpulling manifest [K
pulling 667b0c1932bc:  78% 笆補毎笆遺毎笆遺毎笆遺毎笆遺毎笆遺毎笆遺毎     笆・3.8 GB/4.9 GB  8.8 MB/s    2m5s[K[A[1Gpulling manifest [K
pulling 667b0c1932bc:  78% 笆補毎笆遺毎笆遺毎笆遺毎笆遺毎笆遺毎笆遺毎     笆・3.8 GB/4.9 GB  8.8 MB/s    2m4s[K[A[1Gpulling manifest [K
pulling 667b0c1932bc:  78% 笆補毎笆遺毎笆遺毎笆遺毎笆遺毎笆遺毎笆遺毎     笆・3.8 GB/4.9 GB  8.8 MB/s    2m4s[K[A[1Gpulling manifest [K
pulling 667b0c1932bc:  78% 笆補毎笆遺毎笆遺毎笆遺毎笆遺毎笆遺毎笆遺毎     笆・3.8 GB/4.9 GB  8.8 MB/s    2m4s[K[A[1Gpulling manifest [K
pulling 667b0c1932bc:  78% 笆補毎笆遺毎笆遺毎笆遺毎笆遺毎笆遺毎笆遺毎     笆・3.8 GB/4.9 GB  8.8 MB/s    2m4s[K[A[1Gpulling manifest [K
pulling 667b0c1932bc:  78% 笆補毎笆遺毎笆遺毎笆遺毎笆遺毎笆遺毎笆遺毎     笆・3.8 GB/4.9 GB  8.8 MB/s    2m4s[K[A[1Gpulling manifest [K
pulling 667b0c1932bc:  78% 笆補毎笆遺毎笆遺毎笆遺毎笆遺毎笆遺毎笆遺毎     笆・3.8 GB/4.9 GB  8.8 MB/s    2m4s[K[A[1Gpulling manifest [K
pulling 667b0c1932bc:  78% 笆補毎笆遺毎笆遺毎笆遺毎笆遺毎笆遺毎笆遺毎     笆・3.8 GB/4.9 GB  8.8 MB/s    2m4s[K[A[1Gpulling manifest [K
pulling 667b0c1932bc:  78% 笆補毎笆遺毎笆遺毎笆遺毎笆遺毎笆遺毎笆遺毎     笆・3.8 GB/4.9 GB  8.8 MB/s    2m4s[K[A[1Gpulling manifest [K
pulling 667b0c1932bc:  78% 笆補毎笆遺毎笆遺毎笆遺毎笆遺毎笆遺毎笆遺毎     笆・3.8 GB/4.9 GB  8.7 MB/s    2m5s[K[A[1Gpulling manifest [K
pulling 667b0c1932bc:  78% 笆補毎笆遺毎笆遺毎笆遺毎笆遺毎笆遺毎笆遺毎     笆・3.8 GB/4.9 GB  8.7 MB/s    2m5s[K[A[1Gpulling manifest [K
pulling 667b0c1932bc:  78% 笆補毎笆遺毎笆遺毎笆遺毎笆遺毎笆遺毎笆遺毎笆・   笆・3.8 GB/4.9 GB  8.7 MB/s    2m5s[K[A[1Gpulling manifest [K
pulling 667b0c1932bc:  78% 笆補毎笆遺毎笆遺毎笆遺毎笆遺毎笆遺毎笆遺毎笆・   笆・3.8 GB/4.9 GB  8.7 MB/s    2m5s[K[A[1Gpulling manifest [K
pulling 667b0c1932bc:  78% 笆補毎笆遺毎笆遺毎笆遺毎笆遺毎笆遺毎笆遺毎笆・   笆・3.8 GB/4.9 GB  8.7 MB/s    2m5s[K[A[1Gpulling manifest [K
pulling 667b0c1932bc:  78% 笆補毎笆遺毎笆遺毎笆遺毎笆遺毎笆遺毎笆遺毎笆・   笆・3.8 GB/4.9 GB  8.7 MB/s    2m4s[K[A[1Gpulling manifest [K
pulling 667b0c1932bc:  78% 笆補毎笆遺毎笆遺毎笆遺毎笆遺毎笆遺毎笆遺毎笆・   笆・3.8 GB/4.9 GB  8.7 MB/s    2m4s[K[A[1Gpulling manifest [K
pulling 667b0c1932bc:  78% 笆補毎笆遺毎笆遺毎笆遺毎笆遺毎笆遺毎笆遺毎笆・   笆・3.8 GB/4.9 GB  8.7 MB/s    2m4s[K[A[1Gpulling manifest [K
pulling 667b0c1932bc:  78% 笆補毎笆遺毎笆遺毎笆遺毎笆遺毎笆遺毎笆遺毎笆・   笆・3.8 GB/4.9 GB  8.7 MB/s    2m4s[K[A[1Gpulling manifest [K
pulling 667b0c1932bc:  78% 笆補毎笆遺毎笆遺毎笆遺毎笆遺毎笆遺毎笆遺毎笆・   笆・3.8 GB/4.9 GB  8.7 MB/s    2m4s[K[A[1Gpulling manifest [K
pulling 667b0c1932bc:  78% 笆補毎笆遺毎笆遺毎笆遺毎笆遺毎笆遺毎笆遺毎笆・   笆・3.8 GB/4.9 GB  8.6 MB/s    2m6s[K[A[1Gpulling manifest [K
pulling 667b0c1932bc:  78% 笆補毎笆遺毎笆遺毎笆遺毎笆遺毎笆遺毎笆遺毎笆・   笆・3.8 GB/4.9 GB  8.6 MB/s    2m6s[K[A[1Gpulling manifest [K
pulling 667b0c1932bc:  78% 笆補毎笆遺毎笆遺毎笆遺毎笆遺毎笆遺毎笆遺毎笆・   笆・3.8 GB/4.9 GB  8.6 MB/s    2m6s[K[A[1Gpulling manifest [K
pulling 667b0c1932bc:  78% 笆補毎笆遺毎笆遺毎笆遺毎笆遺毎笆遺毎笆遺毎笆・   笆・3.8 GB/4.9 GB  8.6 MB/s    2m5s[K[A[1Gpulling manifest [K
pulling 667b0c1932bc:  78% 笆補毎笆遺毎笆遺毎笆遺毎笆遺毎笆遺毎笆遺毎笆・   笆・3.8 GB/4.9 GB  8.6 MB/s    2m5s[K[A[1Gpulling manifest [K
pulling 667b0c1932bc:  78% 笆補毎笆遺毎笆遺毎笆遺毎笆遺毎笆遺毎笆遺毎笆・   笆・3.8 GB/4.9 GB  8.6 MB/s    2m5s[K[A[1Gpulling manifest [K
pulling 667b0c1932bc:  78% 笆補毎笆遺毎笆遺毎笆遺毎笆遺毎笆遺毎笆遺毎笆・   笆・3.8 GB/4.9 GB  8.6 MB/s    2m5s[K[A[1Gpulling manifest [K
pulling 667b0c1932bc:  78% 笆補毎笆遺毎笆遺毎笆遺毎笆遺毎笆遺毎笆遺毎笆・   笆・3.8 GB/4.9 GB  8.6 MB/s    2m5s[K[A[1Gpulling manifest [K
pulling 667b0c1932bc:  78% 笆補毎笆遺毎笆遺毎笆遺毎笆遺毎笆遺毎笆遺毎笆・   笆・3.8 GB/4.9 GB  8.6 MB/s    2m5s[K[A[1Gpulling manifest [K
pulling 667b0c1932bc:  78% 笆補毎笆遺毎笆遺毎笆遺毎笆遺毎笆遺毎笆遺毎笆・   笆・3.8 GB/4.9 GB  8.6 MB/s    2m5s[K[A[1Gpulling manifest [K
pulling 667b0c1932bc:  78% 笆補毎笆遺毎笆遺毎笆遺毎笆遺毎笆遺毎笆遺毎笆・   笆・3.8 GB/4.9 GB  8.7 MB/s    2m3s[K[A[1Gpulling manifest [K
pulling 667b0c1932bc:  78% 笆補毎笆遺毎笆遺毎笆遺毎笆遺毎笆遺毎笆遺毎笆・   笆・3.8 GB/4.9 GB  8.7 MB/s    2m3s[K[A[1Gpulling manifest [K
pulling 667b0c1932bc:  78% 笆補毎笆遺毎笆遺毎笆遺毎笆遺毎笆遺毎笆遺毎笆・   笆・3.8 GB/4.9 GB  8.7 MB/s    2m3s[K[A[1Gpulling manifest [K
pulling 667b0c1932bc:  78% 笆補毎笆遺毎笆遺毎笆遺毎笆遺毎笆遺毎笆遺毎笆・   笆・3.8 GB/4.9 GB  8.7 MB/s    2m3s[K[A[1Gpulling manifest [K
pulling 667b0c1932bc:  78% 笆補毎笆遺毎笆遺毎笆遺毎笆遺毎笆遺毎笆遺毎笆・   笆・3.8 GB/4.9 GB  8.7 MB/s    2m3s[K[A[1Gpulling manifest [K
pulling 667b0c1932bc:  78% 笆補毎笆遺毎笆遺毎笆遺毎笆遺毎笆遺毎笆遺毎笆・   笆・3.8 GB/4.9 GB  8.7 MB/s    2m3s[K[A[1Gpulling manifest [K
pulling 667b0c1932bc:  78% 笆補毎笆遺毎笆遺毎笆遺毎笆遺毎笆遺毎笆遺毎笆・   笆・3.8 GB/4.9 GB  8.7 MB/s    2m3s[K[A[1Gpulling manifest [K
pulling 667b0c1932bc:  78% 笆補毎笆遺毎笆遺毎笆遺毎笆遺毎笆遺毎笆遺毎笆・   笆・3.8 GB/4.9 GB  8.7 MB/s    2m3s[K[A[1Gpulling manifest [K
pulling 667b0c1932bc:  78% 笆補毎笆遺毎笆遺毎笆遺毎笆遺毎笆遺毎笆遺毎笆・   笆・3.8 GB/4.9 GB  8.7 MB/s    2m3s[K[A[1Gpulling manifest [K
pulling 667b0c1932bc:  78% 笆補毎笆遺毎笆遺毎笆遺毎笆遺毎笆遺毎笆遺毎笆・   笆・3.8 GB/4.9 GB  8.7 MB/s    2m3s[K[A[1Gpulling manifest [K
pulling 667b0c1932bc:  78% 笆補毎笆遺毎笆遺毎笆遺毎笆遺毎笆遺毎笆遺毎笆・   笆・3.9 GB/4.9 GB  8.5 MB/s    2m5s[K[A[1Gpulling manifest [K
pulling 667b0c1932bc:  78% 笆補毎笆遺毎笆遺毎笆遺毎笆遺毎笆遺毎笆遺毎笆・   笆・3.9 GB/4.9 GB  8.5 MB/s    2m5s[K[A[1Gpulling manifest [K
pulling 667b0c1932bc:  78% 笆補毎笆遺毎笆遺毎笆遺毎笆遺毎笆遺毎笆遺毎笆・   笆・3.9 GB/4.9 GB  8.5 MB/s    2m5s[K[A[1Gpulling manifest [K
pulling 667b0c1932bc:  78% 笆補毎笆遺毎笆遺毎笆遺毎笆遺毎笆遺毎笆遺毎笆・   笆・3.9 GB/4.9 GB  8.5 MB/s    2m5s[K[A[1Gpulling manifest [K
pulling 667b0c1932bc:  78% 笆補毎笆遺毎笆遺毎笆遺毎笆遺毎笆遺毎笆遺毎笆・   笆・3.9 GB/4.9 GB  8.5 MB/s    2m4s[K[A[1Gpulling manifest [K
pulling 667b0c1932bc:  78% 笆補毎笆遺毎笆遺毎笆遺毎笆遺毎笆遺毎笆遺毎笆・   笆・3.9 GB/4.9 GB  8.5 MB/s    2m4s[K[A[1Gpulling manifest [K
pulling 667b0c1932bc:  78% 笆補毎笆遺毎笆遺毎笆遺毎笆遺毎笆遺毎笆遺毎笆・   笆・3.9 GB/4.9 GB  8.5 MB/s    2m4s[K[A[1Gpulling manifest [K
pulling 667b0c1932bc:  78% 笆補毎笆遺毎笆遺毎笆遺毎笆遺毎笆遺毎笆遺毎笆・   笆・3.9 GB/4.9 GB  8.5 MB/s    2m4s[K[A[1Gpulling manifest [K
pulling 667b0c1932bc:  78% 笆補毎笆遺毎笆遺毎笆遺毎笆遺毎笆遺毎笆遺毎笆・   笆・3.9 GB/4.9 GB  8.5 MB/s    2m4s[K[A[1Gpulling manifest [K
pulling 667b0c1932bc:  78% 笆補毎笆遺毎笆遺毎笆遺毎笆遺毎笆遺毎笆遺毎笆・   笆・3.9 GB/4.9 GB  8.5 MB/s    2m4s[K[A[1Gpulling manifest [K
pulling 667b0c1932bc:  78% 笆補毎笆遺毎笆遺毎笆遺毎笆遺毎笆遺毎笆遺毎笆・   笆・3.9 GB/4.9 GB  8.5 MB/s    2m4s[K[A[1Gpulling manifest [K
pulling 667b0c1932bc:  78% 笆補毎笆遺毎笆遺毎笆遺毎笆遺毎笆遺毎笆遺毎笆・   笆・3.9 GB/4.9 GB  8.5 MB/s    2m4s[K[A[1Gpulling manifest [K
pulling 667b0c1932bc:  78% 笆補毎笆遺毎笆遺毎笆遺毎笆遺毎笆遺毎笆遺毎笆・   笆・3.9 GB/4.9 GB  8.5 MB/s    2m4s[K[A[1Gpulling manifest [K
pulling 667b0c1932bc:  78% 笆補毎笆遺毎笆遺毎笆遺毎笆遺毎笆遺毎笆遺毎笆・   笆・3.9 GB/4.9 GB  8.5 MB/s    2m3s[K[A[1Gpulling manifest [K
pulling 667b0c1932bc:  78% 笆補毎笆遺毎笆遺毎笆遺毎笆遺毎笆遺毎笆遺毎笆・   笆・3.9 GB/4.9 GB  8.5 MB/s    2m3s[K[A[1Gpulling manifest [K
pulling 667b0c1932bc:  79% 笆補毎笆遺毎笆遺毎笆遺毎笆遺毎笆遺毎笆遺毎笆・   笆・3.9 GB/4.9 GB  8.5 MB/s    2m3s[K[A[1Gpulling manifest [K
pulling 667b0c1932bc:  79% 笆補毎笆遺毎笆遺毎笆遺毎笆遺毎笆遺毎笆遺毎笆・   笆・3.9 GB/4.9 GB  8.5 MB/s    2m3s[K[A[1Gpulling manifest [K
pulling 667b0c1932bc:  79% 笆補毎笆遺毎笆遺毎笆遺毎笆遺毎笆遺毎笆遺毎笆・   笆・3.9 GB/4.9 GB  8.5 MB/s    2m3s[K[A[1Gpulling manifest [K
pulling 667b0c1932bc:  79% 笆補毎笆遺毎笆遺毎笆遺毎笆遺毎笆遺毎笆遺毎笆・   笆・3.9 GB/4.9 GB  8.5 MB/s    2m3s[K[A[1Gpulling manifest [K
pulling 667b0c1932bc:  79% 笆補毎笆遺毎笆遺毎笆遺毎笆遺毎笆遺毎笆遺毎笆・   笆・3.9 GB/4.9 GB  8.5 MB/s    2m3s[K[A[1Gpulling manifest [K
pulling 667b0c1932bc:  79% 笆補毎笆遺毎笆遺毎笆遺毎笆遺毎笆遺毎笆遺毎笆・   笆・3.9 GB/4.9 GB  8.5 MB/s    2m3s[K[A[1Gpulling manifest [K
pulling 667b0c1932bc:  79% 笆補毎笆遺毎笆遺毎笆遺毎笆遺毎笆遺毎笆遺毎笆・   笆・3.9 GB/4.9 GB  8.9 MB/s   1m58s[K[A[1Gpulling manifest [K
pulling 667b0c1932bc:  79% 笆補毎笆遺毎笆遺毎笆遺毎笆遺毎笆遺毎笆遺毎笆・   笆・3.9 GB/4.9 GB  8.9 MB/s   1m58s[K[A[1Gpulling manifest [K
pulling 667b0c1932bc:  79% 笆補毎笆遺毎笆遺毎笆遺毎笆遺毎笆遺毎笆遺毎笆・   笆・3.9 GB/4.9 GB  8.9 MB/s   1m58s[K[A[1Gpulling manifest [K
pulling 667b0c1932bc:  79% 笆補毎笆遺毎笆遺毎笆遺毎笆遺毎笆遺毎笆遺毎笆・   笆・3.9 GB/4.9 GB  8.9 MB/s   1m58s[K[A[1Gpulling manifest [K
pulling 667b0c1932bc:  79% 笆補毎笆遺毎笆遺毎笆遺毎笆遺毎笆遺毎笆遺毎笆・   笆・3.9 GB/4.9 GB  8.9 MB/s   1m58s[K[A[1Gpulling manifest [K
pulling 667b0c1932bc:  79% 笆補毎笆遺毎笆遺毎笆遺毎笆遺毎笆遺毎笆遺毎笆・   笆・3.9 GB/4.9 GB  8.9 MB/s   1m58s[K[A[1Gpulling manifest [K
pulling 667b0c1932bc:  79% 笆補毎笆遺毎笆遺毎笆遺毎笆遺毎笆遺毎笆遺毎笆・   笆・3.9 GB/4.9 GB  8.9 MB/s   1m58s[K[A[1Gpulling manifest [K
pulling 667b0c1932bc:  79% 笆補毎笆遺毎笆遺毎笆遺毎笆遺毎笆遺毎笆遺毎笆・   笆・3.9 GB/4.9 GB  8.9 MB/s   1m58s[K[A[1Gpulling manifest [K
pulling 667b0c1932bc:  79% 笆補毎笆遺毎笆遺毎笆遺毎笆遺毎笆遺毎笆遺毎笆・   笆・3.9 GB/4.9 GB  8.9 MB/s   1m58s[K[A[1Gpulling manifest [K
pulling 667b0c1932bc:  79% 笆補毎笆遺毎笆遺毎笆遺毎笆遺毎笆遺毎笆遺毎笆・   笆・3.9 GB/4.9 GB  8.9 MB/s   1m57s[K[A[1Gpulling manifest [K
pulling 667b0c1932bc:  79% 笆補毎笆遺毎笆遺毎笆遺毎笆遺毎笆遺毎笆遺毎笆・   笆・3.9 GB/4.9 GB  8.7 MB/s   1m59s[K[A[1Gpulling manifest [K
pulling 667b0c1932bc:  79% 笆補毎笆遺毎笆遺毎笆遺毎笆遺毎笆遺毎笆遺毎笆・   笆・3.9 GB/4.9 GB  8.7 MB/s   1m59s[K[A[1Gpulling manifest [K
pulling 667b0c1932bc:  79% 笆補毎笆遺毎笆遺毎笆遺毎笆遺毎笆遺毎笆遺毎笆・   笆・3.9 GB/4.9 GB  8.7 MB/s   1m59s[K[A[1Gpulling manifest [K
pulling 667b0c1932bc:  79% 笆補毎笆遺毎笆遺毎笆遺毎笆遺毎笆遺毎笆遺毎笆・   笆・3.9 GB/4.9 GB  8.7 MB/s   1m59s[K[A[1Gpulling manifest [K
pulling 667b0c1932bc:  79% 笆補毎笆遺毎笆遺毎笆遺毎笆遺毎笆遺毎笆遺毎笆・   笆・3.9 GB/4.9 GB  8.7 MB/s   1m59s[K[A[1Gpulling manifest [K
pulling 667b0c1932bc:  79% 笆補毎笆遺毎笆遺毎笆遺毎笆遺毎笆遺毎笆遺毎笆・   笆・3.9 GB/4.9 GB  8.7 MB/s   1m59s[K[A[1Gpulling manifest [K
pulling 667b0c1932bc:  79% 笆補毎笆遺毎笆遺毎笆遺毎笆遺毎笆遺毎笆遺毎笆・   笆・3.9 GB/4.9 GB  8.7 MB/s   1m59s[K[A[1Gpulling manifest [K
pulling 667b0c1932bc:  79% 笆補毎笆遺毎笆遺毎笆遺毎笆遺毎笆遺毎笆遺毎笆・   笆・3.9 GB/4.9 GB  8.7 MB/s   1m59s[K[A[1Gpulling manifest [K
pulling 667b0c1932bc:  79% 笆補毎笆遺毎笆遺毎笆遺毎笆遺毎笆遺毎笆遺毎笆・   笆・3.9 GB/4.9 GB  8.7 MB/s   1m58s[K[A[1Gpulling manifest [K
pulling 667b0c1932bc:  79% 笆補毎笆遺毎笆遺毎笆遺毎笆遺毎笆遺毎笆遺毎笆・   笆・3.9 GB/4.9 GB  8.7 MB/s   1m58s[K[A[1Gpulling manifest [K
pulling 667b0c1932bc:  79% 笆補毎笆遺毎笆遺毎笆遺毎笆遺毎笆遺毎笆遺毎笆・   笆・3.9 GB/4.9 GB  8.7 MB/s   1m59s[K[A[1Gpulling manifest [K
pulling 667b0c1932bc:  79% 笆補毎笆遺毎笆遺毎笆遺毎笆遺毎笆遺毎笆遺毎笆・   笆・3.9 GB/4.9 GB  8.7 MB/s   1m59s[K[A[1Gpulling manifest [K
pulling 667b0c1932bc:  79% 笆補毎笆遺毎笆遺毎笆遺毎笆遺毎笆遺毎笆遺毎笆・   笆・3.9 GB/4.9 GB  8.7 MB/s   1m59s[K[A[1Gpulling manifest [K
pulling 667b0c1932bc:  79% 笆補毎笆遺毎笆遺毎笆遺毎笆遺毎笆遺毎笆遺毎笆・   笆・3.9 GB/4.9 GB  8.7 MB/s   1m59s[K[A[1Gpulling manifest [K
pulling 667b0c1932bc:  79% 笆補毎笆遺毎笆遺毎笆遺毎笆遺毎笆遺毎笆遺毎笆・   笆・3.9 GB/4.9 GB  8.7 MB/s   1m59s[K[A[1Gpulling manifest [K
pulling 667b0c1932bc:  79% 笆補毎笆遺毎笆遺毎笆遺毎笆遺毎笆遺毎笆遺毎笆・   笆・3.9 GB/4.9 GB  8.7 MB/s   1m58s[K[A[1Gpulling manifest [K
pulling 667b0c1932bc:  79% 笆補毎笆遺毎笆遺毎笆遺毎笆遺毎笆遺毎笆遺毎笆・   笆・3.9 GB/4.9 GB  8.7 MB/s   1m58s[K[A[1Gpulling manifest [K
pulling 667b0c1932bc:  79% 笆補毎笆遺毎笆遺毎笆遺毎笆遺毎笆遺毎笆遺毎笆・   笆・3.9 GB/4.9 GB  8.7 MB/s   1m58s[K[A[1Gpulling manifest [K
pulling 667b0c1932bc:  79% 笆補毎笆遺毎笆遺毎笆遺毎笆遺毎笆遺毎笆遺毎笆・   笆・3.9 GB/4.9 GB  8.7 MB/s   1m58s[K[A[1Gpulling manifest [K
pulling 667b0c1932bc:  79% 笆補毎笆遺毎笆遺毎笆遺毎笆遺毎笆遺毎笆遺毎笆・   笆・3.9 GB/4.9 GB  8.7 MB/s   1m58s[K[A[1Gpulling manifest [K
pulling 667b0c1932bc:  79% 笆補毎笆遺毎笆遺毎笆遺毎笆遺毎笆遺毎笆遺毎笆・   笆・3.9 GB/4.9 GB  8.7 MB/s   1m57s[K[A[1Gpulling manifest [K
pulling 667b0c1932bc:  79% 笆補毎笆遺毎笆遺毎笆遺毎笆遺毎笆遺毎笆遺毎笆・   笆・3.9 GB/4.9 GB  8.7 MB/s   1m57s[K[A[1Gpulling manifest [K
pulling 667b0c1932bc:  79% 笆補毎笆遺毎笆遺毎笆遺毎笆遺毎笆遺毎笆遺毎笆・   笆・3.9 GB/4.9 GB  8.7 MB/s   1m57s[K[A[1Gpulling manifest [K
pulling 667b0c1932bc:  79% 笆補毎笆遺毎笆遺毎笆遺毎笆遺毎笆遺毎笆遺毎笆・   笆・3.9 GB/4.9 GB  8.7 MB/s   1m56s[K[A[1Gpulling manifest [K
pulling 667b0c1932bc:  79% 笆補毎笆遺毎笆遺毎笆遺毎笆遺毎笆遺毎笆遺毎笆・   笆・3.9 GB/4.9 GB  8.7 MB/s   1m56s[K[A[1Gpulling manifest [K
pulling 667b0c1932bc:  79% 笆補毎笆遺毎笆遺毎笆遺毎笆遺毎笆遺毎笆遺毎笆・   笆・3.9 GB/4.9 GB  8.7 MB/s   1m56s[K[A[1Gpulling manifest [K
pulling 667b0c1932bc:  79% 笆補毎笆遺毎笆遺毎笆遺毎笆遺毎笆遺毎笆遺毎笆・   笆・3.9 GB/4.9 GB  8.7 MB/s   1m56s[K[A[1Gpulling manifest [K
pulling 667b0c1932bc:  79% 笆補毎笆遺毎笆遺毎笆遺毎笆遺毎笆遺毎笆遺毎笆・   笆・3.9 GB/4.9 GB  8.7 MB/s   1m56s[K[A[1Gpulling manifest [K
pulling 667b0c1932bc:  79% 笆補毎笆遺毎笆遺毎笆遺毎笆遺毎笆遺毎笆遺毎笆・   笆・3.9 GB/4.9 GB  8.7 MB/s   1m56s[K[A[1Gpulling manifest [K
pulling 667b0c1932bc:  79% 笆補毎笆遺毎笆遺毎笆遺毎笆遺毎笆遺毎笆遺毎笆・   笆・3.9 GB/4.9 GB  8.7 MB/s   1m56s[K[A[1Gpulling manifest [K
pulling 667b0c1932bc:  79% 笆補毎笆遺毎笆遺毎笆遺毎笆遺毎笆遺毎笆遺毎笆・   笆・3.9 GB/4.9 GB  8.9 MB/s   1m53s[K[A[1Gpulling manifest [K
pulling 667b0c1932bc:  79% 笆補毎笆遺毎笆遺毎笆遺毎笆遺毎笆遺毎笆遺毎笆・   笆・3.9 GB/4.9 GB  8.9 MB/s   1m53s[K[A[1Gpulling manifest [K
pulling 667b0c1932bc:  79% 笆補毎笆遺毎笆遺毎笆遺毎笆遺毎笆遺毎笆遺毎笆・   笆・3.9 GB/4.9 GB  8.9 MB/s   1m53s[K[A[1Gpulling manifest [K
pulling 667b0c1932bc:  79% 笆補毎笆遺毎笆遺毎笆遺毎笆遺毎笆遺毎笆遺毎笆・   笆・3.9 GB/4.9 GB  8.9 MB/s   1m53s[K[A[1Gpulling manifest [K
pulling 667b0c1932bc:  79% 笆補毎笆遺毎笆遺毎笆遺毎笆遺毎笆遺毎笆遺毎笆・   笆・3.9 GB/4.9 GB  8.9 MB/s   1m53s[K[A[1Gpulling manifest [K
pulling 667b0c1932bc:  79% 笆補毎笆遺毎笆遺毎笆遺毎笆遺毎笆遺毎笆遺毎笆・   笆・3.9 GB/4.9 GB  8.9 MB/s   1m53s[K[A[1Gpulling manifest [K
pulling 667b0c1932bc:  79% 笆補毎笆遺毎笆遺毎笆遺毎笆遺毎笆遺毎笆遺毎笆・   笆・3.9 GB/4.9 GB  8.9 MB/s   1m53s[K[A[1Gpulling manifest [K
pulling 667b0c1932bc:  79% 笆補毎笆遺毎笆遺毎笆遺毎笆遺毎笆遺毎笆遺毎笆・   笆・3.9 GB/4.9 GB  8.9 MB/s   1m53s[K[A[1Gpulling manifest [K
pulling 667b0c1932bc:  80% 笆補毎笆遺毎笆遺毎笆遺毎笆遺毎笆遺毎笆遺毎笆・   笆・3.9 GB/4.9 GB  8.9 MB/s   1m52s[K[A[1Gpulling manifest [K
pulling 667b0c1932bc:  80% 笆補毎笆遺毎笆遺毎笆遺毎笆遺毎笆遺毎笆遺毎笆・   笆・3.9 GB/4.9 GB  8.9 MB/s   1m52s[K[A[1Gpulling manifest [K
pulling 667b0c1932bc:  80% 笆補毎笆遺毎笆遺毎笆遺毎笆遺毎笆遺毎笆遺毎笆・   笆・3.9 GB/4.9 GB  8.9 MB/s   1m52s[K[A[1Gpulling manifest [K
pulling 667b0c1932bc:  80% 笆補毎笆遺毎笆遺毎笆遺毎笆遺毎笆遺毎笆遺毎笆・   笆・3.9 GB/4.9 GB  9.0 MB/s   1m51s[K[A[1Gpulling manifest [K
pulling 667b0c1932bc:  80% 笆補毎笆遺毎笆遺毎笆遺毎笆遺毎笆遺毎笆遺毎笆・   笆・3.9 GB/4.9 GB  9.0 MB/s   1m51s[K[A[1Gpulling manifest [K
pulling 667b0c1932bc:  80% 笆補毎笆遺毎笆遺毎笆遺毎笆遺毎笆遺毎笆遺毎笆・   笆・3.9 GB/4.9 GB  9.0 MB/s   1m51s[K[A[1Gpulling manifest [K
pulling 667b0c1932bc:  80% 笆補毎笆遺毎笆遺毎笆遺毎笆遺毎笆遺毎笆遺毎笆・   笆・3.9 GB/4.9 GB  9.0 MB/s   1m51s[K[A[1Gpulling manifest [K
pulling 667b0c1932bc:  80% 笆補毎笆遺毎笆遺毎笆遺毎笆遺毎笆遺毎笆遺毎笆・   笆・3.9 GB/4.9 GB  9.0 MB/s   1m50s[K[A[1Gpulling manifest [K
pulling 667b0c1932bc:  80% 笆補毎笆遺毎笆遺毎笆遺毎笆遺毎笆遺毎笆遺毎笆・   笆・3.9 GB/4.9 GB  9.0 MB/s   1m50s[K[A[1Gpulling manifest [K
pulling 667b0c1932bc:  80% 笆補毎笆遺毎笆遺毎笆遺毎笆遺毎笆遺毎笆遺毎笆・   笆・3.9 GB/4.9 GB  9.0 MB/s   1m50s[K[A[1Gpulling manifest [K
pulling 667b0c1932bc:  80% 笆補毎笆遺毎笆遺毎笆遺毎笆遺毎笆遺毎笆遺毎笆・   笆・3.9 GB/4.9 GB  9.0 MB/s   1m50s[K[A[1Gpulling manifest [K
pulling 667b0c1932bc:  80% 笆補毎笆遺毎笆遺毎笆遺毎笆遺毎笆遺毎笆遺毎笆・   笆・3.9 GB/4.9 GB  9.0 MB/s   1m50s[K[A[1Gpulling manifest [K
pulling 667b0c1932bc:  80% 笆補毎笆遺毎笆遺毎笆遺毎笆遺毎笆遺毎笆遺毎笆・   笆・3.9 GB/4.9 GB  9.0 MB/s   1m50s[K[A[1Gpulling manifest [K
pulling 667b0c1932bc:  80% 笆補毎笆遺毎笆遺毎笆遺毎笆遺毎笆遺毎笆遺毎笆・   笆・3.9 GB/4.9 GB  9.0 MB/s   1m50s[K[A[1Gpulling manifest [K
pulling 667b0c1932bc:  80% 笆補毎笆遺毎笆遺毎笆遺毎笆遺毎笆遺毎笆遺毎笆・   笆・3.9 GB/4.9 GB  9.0 MB/s   1m50s[K[A[1Gpulling manifest [K
pulling 667b0c1932bc:  80% 笆補毎笆遺毎笆遺毎笆遺毎笆遺毎笆遺毎笆遺毎笆・   笆・3.9 GB/4.9 GB  9.0 MB/s   1m50s[K[A[1Gpulling manifest [K
pulling 667b0c1932bc:  80% 笆補毎笆遺毎笆遺毎笆遺毎笆遺毎笆遺毎笆遺毎笆・   笆・3.9 GB/4.9 GB  9.0 MB/s   1m50s[K[A[1Gpulling manifest [K
pulling 667b0c1932bc:  80% 笆補毎笆遺毎笆遺毎笆遺毎笆遺毎笆遺毎笆遺毎笆・   笆・3.9 GB/4.9 GB  9.0 MB/s   1m50s[K[A[1Gpulling manifest [K
pulling 667b0c1932bc:  80% 笆補毎笆遺毎笆遺毎笆遺毎笆遺毎笆遺毎笆遺毎笆・   笆・3.9 GB/4.9 GB  9.0 MB/s   1m50s[K[A[1Gpulling manifest [K
pulling 667b0c1932bc:  80% 笆補毎笆遺毎笆遺毎笆遺毎笆遺毎笆遺毎笆遺毎笆・   笆・3.9 GB/4.9 GB  9.0 MB/s   1m49s[K[A[1Gpulling manifest [K
pulling 667b0c1932bc:  80% 笆補毎笆遺毎笆遺毎笆遺毎笆遺毎笆遺毎笆遺毎笆・   笆・3.9 GB/4.9 GB  9.0 MB/s   1m49s[K[A[1Gpulling manifest [K
pulling 667b0c1932bc:  80% 笆補毎笆遺毎笆遺毎笆遺毎笆遺毎笆遺毎笆遺毎笆・   笆・3.9 GB/4.9 GB  9.0 MB/s   1m49s[K[A[1Gpulling manifest [K
pulling 667b0c1932bc:  80% 笆補毎笆遺毎笆遺毎笆遺毎笆遺毎笆遺毎笆遺毎笆・   笆・3.9 GB/4.9 GB  9.0 MB/s   1m49s[K[A[1Gpulling manifest [K
pulling 667b0c1932bc:  80% 笆補毎笆遺毎笆遺毎笆遺毎笆遺毎笆遺毎笆遺毎笆・   笆・3.9 GB/4.9 GB  9.3 MB/s   1m46s[K[A[1Gpulling manifest [K
pulling 667b0c1932bc:  80% 笆補毎笆遺毎笆遺毎笆遺毎笆遺毎笆遺毎笆遺毎笆・   笆・3.9 GB/4.9 GB  9.3 MB/s   1m46s[K[A[1Gpulling manifest [K
pulling 667b0c1932bc:  80% 笆補毎笆遺毎笆遺毎笆遺毎笆遺毎笆遺毎笆遺毎笆・   笆・3.9 GB/4.9 GB  9.3 MB/s   1m45s[K[A[1Gpulling manifest [K
pulling 667b0c1932bc:  80% 笆補毎笆遺毎笆遺毎笆遺毎笆遺毎笆遺毎笆遺毎笆・   笆・3.9 GB/4.9 GB  9.3 MB/s   1m45s[K[A[1Gpulling manifest [K
pulling 667b0c1932bc:  80% 笆補毎笆遺毎笆遺毎笆遺毎笆遺毎笆遺毎笆遺毎笆・   笆・3.9 GB/4.9 GB  9.3 MB/s   1m45s[K[A[1Gpulling manifest [K
pulling 667b0c1932bc:  80% 笆補毎笆遺毎笆遺毎笆遺毎笆遺毎笆遺毎笆遺毎笆・   笆・3.9 GB/4.9 GB  9.3 MB/s   1m45s[K[A[1Gpulling manifest [K
pulling 667b0c1932bc:  80% 笆補毎笆遺毎笆遺毎笆遺毎笆遺毎笆遺毎笆遺毎笆・   笆・3.9 GB/4.9 GB  9.3 MB/s   1m45s[K[A[1Gpulling manifest [K
pulling 667b0c1932bc:  80% 笆補毎笆遺毎笆遺毎笆遺毎笆遺毎笆遺毎笆遺毎笆・   笆・3.9 GB/4.9 GB  9.3 MB/s   1m45s[K[A[1Gpulling manifest [K
pulling 667b0c1932bc:  80% 笆補毎笆遺毎笆遺毎笆遺毎笆遺毎笆遺毎笆遺毎笆・   笆・3.9 GB/4.9 GB  9.3 MB/s   1m45s[K[A[1Gpulling manifest [K
pulling 667b0c1932bc:  80% 笆補毎笆遺毎笆遺毎笆遺毎笆遺毎笆遺毎笆遺毎笆・   笆・3.9 GB/4.9 GB  9.3 MB/s   1m45s[K[A[1Gpulling manifest [K
pulling 667b0c1932bc:  80% 笆補毎笆遺毎笆遺毎笆遺毎笆遺毎笆遺毎笆遺毎笆・   笆・3.9 GB/4.9 GB  9.2 MB/s   1m46s[K[A[1Gpulling manifest [K
pulling 667b0c1932bc:  80% 笆補毎笆遺毎笆遺毎笆遺毎笆遺毎笆遺毎笆遺毎笆・   笆・3.9 GB/4.9 GB  9.2 MB/s   1m46s[K[A[1Gpulling manifest [K
pulling 667b0c1932bc:  80% 笆補毎笆遺毎笆遺毎笆遺毎笆遺毎笆遺毎笆遺毎笆・   笆・3.9 GB/4.9 GB  9.2 MB/s   1m46s[K[A[1Gpulling manifest [K
pulling 667b0c1932bc:  80% 笆補毎笆遺毎笆遺毎笆遺毎笆遺毎笆遺毎笆遺毎笆・   笆・3.9 GB/4.9 GB  9.2 MB/s   1m46s[K[A[1Gpulling manifest [K
pulling 667b0c1932bc:  80% 笆補毎笆遺毎笆遺毎笆遺毎笆遺毎笆遺毎笆遺毎笆・   笆・3.9 GB/4.9 GB  9.2 MB/s   1m46s[K[A[1Gpulling manifest [K
pulling 667b0c1932bc:  80% 笆補毎笆遺毎笆遺毎笆遺毎笆遺毎笆遺毎笆遺毎笆・   笆・3.9 GB/4.9 GB  9.2 MB/s   1m46s[K[A[1Gpulling manifest [K
pulling 667b0c1932bc:  80% 笆補毎笆遺毎笆遺毎笆遺毎笆遺毎笆遺毎笆遺毎笆・   笆・3.9 GB/4.9 GB  9.2 MB/s   1m45s[K[A[1Gpulling manifest [K
pulling 667b0c1932bc:  80% 笆補毎笆遺毎笆遺毎笆遺毎笆遺毎笆遺毎笆遺毎笆・   笆・3.9 GB/4.9 GB  9.2 MB/s   1m45s[K[A[1Gpulling manifest [K
pulling 667b0c1932bc:  80% 笆補毎笆遺毎笆遺毎笆遺毎笆遺毎笆遺毎笆遺毎笆・   笆・3.9 GB/4.9 GB  9.2 MB/s   1m45s[K[A[1Gpulling manifest [K
pulling 667b0c1932bc:  80% 笆補毎笆遺毎笆遺毎笆遺毎笆遺毎笆遺毎笆遺毎笆・   笆・3.9 GB/4.9 GB  9.2 MB/s   1m45s[K[A[1Gpulling manifest [K
pulling 667b0c1932bc:  80% 笆補毎笆遺毎笆遺毎笆遺毎笆遺毎笆遺毎笆遺毎笆・   笆・4.0 GB/4.9 GB  9.3 MB/s   1m44s[K[A[1Gpulling manifest [K
pulling 667b0c1932bc:  80% 笆補毎笆遺毎笆遺毎笆遺毎笆遺毎笆遺毎笆遺毎笆・   笆・4.0 GB/4.9 GB  9.3 MB/s   1m44s[K[A[1Gpulling manifest [K
pulling 667b0c1932bc:  80% 笆補毎笆遺毎笆遺毎笆遺毎笆遺毎笆遺毎笆遺毎笆・   笆・4.0 GB/4.9 GB  9.3 MB/s   1m44s[K[A[1Gpulling manifest [K
pulling 667b0c1932bc:  80% 笆補毎笆遺毎笆遺毎笆遺毎笆遺毎笆遺毎笆遺毎笆・   笆・4.0 GB/4.9 GB  9.3 MB/s   1m44s[K[A[1Gpulling manifest [K
pulling 667b0c1932bc:  80% 笆補毎笆遺毎笆遺毎笆遺毎笆遺毎笆遺毎笆遺毎笆・   笆・4.0 GB/4.9 GB  9.3 MB/s   1m44s[K[A[1Gpulling manifest [K
pulling 667b0c1932bc:  80% 笆補毎笆遺毎笆遺毎笆遺毎笆遺毎笆遺毎笆遺毎笆・   笆・4.0 GB/4.9 GB  9.3 MB/s   1m44s[K[A[1Gpulling manifest [K
pulling 667b0c1932bc:  80% 笆補毎笆遺毎笆遺毎笆遺毎笆遺毎笆遺毎笆遺毎笆・   笆・4.0 GB/4.9 GB  9.3 MB/s   1m44s[K[A[1Gpulling manifest [K
pulling 667b0c1932bc:  80% 笆補毎笆遺毎笆遺毎笆遺毎笆遺毎笆遺毎笆遺毎笆・   笆・4.0 GB/4.9 GB  9.3 MB/s   1m43s[K[A[1Gpulling manifest [K
pulling 667b0c1932bc:  80% 笆補毎笆遺毎笆遺毎笆遺毎笆遺毎笆遺毎笆遺毎笆・   笆・4.0 GB/4.9 GB  9.3 MB/s   1m43s[K[A[1Gpulling manifest [K
pulling 667b0c1932bc:  80% 笆補毎笆遺毎笆遺毎笆遺毎笆遺毎笆遺毎笆遺毎笆・   笆・4.0 GB/4.9 GB  9.3 MB/s   1m43s[K[A[1Gpulling manifest [K
pulling 667b0c1932bc:  80% 笆補毎笆遺毎笆遺毎笆遺毎笆遺毎笆遺毎笆遺毎笆・   笆・4.0 GB/4.9 GB  9.3 MB/s   1m43s[K[A[1Gpulling manifest [K
pulling 667b0c1932bc:  80% 笆補毎笆遺毎笆遺毎笆遺毎笆遺毎笆遺毎笆遺毎笆・   笆・4.0 GB/4.9 GB  9.3 MB/s   1m43s[K[A[1Gpulling manifest [K
pulling 667b0c1932bc:  80% 笆補毎笆遺毎笆遺毎笆遺毎笆遺毎笆遺毎笆遺毎笆・   笆・4.0 GB/4.9 GB  9.3 MB/s   1m43s[K[A[1Gpulling manifest [K
pulling 667b0c1932bc:  81% 笆補毎笆遺毎笆遺毎笆遺毎笆遺毎笆遺毎笆遺毎笆・   笆・4.0 GB/4.9 GB  9.3 MB/s   1m43s[K[A[1Gpulling manifest [K
pulling 667b0c1932bc:  81% 笆補毎笆遺毎笆遺毎笆遺毎笆遺毎笆遺毎笆遺毎笆・   笆・4.0 GB/4.9 GB  9.3 MB/s   1m42s[K[A[1Gpulling manifest [K
pulling 667b0c1932bc:  81% 笆補毎笆遺毎笆遺毎笆遺毎笆遺毎笆遺毎笆遺毎笆・   笆・4.0 GB/4.9 GB  9.3 MB/s   1m42s[K[A[1Gpulling manifest [K
pulling 667b0c1932bc:  81% 笆補毎笆遺毎笆遺毎笆遺毎笆遺毎笆遺毎笆遺毎笆・   笆・4.0 GB/4.9 GB  9.3 MB/s   1m42s[K[A[1Gpulling manifest [K
pulling 667b0c1932bc:  81% 笆補毎笆遺毎笆遺毎笆遺毎笆遺毎笆遺毎笆遺毎笆・   笆・4.0 GB/4.9 GB  9.3 MB/s   1m42s[K[A[1Gpulling manifest [K
pulling 667b0c1932bc:  81% 笆補毎笆遺毎笆遺毎笆遺毎笆遺毎笆遺毎笆遺毎笆・   笆・4.0 GB/4.9 GB  9.3 MB/s   1m42s[K[A[1Gpulling manifest [K
pulling 667b0c1932bc:  81% 笆補毎笆遺毎笆遺毎笆遺毎笆遺毎笆遺毎笆遺毎笆・   笆・4.0 GB/4.9 GB  9.3 MB/s   1m42s[K[A[1Gpulling manifest [K
pulling 667b0c1932bc:  81% 笆補毎笆遺毎笆遺毎笆遺毎笆遺毎笆遺毎笆遺毎笆・   笆・4.0 GB/4.9 GB  9.3 MB/s   1m42s[K[A[1Gpulling manifest [K
pulling 667b0c1932bc:  81% 笆補毎笆遺毎笆遺毎笆遺毎笆遺毎笆遺毎笆遺毎笆・   笆・4.0 GB/4.9 GB  9.2 MB/s   1m42s[K[A[1Gpulling manifest [K
pulling 667b0c1932bc:  81% 笆補毎笆遺毎笆遺毎笆遺毎笆遺毎笆遺毎笆遺毎笆・   笆・4.0 GB/4.9 GB  9.2 MB/s   1m42s[K[A[1Gpulling manifest [K
pulling 667b0c1932bc:  81% 笆補毎笆遺毎笆遺毎笆遺毎笆遺毎笆遺毎笆遺毎笆・   笆・4.0 GB/4.9 GB  9.2 MB/s   1m42s[K[A[1Gpulling manifest [K
pulling 667b0c1932bc:  81% 笆補毎笆遺毎笆遺毎笆遺毎笆遺毎笆遺毎笆遺毎笆・   笆・4.0 GB/4.9 GB  9.2 MB/s   1m42s[K[A[1Gpulling manifest [K
pulling 667b0c1932bc:  81% 笆補毎笆遺毎笆遺毎笆遺毎笆遺毎笆遺毎笆遺毎笆・   笆・4.0 GB/4.9 GB  9.2 MB/s   1m42s[K[A[1Gpulling manifest [K
pulling 667b0c1932bc:  81% 笆補毎笆遺毎笆遺毎笆遺毎笆遺毎笆遺毎笆遺毎笆・   笆・4.0 GB/4.9 GB  9.2 MB/s   1m42s[K[A[1Gpulling manifest [K
pulling 667b0c1932bc:  81% 笆補毎笆遺毎笆遺毎笆遺毎笆遺毎笆遺毎笆遺毎笆・   笆・4.0 GB/4.9 GB  9.2 MB/s   1m42s[K[A[1Gpulling manifest [K
pulling 667b0c1932bc:  81% 笆補毎笆遺毎笆遺毎笆遺毎笆遺毎笆遺毎笆遺毎笆・   笆・4.0 GB/4.9 GB  9.2 MB/s   1m42s[K[A[1Gpulling manifest [K
pulling 667b0c1932bc:  81% 笆補毎笆遺毎笆遺毎笆遺毎笆遺毎笆遺毎笆遺毎笆・   笆・4.0 GB/4.9 GB  9.2 MB/s   1m42s[K[A[1Gpulling manifest [K
pulling 667b0c1932bc:  81% 笆補毎笆遺毎笆遺毎笆遺毎笆遺毎笆遺毎笆遺毎笆・   笆・4.0 GB/4.9 GB  9.2 MB/s   1m41s[K[A[1Gpulling manifest [K
pulling 667b0c1932bc:  81% 笆補毎笆遺毎笆遺毎笆遺毎笆遺毎笆遺毎笆遺毎笆・   笆・4.0 GB/4.9 GB  9.3 MB/s   1m40s[K[A[1Gpulling manifest [K
pulling 667b0c1932bc:  81% 笆補毎笆遺毎笆遺毎笆遺毎笆遺毎笆遺毎笆遺毎笆・   笆・4.0 GB/4.9 GB  9.3 MB/s   1m40s[K[A[1Gpulling manifest [K
pulling 667b0c1932bc:  81% 笆補毎笆遺毎笆遺毎笆遺毎笆遺毎笆遺毎笆遺毎笆・   笆・4.0 GB/4.9 GB  9.3 MB/s   1m40s[K[A[1Gpulling manifest [K
pulling 667b0c1932bc:  81% 笆補毎笆遺毎笆遺毎笆遺毎笆遺毎笆遺毎笆遺毎笆・   笆・4.0 GB/4.9 GB  9.3 MB/s   1m40s[K[A[1Gpulling manifest [K
pulling 667b0c1932bc:  81% 笆補毎笆遺毎笆遺毎笆遺毎笆遺毎笆遺毎笆遺毎笆・   笆・4.0 GB/4.9 GB  9.3 MB/s   1m40s[K[A[1Gpulling manifest [K
pulling 667b0c1932bc:  81% 笆補毎笆遺毎笆遺毎笆遺毎笆遺毎笆遺毎笆遺毎笆・   笆・4.0 GB/4.9 GB  9.3 MB/s   1m40s[K[A[1Gpulling manifest [K
pulling 667b0c1932bc:  81% 笆補毎笆遺毎笆遺毎笆遺毎笆遺毎笆遺毎笆遺毎笆・   笆・4.0 GB/4.9 GB  9.3 MB/s   1m40s[K[A[1Gpulling manifest [K
pulling 667b0c1932bc:  81% 笆補毎笆遺毎笆遺毎笆遺毎笆遺毎笆遺毎笆遺毎笆・   笆・4.0 GB/4.9 GB  9.3 MB/s   1m40s[K[A[1Gpulling manifest [K
pulling 667b0c1932bc:  81% 笆補毎笆遺毎笆遺毎笆遺毎笆遺毎笆遺毎笆遺毎笆・   笆・4.0 GB/4.9 GB  9.3 MB/s   1m40s[K[A[1Gpulling manifest [K
pulling 667b0c1932bc:  81% 笆補毎笆遺毎笆遺毎笆遺毎笆遺毎笆遺毎笆遺毎笆・   笆・4.0 GB/4.9 GB  9.3 MB/s   1m40s[K[A[1Gpulling manifest [K
pulling 667b0c1932bc:  81% 笆補毎笆遺毎笆遺毎笆遺毎笆遺毎笆遺毎笆遺毎笆・   笆・4.0 GB/4.9 GB  9.4 MB/s   1m39s[K[A[1Gpulling manifest [K
pulling 667b0c1932bc:  81% 笆補毎笆遺毎笆遺毎笆遺毎笆遺毎笆遺毎笆遺毎笆・   笆・4.0 GB/4.9 GB  9.4 MB/s   1m39s[K[A[1Gpulling manifest [K
pulling 667b0c1932bc:  81% 笆補毎笆遺毎笆遺毎笆遺毎笆遺毎笆遺毎笆遺毎笆・   笆・4.0 GB/4.9 GB  9.4 MB/s   1m39s[K[A[1Gpulling manifest [K
pulling 667b0c1932bc:  81% 笆補毎笆遺毎笆遺毎笆遺毎笆遺毎笆遺毎笆遺毎笆・   笆・4.0 GB/4.9 GB  9.4 MB/s   1m38s[K[A[1Gpulling manifest [K
pulling 667b0c1932bc:  81% 笆補毎笆遺毎笆遺毎笆遺毎笆遺毎笆遺毎笆遺毎笆・   笆・4.0 GB/4.9 GB  9.4 MB/s   1m38s[K[A[1Gpulling manifest [K
pulling 667b0c1932bc:  81% 笆補毎笆遺毎笆遺毎笆遺毎笆遺毎笆遺毎笆遺毎笆・   笆・4.0 GB/4.9 GB  9.4 MB/s   1m38s[K[A[1Gpulling manifest [K
pulling 667b0c1932bc:  81% 笆補毎笆遺毎笆遺毎笆遺毎笆遺毎笆遺毎笆遺毎笆・   笆・4.0 GB/4.9 GB  9.4 MB/s   1m38s[K[A[1Gpulling manifest [K
pulling 667b0c1932bc:  81% 笆補毎笆遺毎笆遺毎笆遺毎笆遺毎笆遺毎笆遺毎笆・   笆・4.0 GB/4.9 GB  9.4 MB/s   1m38s[K[A[1Gpulling manifest [K
pulling 667b0c1932bc:  81% 笆補毎笆遺毎笆遺毎笆遺毎笆遺毎笆遺毎笆遺毎笆・   笆・4.0 GB/4.9 GB  9.4 MB/s   1m38s[K[A[1Gpulling manifest [K
pulling 667b0c1932bc:  81% 笆補毎笆遺毎笆遺毎笆遺毎笆遺毎笆遺毎笆遺毎笆・   笆・4.0 GB/4.9 GB  9.4 MB/s   1m38s[K[A[1Gpulling manifest [K
pulling 667b0c1932bc:  81% 笆補毎笆遺毎笆遺毎笆遺毎笆遺毎笆遺毎笆遺毎笆・   笆・4.0 GB/4.9 GB  9.4 MB/s   1m38s[K[A[1Gpulling manifest [K
pulling 667b0c1932bc:  81% 笆補毎笆遺毎笆遺毎笆遺毎笆遺毎笆遺毎笆遺毎笆・   笆・4.0 GB/4.9 GB  9.4 MB/s   1m38s[K[A[1Gpulling manifest [K
pulling 667b0c1932bc:  81% 笆補毎笆遺毎笆遺毎笆遺毎笆遺毎笆遺毎笆遺毎笆・   笆・4.0 GB/4.9 GB  9.4 MB/s   1m38s[K[A[1Gpulling manifest [K
pulling 667b0c1932bc:  81% 笆補毎笆遺毎笆遺毎笆遺毎笆遺毎笆遺毎笆遺毎笆・   笆・4.0 GB/4.9 GB  9.4 MB/s   1m38s[K[A[1Gpulling manifest [K
pulling 667b0c1932bc:  81% 笆補毎笆遺毎笆遺毎笆遺毎笆遺毎笆遺毎笆遺毎笆・   笆・4.0 GB/4.9 GB  9.4 MB/s   1m38s[K[A[1Gpulling manifest [K
pulling 667b0c1932bc:  81% 笆補毎笆遺毎笆遺毎笆遺毎笆遺毎笆遺毎笆遺毎笆・   笆・4.0 GB/4.9 GB  9.4 MB/s   1m38s[K[A[1Gpulling manifest [K
pulling 667b0c1932bc:  81% 笆補毎笆遺毎笆遺毎笆遺毎笆遺毎笆遺毎笆遺毎笆・   笆・4.0 GB/4.9 GB  9.4 MB/s   1m37s[K[A[1Gpulling manifest [K
pulling 667b0c1932bc:  81% 笆補毎笆遺毎笆遺毎笆遺毎笆遺毎笆遺毎笆遺毎笆・   笆・4.0 GB/4.9 GB  9.4 MB/s   1m37s[K[A[1Gpulling manifest [K
pulling 667b0c1932bc:  81% 笆補毎笆遺毎笆遺毎笆遺毎笆遺毎笆遺毎笆遺毎笆・   笆・4.0 GB/4.9 GB  9.4 MB/s   1m37s[K[A[1Gpulling manifest [K
pulling 667b0c1932bc:  81% 笆補毎笆遺毎笆遺毎笆遺毎笆遺毎笆遺毎笆遺毎笆・   笆・4.0 GB/4.9 GB  9.4 MB/s   1m37s[K[A[1Gpulling manifest [K
pulling 667b0c1932bc:  81% 笆補毎笆遺毎笆遺毎笆遺毎笆遺毎笆遺毎笆遺毎笆・   笆・4.0 GB/4.9 GB  9.4 MB/s   1m37s[K[A[1Gpulling manifest [K
pulling 667b0c1932bc:  81% 笆補毎笆遺毎笆遺毎笆遺毎笆遺毎笆遺毎笆遺毎笆・   笆・4.0 GB/4.9 GB  9.4 MB/s   1m36s[K[A[1Gpulling manifest [K
pulling 667b0c1932bc:  81% 笆補毎笆遺毎笆遺毎笆遺毎笆遺毎笆遺毎笆遺毎笆・   笆・4.0 GB/4.9 GB  9.4 MB/s   1m36s[K[A[1Gpulling manifest [K
pulling 667b0c1932bc:  82% 笆補毎笆遺毎笆遺毎笆遺毎笆遺毎笆遺毎笆遺毎笆・   笆・4.0 GB/4.9 GB  9.4 MB/s   1m36s[K[A[1Gpulling manifest [K
pulling 667b0c1932bc:  82% 笆補毎笆遺毎笆遺毎笆遺毎笆遺毎笆遺毎笆遺毎笆・   笆・4.0 GB/4.9 GB  9.4 MB/s   1m36s[K[A[1Gpulling manifest [K
pulling 667b0c1932bc:  82% 笆補毎笆遺毎笆遺毎笆遺毎笆遺毎笆遺毎笆遺毎笆・   笆・4.0 GB/4.9 GB  9.4 MB/s   1m36s[K[A[1Gpulling manifest [K
pulling 667b0c1932bc:  82% 笆補毎笆遺毎笆遺毎笆遺毎笆遺毎笆遺毎笆遺毎笆・   笆・4.0 GB/4.9 GB  9.4 MB/s   1m36s[K[A[1Gpulling manifest [K
pulling 667b0c1932bc:  82% 笆補毎笆遺毎笆遺毎笆遺毎笆遺毎笆遺毎笆遺毎笆・   笆・4.0 GB/4.9 GB  9.4 MB/s   1m36s[K[A[1Gpulling manifest [K
pulling 667b0c1932bc:  82% 笆補毎笆遺毎笆遺毎笆遺毎笆遺毎笆遺毎笆遺毎笆・   笆・4.0 GB/4.9 GB  9.4 MB/s   1m36s[K[A[1Gpulling manifest [K
pulling 667b0c1932bc:  82% 笆補毎笆遺毎笆遺毎笆遺毎笆遺毎笆遺毎笆遺毎笆・   笆・4.0 GB/4.9 GB  9.4 MB/s   1m36s[K[A[1Gpulling manifest [K
pulling 667b0c1932bc:  82% 笆補毎笆遺毎笆遺毎笆遺毎笆遺毎笆遺毎笆遺毎笆・   笆・4.0 GB/4.9 GB  9.4 MB/s   1m36s[K[A[1Gpulling manifest [K
pulling 667b0c1932bc:  82% 笆補毎笆遺毎笆遺毎笆遺毎笆遺毎笆遺毎笆遺毎笆・   笆・4.0 GB/4.9 GB  9.2 MB/s   1m38s[K[A[1Gpulling manifest [K
pulling 667b0c1932bc:  82% 笆補毎笆遺毎笆遺毎笆遺毎笆遺毎笆遺毎笆遺毎笆・   笆・4.0 GB/4.9 GB  9.2 MB/s   1m37s[K[A[1Gpulling manifest [K
pulling 667b0c1932bc:  82% 笆補毎笆遺毎笆遺毎笆遺毎笆遺毎笆遺毎笆遺毎笆・   笆・4.0 GB/4.9 GB  9.2 MB/s   1m37s[K[A[1Gpulling manifest [K
pulling 667b0c1932bc:  82% 笆補毎笆遺毎笆遺毎笆遺毎笆遺毎笆遺毎笆遺毎笆・   笆・4.0 GB/4.9 GB  9.2 MB/s   1m37s[K[A[1Gpulling manifest [K
pulling 667b0c1932bc:  82% 笆補毎笆遺毎笆遺毎笆遺毎笆遺毎笆遺毎笆遺毎笆・   笆・4.0 GB/4.9 GB  9.2 MB/s   1m37s[K[A[1Gpulling manifest [K
pulling 667b0c1932bc:  82% 笆補毎笆遺毎笆遺毎笆遺毎笆遺毎笆遺毎笆遺毎笆・   笆・4.0 GB/4.9 GB  9.2 MB/s   1m37s[K[A[1Gpulling manifest [K
pulling 667b0c1932bc:  82% 笆補毎笆遺毎笆遺毎笆遺毎笆遺毎笆遺毎笆遺毎笆・   笆・4.0 GB/4.9 GB  9.2 MB/s   1m37s[K[A[1Gpulling manifest [K
pulling 667b0c1932bc:  82% 笆補毎笆遺毎笆遺毎笆遺毎笆遺毎笆遺毎笆遺毎笆・   笆・4.0 GB/4.9 GB  9.2 MB/s   1m37s[K[A[1Gpulling manifest [K
pulling 667b0c1932bc:  82% 笆補毎笆遺毎笆遺毎笆遺毎笆遺毎笆遺毎笆遺毎笆・   笆・4.0 GB/4.9 GB  9.2 MB/s   1m37s[K[A[1Gpulling manifest [K
pulling 667b0c1932bc:  82% 笆補毎笆遺毎笆遺毎笆遺毎笆遺毎笆遺毎笆遺毎笆・   笆・4.0 GB/4.9 GB  9.2 MB/s   1m37s[K[A[1Gpulling manifest [K
pulling 667b0c1932bc:  82% 笆補毎笆遺毎笆遺毎笆遺毎笆遺毎笆遺毎笆遺毎笆・   笆・4.0 GB/4.9 GB  9.4 MB/s   1m35s[K[A[1Gpulling manifest [K
pulling 667b0c1932bc:  82% 笆補毎笆遺毎笆遺毎笆遺毎笆遺毎笆遺毎笆遺毎笆・   笆・4.0 GB/4.9 GB  9.4 MB/s   1m35s[K[A[1Gpulling manifest [K
pulling 667b0c1932bc:  82% 笆補毎笆遺毎笆遺毎笆遺毎笆遺毎笆遺毎笆遺毎笆・   笆・4.0 GB/4.9 GB  9.4 MB/s   1m34s[K[A[1Gpulling manifest [K
pulling 667b0c1932bc:  82% 笆補毎笆遺毎笆遺毎笆遺毎笆遺毎笆遺毎笆遺毎笆・   笆・4.0 GB/4.9 GB  9.4 MB/s   1m34s[K[A[1Gpulling manifest [K
pulling 667b0c1932bc:  82% 笆補毎笆遺毎笆遺毎笆遺毎笆遺毎笆遺毎笆遺毎笆・   笆・4.0 GB/4.9 GB  9.4 MB/s   1m34s[K[A[1Gpulling manifest [K
pulling 667b0c1932bc:  82% 笆補毎笆遺毎笆遺毎笆遺毎笆遺毎笆遺毎笆遺毎笆・   笆・4.0 GB/4.9 GB  9.4 MB/s   1m34s[K[A[1Gpulling manifest [K
pulling 667b0c1932bc:  82% 笆補毎笆遺毎笆遺毎笆遺毎笆遺毎笆遺毎笆遺毎笆・   笆・4.0 GB/4.9 GB  9.4 MB/s   1m34s[K[A[1Gpulling manifest [K
pulling 667b0c1932bc:  82% 笆補毎笆遺毎笆遺毎笆遺毎笆遺毎笆遺毎笆遺毎笆・   笆・4.0 GB/4.9 GB  9.4 MB/s   1m34s[K[A[1Gpulling manifest [K
pulling 667b0c1932bc:  82% 笆補毎笆遺毎笆遺毎笆遺毎笆遺毎笆遺毎笆遺毎笆・   笆・4.0 GB/4.9 GB  9.4 MB/s   1m34s[K[A[1Gpulling manifest [K
pulling 667b0c1932bc:  82% 笆補毎笆遺毎笆遺毎笆遺毎笆遺毎笆遺毎笆遺毎笆・   笆・4.0 GB/4.9 GB  9.4 MB/s   1m34s[K[A[1Gpulling manifest [K
pulling 667b0c1932bc:  82% 笆補毎笆遺毎笆遺毎笆遺毎笆遺毎笆遺毎笆遺毎笆・   笆・4.0 GB/4.9 GB  9.3 MB/s   1m35s[K[A[1Gpulling manifest [K
pulling 667b0c1932bc:  82% 笆補毎笆遺毎笆遺毎笆遺毎笆遺毎笆遺毎笆遺毎笆・   笆・4.0 GB/4.9 GB  9.3 MB/s   1m35s[K[A[1Gpulling manifest [K
pulling 667b0c1932bc:  82% 笆補毎笆遺毎笆遺毎笆遺毎笆遺毎笆遺毎笆遺毎笆・   笆・4.0 GB/4.9 GB  9.3 MB/s   1m35s[K[A[1Gpulling manifest [K
pulling 667b0c1932bc:  82% 笆補毎笆遺毎笆遺毎笆遺毎笆遺毎笆遺毎笆遺毎笆・   笆・4.0 GB/4.9 GB  9.3 MB/s   1m34s[K[A[1Gpulling manifest [K
pulling 667b0c1932bc:  82% 笆補毎笆遺毎笆遺毎笆遺毎笆遺毎笆遺毎笆遺毎笆・   笆・4.0 GB/4.9 GB  9.3 MB/s   1m34s[K[A[1Gpulling manifest [K
pulling 667b0c1932bc:  82% 笆補毎笆遺毎笆遺毎笆遺毎笆遺毎笆遺毎笆遺毎笆・   笆・4.0 GB/4.9 GB  9.3 MB/s   1m34s[K[A[1Gpulling manifest [K
pulling 667b0c1932bc:  82% 笆補毎笆遺毎笆遺毎笆遺毎笆遺毎笆遺毎笆遺毎笆・   笆・4.0 GB/4.9 GB  9.3 MB/s   1m34s[K[A[1Gpulling manifest [K
pulling 667b0c1932bc:  82% 笆補毎笆遺毎笆遺毎笆遺毎笆遺毎笆遺毎笆遺毎笆・   笆・4.0 GB/4.9 GB  9.3 MB/s   1m34s[K[A[1Gpulling manifest [K
pulling 667b0c1932bc:  82% 笆補毎笆遺毎笆遺毎笆遺毎笆遺毎笆遺毎笆遺毎笆・   笆・4.0 GB/4.9 GB  9.3 MB/s   1m34s[K[A[1Gpulling manifest [K
pulling 667b0c1932bc:  82% 笆補毎笆遺毎笆遺毎笆遺毎笆遺毎笆遺毎笆遺毎笆・   笆・4.0 GB/4.9 GB  9.3 MB/s   1m34s[K[A[1Gpulling manifest [K
pulling 667b0c1932bc:  82% 笆補毎笆遺毎笆遺毎笆遺毎笆遺毎笆遺毎笆遺毎笆・   笆・4.0 GB/4.9 GB  9.4 MB/s   1m33s[K[A[1Gpulling manifest [K
pulling 667b0c1932bc:  82% 笆補毎笆遺毎笆遺毎笆遺毎笆遺毎笆遺毎笆遺毎笆・   笆・4.0 GB/4.9 GB  9.4 MB/s   1m33s[K[A[1Gpulling manifest [K
pulling 667b0c1932bc:  82% 笆補毎笆遺毎笆遺毎笆遺毎笆遺毎笆遺毎笆遺毎笆・   笆・4.0 GB/4.9 GB  9.4 MB/s   1m33s[K[A[1Gpulling manifest [K
pulling 667b0c1932bc:  82% 笆補毎笆遺毎笆遺毎笆遺毎笆遺毎笆遺毎笆遺毎笆・   笆・4.0 GB/4.9 GB  9.4 MB/s   1m33s[K[A[1Gpulling manifest [K
pulling 667b0c1932bc:  82% 笆補毎笆遺毎笆遺毎笆遺毎笆遺毎笆遺毎笆遺毎笆・   笆・4.0 GB/4.9 GB  9.4 MB/s   1m33s[K[A[1Gpulling manifest [K
pulling 667b0c1932bc:  82% 笆補毎笆遺毎笆遺毎笆遺毎笆遺毎笆遺毎笆遺毎笆・   笆・4.0 GB/4.9 GB  9.4 MB/s   1m33s[K[A[1Gpulling manifest [K
pulling 667b0c1932bc:  82% 笆補毎笆遺毎笆遺毎笆遺毎笆遺毎笆遺毎笆遺毎笆・   笆・4.0 GB/4.9 GB  9.4 MB/s   1m32s[K[A[1Gpulling manifest [K
pulling 667b0c1932bc:  82% 笆補毎笆遺毎笆遺毎笆遺毎笆遺毎笆遺毎笆遺毎笆・   笆・4.0 GB/4.9 GB  9.4 MB/s   1m32s[K[A[1Gpulling manifest [K
pulling 667b0c1932bc:  82% 笆補毎笆遺毎笆遺毎笆遺毎笆遺毎笆遺毎笆遺毎笆・   笆・4.1 GB/4.9 GB  9.4 MB/s   1m32s[K[A[1Gpulling manifest [K
pulling 667b0c1932bc:  82% 笆補毎笆遺毎笆遺毎笆遺毎笆遺毎笆遺毎笆遺毎笆・   笆・4.1 GB/4.9 GB  9.4 MB/s   1m32s[K[A[1Gpulling manifest [K
pulling 667b0c1932bc:  82% 笆補毎笆遺毎笆遺毎笆遺毎笆遺毎笆遺毎笆遺毎笆・   笆・4.1 GB/4.9 GB  9.4 MB/s   1m32s[K[A[1Gpulling manifest [K
pulling 667b0c1932bc:  82% 笆補毎笆遺毎笆遺毎笆遺毎笆遺毎笆遺毎笆遺毎笆・   笆・4.1 GB/4.9 GB  9.5 MB/s   1m31s[K[A[1Gpulling manifest [K
pulling 667b0c1932bc:  82% 笆補毎笆遺毎笆遺毎笆遺毎笆遺毎笆遺毎笆遺毎笆・   笆・4.1 GB/4.9 GB  9.5 MB/s   1m31s[K[A[1Gpulling manifest [K
pulling 667b0c1932bc:  82% 笆補毎笆遺毎笆遺毎笆遺毎笆遺毎笆遺毎笆遺毎笆・   笆・4.1 GB/4.9 GB  9.5 MB/s   1m31s[K[A[1Gpulling manifest [K
pulling 667b0c1932bc:  82% 笆補毎笆遺毎笆遺毎笆遺毎笆遺毎笆遺毎笆遺毎笆・   笆・4.1 GB/4.9 GB  9.5 MB/s   1m30s[K[A[1Gpulling manifest [K
pulling 667b0c1932bc:  82% 笆補毎笆遺毎笆遺毎笆遺毎笆遺毎笆遺毎笆遺毎笆・   笆・4.1 GB/4.9 GB  9.5 MB/s   1m30s[K[A[1Gpulling manifest [K
pulling 667b0c1932bc:  82% 笆補毎笆遺毎笆遺毎笆遺毎笆遺毎笆遺毎笆遺毎笆・   笆・4.1 GB/4.9 GB  9.5 MB/s   1m30s[K[A[1Gpulling manifest [K
pulling 667b0c1932bc:  82% 笆補毎笆遺毎笆遺毎笆遺毎笆遺毎笆遺毎笆遺毎笆・   笆・4.1 GB/4.9 GB  9.5 MB/s   1m30s[K[A[1Gpulling manifest [K
pulling 667b0c1932bc:  83% 笆補毎笆遺毎笆遺毎笆遺毎笆遺毎笆遺毎笆遺毎笆・   笆・4.1 GB/4.9 GB  9.5 MB/s   1m30s[K[A[1Gpulling manifest [K
pulling 667b0c1932bc:  83% 笆補毎笆遺毎笆遺毎笆遺毎笆遺毎笆遺毎笆遺毎笆・   笆・4.1 GB/4.9 GB  9.5 MB/s   1m30s[K[A[1Gpulling manifest [K
pulling 667b0c1932bc:  83% 笆補毎笆遺毎笆遺毎笆遺毎笆遺毎笆遺毎笆遺毎笆・   笆・4.1 GB/4.9 GB  9.5 MB/s   1m30s[K[A[1Gpulling manifest [K
pulling 667b0c1932bc:  83% 笆補毎笆遺毎笆遺毎笆遺毎笆遺毎笆遺毎笆遺毎笆・   笆・4.1 GB/4.9 GB  9.3 MB/s   1m31s[K[A[1Gpulling manifest [K
pulling 667b0c1932bc:  83% 笆補毎笆遺毎笆遺毎笆遺毎笆遺毎笆遺毎笆遺毎笆・   笆・4.1 GB/4.9 GB  9.3 MB/s   1m31s[K[A[1Gpulling manifest [K
pulling 667b0c1932bc:  83% 笆補毎笆遺毎笆遺毎笆遺毎笆遺毎笆遺毎笆遺毎笆・   笆・4.1 GB/4.9 GB  9.3 MB/s   1m31s[K[A[1Gpulling manifest [K
pulling 667b0c1932bc:  83% 笆補毎笆遺毎笆遺毎笆遺毎笆遺毎笆遺毎笆遺毎笆・   笆・4.1 GB/4.9 GB  9.3 MB/s   1m31s[K[A[1Gpulling manifest [K
pulling 667b0c1932bc:  83% 笆補毎笆遺毎笆遺毎笆遺毎笆遺毎笆遺毎笆遺毎笆・   笆・4.1 GB/4.9 GB  9.3 MB/s   1m31s[K[A[1Gpulling manifest [K
pulling 667b0c1932bc:  83% 笆補毎笆遺毎笆遺毎笆遺毎笆遺毎笆遺毎笆遺毎笆・   笆・4.1 GB/4.9 GB  9.3 MB/s   1m31s[K[A[1Gpulling manifest [K
pulling 667b0c1932bc:  83% 笆補毎笆遺毎笆遺毎笆遺毎笆遺毎笆遺毎笆遺毎笆・   笆・4.1 GB/4.9 GB  9.3 MB/s   1m31s[K[A[1Gpulling manifest [K
pulling 667b0c1932bc:  83% 笆補毎笆遺毎笆遺毎笆遺毎笆遺毎笆遺毎笆遺毎笆・   笆・4.1 GB/4.9 GB  9.3 MB/s   1m31s[K[A[1Gpulling manifest [K
pulling 667b0c1932bc:  83% 笆補毎笆遺毎笆遺毎笆遺毎笆遺毎笆遺毎笆遺毎笆・   笆・4.1 GB/4.9 GB  9.3 MB/s   1m31s[K[A[1Gpulling manifest [K
pulling 667b0c1932bc:  83% 笆補毎笆遺毎笆遺毎笆遺毎笆遺毎笆遺毎笆遺毎笆・   笆・4.1 GB/4.9 GB  9.3 MB/s   1m30s[K[A[1Gpulling manifest [K
pulling 667b0c1932bc:  83% 笆補毎笆遺毎笆遺毎笆遺毎笆遺毎笆遺毎笆遺毎笆・   笆・4.1 GB/4.9 GB  9.2 MB/s   1m32s[K[A[1Gpulling manifest [K
pulling 667b0c1932bc:  83% 笆補毎笆遺毎笆遺毎笆遺毎笆遺毎笆遺毎笆遺毎笆・   笆・4.1 GB/4.9 GB  9.2 MB/s   1m32s[K[A[1Gpulling manifest [K
pulling 667b0c1932bc:  83% 笆補毎笆遺毎笆遺毎笆遺毎笆遺毎笆遺毎笆遺毎笆・   笆・4.1 GB/4.9 GB  9.2 MB/s   1m31s[K[A[1Gpulling manifest [K
pulling 667b0c1932bc:  83% 笆補毎笆遺毎笆遺毎笆遺毎笆遺毎笆遺毎笆遺毎笆・   笆・4.1 GB/4.9 GB  9.2 MB/s   1m31s[K[A[1Gpulling manifest [K
pulling 667b0c1932bc:  83% 笆補毎笆遺毎笆遺毎笆遺毎笆遺毎笆遺毎笆遺毎笆・   笆・4.1 GB/4.9 GB  9.2 MB/s   1m31s[K[A[1Gpulling manifest [K
pulling 667b0c1932bc:  83% 笆補毎笆遺毎笆遺毎笆遺毎笆遺毎笆遺毎笆遺毎笆・   笆・4.1 GB/4.9 GB  9.2 MB/s   1m31s[K[A[1Gpulling manifest [K
pulling 667b0c1932bc:  83% 笆補毎笆遺毎笆遺毎笆遺毎笆遺毎笆遺毎笆遺毎笆・   笆・4.1 GB/4.9 GB  9.2 MB/s   1m31s[K[A[1Gpulling manifest [K
pulling 667b0c1932bc:  83% 笆補毎笆遺毎笆遺毎笆遺毎笆遺毎笆遺毎笆遺毎笆・   笆・4.1 GB/4.9 GB  9.2 MB/s   1m31s[K[A[1Gpulling manifest [K
pulling 667b0c1932bc:  83% 笆補毎笆遺毎笆遺毎笆遺毎笆遺毎笆遺毎笆遺毎笆・   笆・4.1 GB/4.9 GB  9.2 MB/s   1m31s[K[A[1Gpulling manifest [K
pulling 667b0c1932bc:  83% 笆補毎笆遺毎笆遺毎笆遺毎笆遺毎笆遺毎笆遺毎笆・   笆・4.1 GB/4.9 GB  9.2 MB/s   1m31s[K[A[1Gpulling manifest [K
pulling 667b0c1932bc:  83% 笆補毎笆遺毎笆遺毎笆遺毎笆遺毎笆遺毎笆遺毎笆・   笆・4.1 GB/4.9 GB  9.2 MB/s   1m31s[K[A[1Gpulling manifest [K
pulling 667b0c1932bc:  83% 笆補毎笆遺毎笆遺毎笆遺毎笆遺毎笆遺毎笆遺毎笆・   笆・4.1 GB/4.9 GB  9.2 MB/s   1m31s[K[A[1Gpulling manifest [K
pulling 667b0c1932bc:  83% 笆補毎笆遺毎笆遺毎笆遺毎笆遺毎笆遺毎笆遺毎笆・   笆・4.1 GB/4.9 GB  9.2 MB/s   1m31s[K[A[1Gpulling manifest [K
pulling 667b0c1932bc:  83% 笆補毎笆遺毎笆遺毎笆遺毎笆遺毎笆遺毎笆遺毎笆・   笆・4.1 GB/4.9 GB  9.2 MB/s   1m31s[K[A[1Gpulling manifest [K
pulling 667b0c1932bc:  83% 笆補毎笆遺毎笆遺毎笆遺毎笆遺毎笆遺毎笆遺毎笆・   笆・4.1 GB/4.9 GB  9.2 MB/s   1m30s[K[A[1Gpulling manifest [K
pulling 667b0c1932bc:  83% 笆補毎笆遺毎笆遺毎笆遺毎笆遺毎笆遺毎笆遺毎笆・   笆・4.1 GB/4.9 GB  9.2 MB/s   1m30s[K[A[1Gpulling manifest [K
pulling 667b0c1932bc:  83% 笆補毎笆遺毎笆遺毎笆遺毎笆遺毎笆遺毎笆遺毎笆・   笆・4.1 GB/4.9 GB  9.2 MB/s   1m30s[K[A[1Gpulling manifest [K
pulling 667b0c1932bc:  83% 笆補毎笆遺毎笆遺毎笆遺毎笆遺毎笆遺毎笆遺毎笆・   笆・4.1 GB/4.9 GB  9.2 MB/s   1m30s[K[A[1Gpulling manifest [K
pulling 667b0c1932bc:  83% 笆補毎笆遺毎笆遺毎笆遺毎笆遺毎笆遺毎笆遺毎笆・   笆・4.1 GB/4.9 GB  9.2 MB/s   1m30s[K[A[1Gpulling manifest [K
pulling 667b0c1932bc:  83% 笆補毎笆遺毎笆遺毎笆遺毎笆遺毎笆遺毎笆遺毎笆・   笆・4.1 GB/4.9 GB  9.2 MB/s   1m30s[K[A[1Gpulling manifest [K
pulling 667b0c1932bc:  83% 笆補毎笆遺毎笆遺毎笆遺毎笆遺毎笆遺毎笆遺毎笆・   笆・4.1 GB/4.9 GB  9.2 MB/s   1m30s[K[A[1Gpulling manifest [K
pulling 667b0c1932bc:  83% 笆補毎笆遺毎笆遺毎笆遺毎笆遺毎笆遺毎笆遺毎笆・   笆・4.1 GB/4.9 GB  9.2 MB/s   1m30s[K[A[1Gpulling manifest [K
pulling 667b0c1932bc:  83% 笆補毎笆遺毎笆遺毎笆遺毎笆遺毎笆遺毎笆遺毎笆・   笆・4.1 GB/4.9 GB  9.2 MB/s   1m30s[K[A[1Gpulling manifest [K
pulling 667b0c1932bc:  83% 笆補毎笆遺毎笆遺毎笆遺毎笆遺毎笆遺毎笆遺毎笆・   笆・4.1 GB/4.9 GB  9.2 MB/s   1m30s[K[A[1Gpulling manifest [K
pulling 667b0c1932bc:  83% 笆補毎笆遺毎笆遺毎笆遺毎笆遺毎笆遺毎笆遺毎笆・   笆・4.1 GB/4.9 GB  9.2 MB/s   1m30s[K[A[1Gpulling manifest [K
pulling 667b0c1932bc:  83% 笆補毎笆遺毎笆遺毎笆遺毎笆遺毎笆遺毎笆遺毎笆・   笆・4.1 GB/4.9 GB  9.2 MB/s   1m30s[K[A[1Gpulling manifest [K
pulling 667b0c1932bc:  83% 笆補毎笆遺毎笆遺毎笆遺毎笆遺毎笆遺毎笆遺毎笆・   笆・4.1 GB/4.9 GB  9.2 MB/s   1m30s[K[A[1Gpulling manifest [K
pulling 667b0c1932bc:  83% 笆補毎笆遺毎笆遺毎笆遺毎笆遺毎笆遺毎笆遺毎笆・   笆・4.1 GB/4.9 GB  9.2 MB/s   1m30s[K[A[1Gpulling manifest [K
pulling 667b0c1932bc:  83% 笆補毎笆遺毎笆遺毎笆遺毎笆遺毎笆遺毎笆遺毎笆・   笆・4.1 GB/4.9 GB  9.2 MB/s   1m29s[K[A[1Gpulling manifest [K
pulling 667b0c1932bc:  83% 笆補毎笆遺毎笆遺毎笆遺毎笆遺毎笆遺毎笆遺毎笆・   笆・4.1 GB/4.9 GB  9.2 MB/s   1m29s[K[A[1Gpulling manifest [K
pulling 667b0c1932bc:  83% 笆補毎笆遺毎笆遺毎笆遺毎笆遺毎笆遺毎笆遺毎笆・   笆・4.1 GB/4.9 GB  9.2 MB/s   1m29s[K[A[1Gpulling manifest [K
pulling 667b0c1932bc:  83% 笆補毎笆遺毎笆遺毎笆遺毎笆遺毎笆遺毎笆遺毎笆・   笆・4.1 GB/4.9 GB  9.1 MB/s   1m30s[K[A[1Gpulling manifest [K
pulling 667b0c1932bc:  83% 笆補毎笆遺毎笆遺毎笆遺毎笆遺毎笆遺毎笆遺毎笆遺毎   笆・4.1 GB/4.9 GB  9.1 MB/s   1m30s[K[A[1Gpulling manifest [K
pulling 667b0c1932bc:  83% 笆補毎笆遺毎笆遺毎笆遺毎笆遺毎笆遺毎笆遺毎笆遺毎   笆・4.1 GB/4.9 GB  9.1 MB/s   1m29s[K[A[1Gpulling manifest [K
pulling 667b0c1932bc:  83% 笆補毎笆遺毎笆遺毎笆遺毎笆遺毎笆遺毎笆遺毎笆遺毎   笆・4.1 GB/4.9 GB  9.1 MB/s   1m29s[K[A[1Gpulling manifest [K
pulling 667b0c1932bc:  83% 笆補毎笆遺毎笆遺毎笆遺毎笆遺毎笆遺毎笆遺毎笆遺毎   笆・4.1 GB/4.9 GB  9.1 MB/s   1m29s[K[A[1Gpulling manifest [K
pulling 667b0c1932bc:  83% 笆補毎笆遺毎笆遺毎笆遺毎笆遺毎笆遺毎笆遺毎笆遺毎   笆・4.1 GB/4.9 GB  9.1 MB/s   1m29s[K[A[1Gpulling manifest [K
pulling 667b0c1932bc:  83% 笆補毎笆遺毎笆遺毎笆遺毎笆遺毎笆遺毎笆遺毎笆遺毎   笆・4.1 GB/4.9 GB  9.1 MB/s   1m29s[K[A[1Gpulling manifest [K
pulling 667b0c1932bc:  83% 笆補毎笆遺毎笆遺毎笆遺毎笆遺毎笆遺毎笆遺毎笆遺毎   笆・4.1 GB/4.9 GB  9.1 MB/s   1m29s[K[A[1Gpulling manifest [K
pulling 667b0c1932bc:  83% 笆補毎笆遺毎笆遺毎笆遺毎笆遺毎笆遺毎笆遺毎笆遺毎   笆・4.1 GB/4.9 GB  9.1 MB/s   1m29s[K[A[1Gpulling manifest [K
pulling 667b0c1932bc:  84% 笆補毎笆遺毎笆遺毎笆遺毎笆遺毎笆遺毎笆遺毎笆遺毎   笆・4.1 GB/4.9 GB  9.1 MB/s   1m29s[K[A[1Gpulling manifest [K
pulling 667b0c1932bc:  84% 笆補毎笆遺毎笆遺毎笆遺毎笆遺毎笆遺毎笆遺毎笆遺毎   笆・4.1 GB/4.9 GB  9.2 MB/s   1m27s[K[A[1Gpulling manifest [K
pulling 667b0c1932bc:  84% 笆補毎笆遺毎笆遺毎笆遺毎笆遺毎笆遺毎笆遺毎笆遺毎   笆・4.1 GB/4.9 GB  9.2 MB/s   1m27s[K[A[1Gpulling manifest [K
pulling 667b0c1932bc:  84% 笆補毎笆遺毎笆遺毎笆遺毎笆遺毎笆遺毎笆遺毎笆遺毎   笆・4.1 GB/4.9 GB  9.2 MB/s   1m27s[K[A[1Gpulling manifest [K
pulling 667b0c1932bc:  84% 笆補毎笆遺毎笆遺毎笆遺毎笆遺毎笆遺毎笆遺毎笆遺毎   笆・4.1 GB/4.9 GB  9.2 MB/s   1m27s[K[A[1Gpulling manifest [K
pulling 667b0c1932bc:  84% 笆補毎笆遺毎笆遺毎笆遺毎笆遺毎笆遺毎笆遺毎笆遺毎   笆・4.1 GB/4.9 GB  9.2 MB/s   1m27s[K[A[1Gpulling manifest [K
pulling 667b0c1932bc:  84% 笆補毎笆遺毎笆遺毎笆遺毎笆遺毎笆遺毎笆遺毎笆遺毎   笆・4.1 GB/4.9 GB  9.2 MB/s   1m27s[K[A[1Gpulling manifest [K
pulling 667b0c1932bc:  84% 笆補毎笆遺毎笆遺毎笆遺毎笆遺毎笆遺毎笆遺毎笆遺毎   笆・4.1 GB/4.9 GB  9.2 MB/s   1m27s[K[A[1Gpulling manifest [K
pulling 667b0c1932bc:  84% 笆補毎笆遺毎笆遺毎笆遺毎笆遺毎笆遺毎笆遺毎笆遺毎   笆・4.1 GB/4.9 GB  9.2 MB/s   1m26s[K[A[1Gpulling manifest [K
pulling 667b0c1932bc:  84% 笆補毎笆遺毎笆遺毎笆遺毎笆遺毎笆遺毎笆遺毎笆遺毎   笆・4.1 GB/4.9 GB  9.2 MB/s   1m26s[K[A[1Gpulling manifest [K
pulling 667b0c1932bc:  84% 笆補毎笆遺毎笆遺毎笆遺毎笆遺毎笆遺毎笆遺毎笆遺毎   笆・4.1 GB/4.9 GB  9.2 MB/s   1m26s[K[A[1Gpulling manifest [K
pulling 667b0c1932bc:  84% 笆補毎笆遺毎笆遺毎笆遺毎笆遺毎笆遺毎笆遺毎笆遺毎   笆・4.1 GB/4.9 GB  9.4 MB/s   1m24s[K[A[1Gpulling manifest [K
pulling 667b0c1932bc:  84% 笆補毎笆遺毎笆遺毎笆遺毎笆遺毎笆遺毎笆遺毎笆遺毎   笆・4.1 GB/4.9 GB  9.4 MB/s   1m24s[K[A[1Gpulling manifest [K
pulling 667b0c1932bc:  84% 笆補毎笆遺毎笆遺毎笆遺毎笆遺毎笆遺毎笆遺毎笆遺毎   笆・4.1 GB/4.9 GB  9.4 MB/s   1m24s[K[A[1Gpulling manifest [K
pulling 667b0c1932bc:  84% 笆補毎笆遺毎笆遺毎笆遺毎笆遺毎笆遺毎笆遺毎笆遺毎   笆・4.1 GB/4.9 GB  9.4 MB/s   1m24s[K[A[1Gpulling manifest [K
pulling 667b0c1932bc:  84% 笆補毎笆遺毎笆遺毎笆遺毎笆遺毎笆遺毎笆遺毎笆遺毎   笆・4.1 GB/4.9 GB  9.4 MB/s   1m24s[K[A[1Gpulling manifest [K
pulling 667b0c1932bc:  84% 笆補毎笆遺毎笆遺毎笆遺毎笆遺毎笆遺毎笆遺毎笆遺毎   笆・4.1 GB/4.9 GB  9.4 MB/s   1m24s[K[A[1Gpulling manifest [K
pulling 667b0c1932bc:  84% 笆補毎笆遺毎笆遺毎笆遺毎笆遺毎笆遺毎笆遺毎笆遺毎   笆・4.1 GB/4.9 GB  9.4 MB/s   1m24s[K[A[1Gpulling manifest [K
pulling 667b0c1932bc:  84% 笆補毎笆遺毎笆遺毎笆遺毎笆遺毎笆遺毎笆遺毎笆遺毎   笆・4.1 GB/4.9 GB  9.4 MB/s   1m24s[K[A[1Gpulling manifest [K
pulling 667b0c1932bc:  84% 笆補毎笆遺毎笆遺毎笆遺毎笆遺毎笆遺毎笆遺毎笆遺毎   笆・4.1 GB/4.9 GB  9.4 MB/s   1m24s[K[A[1Gpulling manifest [K
pulling 667b0c1932bc:  84% 笆補毎笆遺毎笆遺毎笆遺毎笆遺毎笆遺毎笆遺毎笆遺毎   笆・4.1 GB/4.9 GB  9.4 MB/s   1m24s[K[A[1Gpulling manifest [K
pulling 667b0c1932bc:  84% 笆補毎笆遺毎笆遺毎笆遺毎笆遺毎笆遺毎笆遺毎笆遺毎   笆・4.1 GB/4.9 GB  9.2 MB/s   1m25s[K[A[1Gpulling manifest [K
pulling 667b0c1932bc:  84% 笆補毎笆遺毎笆遺毎笆遺毎笆遺毎笆遺毎笆遺毎笆遺毎   笆・4.1 GB/4.9 GB  9.2 MB/s   1m25s[K[A[1Gpulling manifest [K
pulling 667b0c1932bc:  84% 笆補毎笆遺毎笆遺毎笆遺毎笆遺毎笆遺毎笆遺毎笆遺毎   笆・4.1 GB/4.9 GB  9.2 MB/s   1m25s[K[A[1Gpulling manifest [K
pulling 667b0c1932bc:  84% 笆補毎笆遺毎笆遺毎笆遺毎笆遺毎笆遺毎笆遺毎笆遺毎   笆・4.1 GB/4.9 GB  9.2 MB/s   1m25s[K[A[1Gpulling manifest [K
pulling 667b0c1932bc:  84% 笆補毎笆遺毎笆遺毎笆遺毎笆遺毎笆遺毎笆遺毎笆遺毎   笆・4.1 GB/4.9 GB  9.2 MB/s   1m25s[K[A[1Gpulling manifest [K
pulling 667b0c1932bc:  84% 笆補毎笆遺毎笆遺毎笆遺毎笆遺毎笆遺毎笆遺毎笆遺毎   笆・4.1 GB/4.9 GB  9.2 MB/s   1m25s[K[A[1Gpulling manifest [K
pulling 667b0c1932bc:  84% 笆補毎笆遺毎笆遺毎笆遺毎笆遺毎笆遺毎笆遺毎笆遺毎   笆・4.1 GB/4.9 GB  9.2 MB/s   1m25s[K[A[1Gpulling manifest [K
pulling 667b0c1932bc:  84% 笆補毎笆遺毎笆遺毎笆遺毎笆遺毎笆遺毎笆遺毎笆遺毎   笆・4.1 GB/4.9 GB  9.2 MB/s   1m25s[K[A[1Gpulling manifest [K
pulling 667b0c1932bc:  84% 笆補毎笆遺毎笆遺毎笆遺毎笆遺毎笆遺毎笆遺毎笆遺毎   笆・4.1 GB/4.9 GB  9.2 MB/s   1m25s[K[A[1Gpulling manifest [K
pulling 667b0c1932bc:  84% 笆補毎笆遺毎笆遺毎笆遺毎笆遺毎笆遺毎笆遺毎笆遺毎   笆・4.1 GB/4.9 GB  9.2 MB/s   1m24s[K[A[1Gpulling manifest [K
pulling 667b0c1932bc:  84% 笆補毎笆遺毎笆遺毎笆遺毎笆遺毎笆遺毎笆遺毎笆遺毎   笆・4.1 GB/4.9 GB  9.2 MB/s   1m25s[K[A[1Gpulling manifest [K
pulling 667b0c1932bc:  84% 笆補毎笆遺毎笆遺毎笆遺毎笆遺毎笆遺毎笆遺毎笆遺毎   笆・4.1 GB/4.9 GB  9.2 MB/s   1m25s[K[A[1Gpulling manifest [K
pulling 667b0c1932bc:  84% 笆補毎笆遺毎笆遺毎笆遺毎笆遺毎笆遺毎笆遺毎笆遺毎   笆・4.1 GB/4.9 GB  9.2 MB/s   1m25s[K[A[1Gpulling manifest [K
pulling 667b0c1932bc:  84% 笆補毎笆遺毎笆遺毎笆遺毎笆遺毎笆遺毎笆遺毎笆遺毎   笆・4.1 GB/4.9 GB  9.2 MB/s   1m25s[K[A[1Gpulling manifest [K
pulling 667b0c1932bc:  84% 笆補毎笆遺毎笆遺毎笆遺毎笆遺毎笆遺毎笆遺毎笆遺毎   笆・4.1 GB/4.9 GB  9.2 MB/s   1m25s[K[A[1Gpulling manifest [K
pulling 667b0c1932bc:  84% 笆補毎笆遺毎笆遺毎笆遺毎笆遺毎笆遺毎笆遺毎笆遺毎   笆・4.1 GB/4.9 GB  9.2 MB/s   1m25s[K[A[1Gpulling manifest [K
pulling 667b0c1932bc:  84% 笆補毎笆遺毎笆遺毎笆遺毎笆遺毎笆遺毎笆遺毎笆遺毎   笆・4.1 GB/4.9 GB  9.2 MB/s   1m24s[K[A[1Gpulling manifest [K
pulling 667b0c1932bc:  84% 笆補毎笆遺毎笆遺毎笆遺毎笆遺毎笆遺毎笆遺毎笆遺毎   笆・4.1 GB/4.9 GB  9.2 MB/s   1m24s[K[A[1Gpulling manifest [K
pulling 667b0c1932bc:  84% 笆補毎笆遺毎笆遺毎笆遺毎笆遺毎笆遺毎笆遺毎笆遺毎   笆・4.1 GB/4.9 GB  9.2 MB/s   1m24s[K[A[1Gpulling manifest [K
pulling 667b0c1932bc:  84% 笆補毎笆遺毎笆遺毎笆遺毎笆遺毎笆遺毎笆遺毎笆遺毎   笆・4.1 GB/4.9 GB  9.2 MB/s   1m24s[K[A[1Gpulling manifest [K
pulling 667b0c1932bc:  84% 笆補毎笆遺毎笆遺毎笆遺毎笆遺毎笆遺毎笆遺毎笆遺毎   笆・4.1 GB/4.9 GB  9.2 MB/s   1m24s[K[A[1Gpulling manifest [K
pulling 667b0c1932bc:  84% 笆補毎笆遺毎笆遺毎笆遺毎笆遺毎笆遺毎笆遺毎笆遺毎   笆・4.1 GB/4.9 GB  9.3 MB/s   1m23s[K[A[1Gpulling manifest [K
pulling 667b0c1932bc:  84% 笆補毎笆遺毎笆遺毎笆遺毎笆遺毎笆遺毎笆遺毎笆遺毎   笆・4.1 GB/4.9 GB  9.3 MB/s   1m22s[K[A[1Gpulling manifest [K
pulling 667b0c1932bc:  84% 笆補毎笆遺毎笆遺毎笆遺毎笆遺毎笆遺毎笆遺毎笆遺毎   笆・4.1 GB/4.9 GB  9.3 MB/s   1m22s[K[A[1Gpulling manifest [K
pulling 667b0c1932bc:  84% 笆補毎笆遺毎笆遺毎笆遺毎笆遺毎笆遺毎笆遺毎笆遺毎   笆・4.1 GB/4.9 GB  9.3 MB/s   1m22s[K[A[1Gpulling manifest [K
pulling 667b0c1932bc:  84% 笆補毎笆遺毎笆遺毎笆遺毎笆遺毎笆遺毎笆遺毎笆遺毎   笆・4.2 GB/4.9 GB  9.3 MB/s   1m22s[K[A[1Gpulling manifest [K
pulling 667b0c1932bc:  84% 笆補毎笆遺毎笆遺毎笆遺毎笆遺毎笆遺毎笆遺毎笆遺毎   笆・4.2 GB/4.9 GB  9.3 MB/s   1m22s[K[A[1Gpulling manifest [K
pulling 667b0c1932bc:  84% 笆補毎笆遺毎笆遺毎笆遺毎笆遺毎笆遺毎笆遺毎笆遺毎   笆・4.2 GB/4.9 GB  9.3 MB/s   1m22s[K[A[1Gpulling manifest [K
pulling 667b0c1932bc:  84% 笆補毎笆遺毎笆遺毎笆遺毎笆遺毎笆遺毎笆遺毎笆遺毎   笆・4.2 GB/4.9 GB  9.3 MB/s   1m22s[K[A[1Gpulling manifest [K
pulling 667b0c1932bc:  84% 笆補毎笆遺毎笆遺毎笆遺毎笆遺毎笆遺毎笆遺毎笆遺毎   笆・4.2 GB/4.9 GB  9.3 MB/s   1m22s[K[A[1Gpulling manifest [K
pulling 667b0c1932bc:  84% 笆補毎笆遺毎笆遺毎笆遺毎笆遺毎笆遺毎笆遺毎笆遺毎   笆・4.2 GB/4.9 GB  9.3 MB/s   1m22s[K[A[1Gpulling manifest [K
pulling 667b0c1932bc:  84% 笆補毎笆遺毎笆遺毎笆遺毎笆遺毎笆遺毎笆遺毎笆遺毎   笆・4.2 GB/4.9 GB  9.3 MB/s   1m22s[K[A[1Gpulling manifest [K
pulling 667b0c1932bc:  84% 笆補毎笆遺毎笆遺毎笆遺毎笆遺毎笆遺毎笆遺毎笆遺毎   笆・4.2 GB/4.9 GB  9.3 MB/s   1m21s[K[A[1Gpulling manifest [K
pulling 667b0c1932bc:  85% 笆補毎笆遺毎笆遺毎笆遺毎笆遺毎笆遺毎笆遺毎笆遺毎   笆・4.2 GB/4.9 GB  9.3 MB/s   1m21s[K[A[1Gpulling manifest [K
pulling 667b0c1932bc:  85% 笆補毎笆遺毎笆遺毎笆遺毎笆遺毎笆遺毎笆遺毎笆遺毎   笆・4.2 GB/4.9 GB  9.3 MB/s   1m21s[K[A[1Gpulling manifest [K
pulling 667b0c1932bc:  85% 笆補毎笆遺毎笆遺毎笆遺毎笆遺毎笆遺毎笆遺毎笆遺毎   笆・4.2 GB/4.9 GB  9.3 MB/s   1m21s[K[A[1Gpulling manifest [K
pulling 667b0c1932bc:  85% 笆補毎笆遺毎笆遺毎笆遺毎笆遺毎笆遺毎笆遺毎笆遺毎   笆・4.2 GB/4.9 GB  9.3 MB/s   1m21s[K[A[1Gpulling manifest [K
pulling 667b0c1932bc:  85% 笆補毎笆遺毎笆遺毎笆遺毎笆遺毎笆遺毎笆遺毎笆遺毎   笆・4.2 GB/4.9 GB  9.3 MB/s   1m21s[K[A[1Gpulling manifest [K
pulling 667b0c1932bc:  85% 笆補毎笆遺毎笆遺毎笆遺毎笆遺毎笆遺毎笆遺毎笆遺毎   笆・4.2 GB/4.9 GB  9.3 MB/s   1m21s[K[A[1Gpulling manifest [K
pulling 667b0c1932bc:  85% 笆補毎笆遺毎笆遺毎笆遺毎笆遺毎笆遺毎笆遺毎笆遺毎   笆・4.2 GB/4.9 GB  9.3 MB/s   1m21s[K[A[1Gpulling manifest [K
pulling 667b0c1932bc:  85% 笆補毎笆遺毎笆遺毎笆遺毎笆遺毎笆遺毎笆遺毎笆遺毎   笆・4.2 GB/4.9 GB  9.3 MB/s   1m21s[K[A[1Gpulling manifest [K
pulling 667b0c1932bc:  85% 笆補毎笆遺毎笆遺毎笆遺毎笆遺毎笆遺毎笆遺毎笆遺毎   笆・4.2 GB/4.9 GB  9.4 MB/s   1m20s[K[A[1Gpulling manifest [K
pulling 667b0c1932bc:  85% 笆補毎笆遺毎笆遺毎笆遺毎笆遺毎笆遺毎笆遺毎笆遺毎   笆・4.2 GB/4.9 GB  9.4 MB/s   1m20s[K[A[1Gpulling manifest [K
pulling 667b0c1932bc:  85% 笆補毎笆遺毎笆遺毎笆遺毎笆遺毎笆遺毎笆遺毎笆遺毎   笆・4.2 GB/4.9 GB  9.4 MB/s   1m20s[K[A[1Gpulling manifest [K
pulling 667b0c1932bc:  85% 笆補毎笆遺毎笆遺毎笆遺毎笆遺毎笆遺毎笆遺毎笆遺毎   笆・4.2 GB/4.9 GB  9.4 MB/s   1m20s[K[A[1Gpulling manifest [K
pulling 667b0c1932bc:  85% 笆補毎笆遺毎笆遺毎笆遺毎笆遺毎笆遺毎笆遺毎笆遺毎   笆・4.2 GB/4.9 GB  9.4 MB/s   1m20s[K[A[1Gpulling manifest [K
pulling 667b0c1932bc:  85% 笆補毎笆遺毎笆遺毎笆遺毎笆遺毎笆遺毎笆遺毎笆遺毎   笆・4.2 GB/4.9 GB  9.4 MB/s   1m19s[K[A[1Gpulling manifest [K
pulling 667b0c1932bc:  85% 笆補毎笆遺毎笆遺毎笆遺毎笆遺毎笆遺毎笆遺毎笆遺毎   笆・4.2 GB/4.9 GB  9.4 MB/s   1m19s[K[A[1Gpulling manifest [K
pulling 667b0c1932bc:  85% 笆補毎笆遺毎笆遺毎笆遺毎笆遺毎笆遺毎笆遺毎笆遺毎   笆・4.2 GB/4.9 GB  9.4 MB/s   1m19s[K[A[1Gpulling manifest [K
pulling 667b0c1932bc:  85% 笆補毎笆遺毎笆遺毎笆遺毎笆遺毎笆遺毎笆遺毎笆遺毎   笆・4.2 GB/4.9 GB  9.4 MB/s   1m19s[K[A[1Gpulling manifest [K
pulling 667b0c1932bc:  85% 笆補毎笆遺毎笆遺毎笆遺毎笆遺毎笆遺毎笆遺毎笆遺毎   笆・4.2 GB/4.9 GB  9.4 MB/s   1m19s[K[A[1Gpulling manifest [K
pulling 667b0c1932bc:  85% 笆補毎笆遺毎笆遺毎笆遺毎笆遺毎笆遺毎笆遺毎笆遺毎   笆・4.2 GB/4.9 GB  9.4 MB/s   1m19s[K[A[1Gpulling manifest [K
pulling 667b0c1932bc:  85% 笆補毎笆遺毎笆遺毎笆遺毎笆遺毎笆遺毎笆遺毎笆遺毎   笆・4.2 GB/4.9 GB  9.4 MB/s   1m19s[K[A[1Gpulling manifest [K
pulling 667b0c1932bc:  85% 笆補毎笆遺毎笆遺毎笆遺毎笆遺毎笆遺毎笆遺毎笆遺毎   笆・4.2 GB/4.9 GB  9.4 MB/s   1m19s[K[A[1Gpulling manifest [K
pulling 667b0c1932bc:  85% 笆補毎笆遺毎笆遺毎笆遺毎笆遺毎笆遺毎笆遺毎笆遺毎   笆・4.2 GB/4.9 GB  9.4 MB/s   1m19s[K[A[1Gpulling manifest [K
pulling 667b0c1932bc:  85% 笆補毎笆遺毎笆遺毎笆遺毎笆遺毎笆遺毎笆遺毎笆遺毎   笆・4.2 GB/4.9 GB  9.4 MB/s   1m19s[K[A[1Gpulling manifest [K
pulling 667b0c1932bc:  85% 笆補毎笆遺毎笆遺毎笆遺毎笆遺毎笆遺毎笆遺毎笆遺毎   笆・4.2 GB/4.9 GB  9.4 MB/s   1m19s[K[A[1Gpulling manifest [K
pulling 667b0c1932bc:  85% 笆補毎笆遺毎笆遺毎笆遺毎笆遺毎笆遺毎笆遺毎笆遺毎   笆・4.2 GB/4.9 GB  9.4 MB/s   1m19s[K[A[1Gpulling manifest [K
pulling 667b0c1932bc:  85% 笆補毎笆遺毎笆遺毎笆遺毎笆遺毎笆遺毎笆遺毎笆遺毎   笆・4.2 GB/4.9 GB  9.4 MB/s   1m19s[K[A[1Gpulling manifest [K
pulling 667b0c1932bc:  85% 笆補毎笆遺毎笆遺毎笆遺毎笆遺毎笆遺毎笆遺毎笆遺毎   笆・4.2 GB/4.9 GB  9.4 MB/s   1m18s[K[A[1Gpulling manifest [K
pulling 667b0c1932bc:  85% 笆補毎笆遺毎笆遺毎笆遺毎笆遺毎笆遺毎笆遺毎笆遺毎   笆・4.2 GB/4.9 GB  9.4 MB/s   1m18s[K[A[1Gpulling manifest [K
pulling 667b0c1932bc:  85% 笆補毎笆遺毎笆遺毎笆遺毎笆遺毎笆遺毎笆遺毎笆遺毎   笆・4.2 GB/4.9 GB  9.5 MB/s   1m17s[K[A[1Gpulling manifest [K
pulling 667b0c1932bc:  85% 笆補毎笆遺毎笆遺毎笆遺毎笆遺毎笆遺毎笆遺毎笆遺毎   笆・4.2 GB/4.9 GB  9.5 MB/s   1m17s[K[A[1Gpulling manifest [K
pulling 667b0c1932bc:  85% 笆補毎笆遺毎笆遺毎笆遺毎笆遺毎笆遺毎笆遺毎笆遺毎   笆・4.2 GB/4.9 GB  9.5 MB/s   1m17s[K[A[1Gpulling manifest [K
pulling 667b0c1932bc:  85% 笆補毎笆遺毎笆遺毎笆遺毎笆遺毎笆遺毎笆遺毎笆遺毎   笆・4.2 GB/4.9 GB  9.5 MB/s   1m17s[K[A[1Gpulling manifest [K
pulling 667b0c1932bc:  85% 笆補毎笆遺毎笆遺毎笆遺毎笆遺毎笆遺毎笆遺毎笆遺毎   笆・4.2 GB/4.9 GB  9.5 MB/s   1m17s[K[A[1Gpulling manifest [K
pulling 667b0c1932bc:  85% 笆補毎笆遺毎笆遺毎笆遺毎笆遺毎笆遺毎笆遺毎笆遺毎   笆・4.2 GB/4.9 GB  9.5 MB/s   1m17s[K[A[1Gpulling manifest [K
pulling 667b0c1932bc:  85% 笆補毎笆遺毎笆遺毎笆遺毎笆遺毎笆遺毎笆遺毎笆遺毎   笆・4.2 GB/4.9 GB  9.5 MB/s   1m16s[K[A[1Gpulling manifest [K
pulling 667b0c1932bc:  85% 笆補毎笆遺毎笆遺毎笆遺毎笆遺毎笆遺毎笆遺毎笆遺毎   笆・4.2 GB/4.9 GB  9.5 MB/s   1m16s[K[A[1Gpulling manifest [K
pulling 667b0c1932bc:  85% 笆補毎笆遺毎笆遺毎笆遺毎笆遺毎笆遺毎笆遺毎笆遺毎   笆・4.2 GB/4.9 GB  9.5 MB/s   1m16s[K[A[1Gpulling manifest [K
pulling 667b0c1932bc:  85% 笆補毎笆遺毎笆遺毎笆遺毎笆遺毎笆遺毎笆遺毎笆遺毎   笆・4.2 GB/4.9 GB  9.5 MB/s   1m16s[K[A[1Gpulling manifest [K
pulling 667b0c1932bc:  85% 笆補毎笆遺毎笆遺毎笆遺毎笆遺毎笆遺毎笆遺毎笆遺毎   笆・4.2 GB/4.9 GB  9.5 MB/s   1m16s[K[A[1Gpulling manifest [K
pulling 667b0c1932bc:  85% 笆補毎笆遺毎笆遺毎笆遺毎笆遺毎笆遺毎笆遺毎笆遺毎   笆・4.2 GB/4.9 GB  9.4 MB/s   1m17s[K[A[1Gpulling manifest [K
pulling 667b0c1932bc:  85% 笆補毎笆遺毎笆遺毎笆遺毎笆遺毎笆遺毎笆遺毎笆遺毎   笆・4.2 GB/4.9 GB  9.4 MB/s   1m17s[K[A[1Gpulling manifest [K
pulling 667b0c1932bc:  85% 笆補毎笆遺毎笆遺毎笆遺毎笆遺毎笆遺毎笆遺毎笆遺毎   笆・4.2 GB/4.9 GB  9.4 MB/s   1m17s[K[A[1Gpulling manifest [K
pulling 667b0c1932bc:  85% 笆補毎笆遺毎笆遺毎笆遺毎笆遺毎笆遺毎笆遺毎笆遺毎   笆・4.2 GB/4.9 GB  9.4 MB/s   1m17s[K[A[1Gpulling manifest [K
pulling 667b0c1932bc:  85% 笆補毎笆遺毎笆遺毎笆遺毎笆遺毎笆遺毎笆遺毎笆遺毎   笆・4.2 GB/4.9 GB  9.4 MB/s   1m17s[K[A[1Gpulling manifest [K
pulling 667b0c1932bc:  85% 笆補毎笆遺毎笆遺毎笆遺毎笆遺毎笆遺毎笆遺毎笆遺毎   笆・4.2 GB/4.9 GB  9.4 MB/s   1m17s[K[A[1Gpulling manifest [K
pulling 667b0c1932bc:  85% 笆補毎笆遺毎笆遺毎笆遺毎笆遺毎笆遺毎笆遺毎笆遺毎   笆・4.2 GB/4.9 GB  9.4 MB/s   1m16s[K[A[1Gpulling manifest [K
pulling 667b0c1932bc:  85% 笆補毎笆遺毎笆遺毎笆遺毎笆遺毎笆遺毎笆遺毎笆遺毎   笆・4.2 GB/4.9 GB  9.4 MB/s   1m16s[K[A[1Gpulling manifest [K
pulling 667b0c1932bc:  85% 笆補毎笆遺毎笆遺毎笆遺毎笆遺毎笆遺毎笆遺毎笆遺毎   笆・4.2 GB/4.9 GB  9.4 MB/s   1m16s[K[A[1Gpulling manifest [K
pulling 667b0c1932bc:  85% 笆補毎笆遺毎笆遺毎笆遺毎笆遺毎笆遺毎笆遺毎笆遺毎   笆・4.2 GB/4.9 GB  9.4 MB/s   1m16s[K[A[1Gpulling manifest [K
pulling 667b0c1932bc:  85% 笆補毎笆遺毎笆遺毎笆遺毎笆遺毎笆遺毎笆遺毎笆遺毎   笆・4.2 GB/4.9 GB  9.3 MB/s   1m16s[K[A[1Gpulling manifest [K
pulling 667b0c1932bc:  85% 笆補毎笆遺毎笆遺毎笆遺毎笆遺毎笆遺毎笆遺毎笆遺毎   笆・4.2 GB/4.9 GB  9.3 MB/s   1m16s[K[A[1Gpulling manifest [K
pulling 667b0c1932bc:  85% 笆補毎笆遺毎笆遺毎笆遺毎笆遺毎笆遺毎笆遺毎笆遺毎   笆・4.2 GB/4.9 GB  9.3 MB/s   1m16s[K[A[1Gpulling manifest [K
pulling 667b0c1932bc:  85% 笆補毎笆遺毎笆遺毎笆遺毎笆遺毎笆遺毎笆遺毎笆遺毎   笆・4.2 GB/4.9 GB  9.3 MB/s   1m16s[K[A[1Gpulling manifest [K
pulling 667b0c1932bc:  86% 笆補毎笆遺毎笆遺毎笆遺毎笆遺毎笆遺毎笆遺毎笆遺毎   笆・4.2 GB/4.9 GB  9.3 MB/s   1m16s[K[A[1Gpulling manifest [K
pulling 667b0c1932bc:  86% 笆補毎笆遺毎笆遺毎笆遺毎笆遺毎笆遺毎笆遺毎笆遺毎   笆・4.2 GB/4.9 GB  9.3 MB/s   1m16s[K[A[1Gpulling manifest [K
pulling 667b0c1932bc:  86% 笆補毎笆遺毎笆遺毎笆遺毎笆遺毎笆遺毎笆遺毎笆遺毎   笆・4.2 GB/4.9 GB  9.3 MB/s   1m16s[K[A[1Gpulling manifest [K
pulling 667b0c1932bc:  86% 笆補毎笆遺毎笆遺毎笆遺毎笆遺毎笆遺毎笆遺毎笆遺毎   笆・4.2 GB/4.9 GB  9.3 MB/s   1m16s[K[A[1Gpulling manifest [K
pulling 667b0c1932bc:  86% 笆補毎笆遺毎笆遺毎笆遺毎笆遺毎笆遺毎笆遺毎笆遺毎   笆・4.2 GB/4.9 GB  9.3 MB/s   1m16s[K[A[1Gpulling manifest [K
pulling 667b0c1932bc:  86% 笆補毎笆遺毎笆遺毎笆遺毎笆遺毎笆遺毎笆遺毎笆遺毎   笆・4.2 GB/4.9 GB  9.3 MB/s   1m15s[K[A[1Gpulling manifest [K
pulling 667b0c1932bc:  86% 笆補毎笆遺毎笆遺毎笆遺毎笆遺毎笆遺毎笆遺毎笆遺毎   笆・4.2 GB/4.9 GB  9.6 MB/s   1m13s[K[A[1Gpulling manifest [K
pulling 667b0c1932bc:  86% 笆補毎笆遺毎笆遺毎笆遺毎笆遺毎笆遺毎笆遺毎笆遺毎   笆・4.2 GB/4.9 GB  9.6 MB/s   1m13s[K[A[1Gpulling manifest [K
pulling 667b0c1932bc:  86% 笆補毎笆遺毎笆遺毎笆遺毎笆遺毎笆遺毎笆遺毎笆遺毎   笆・4.2 GB/4.9 GB  9.6 MB/s   1m13s[K[A[1Gpulling manifest [K
pulling 667b0c1932bc:  86% 笆補毎笆遺毎笆遺毎笆遺毎笆遺毎笆遺毎笆遺毎笆遺毎   笆・4.2 GB/4.9 GB  9.6 MB/s   1m13s[K[A[1Gpulling manifest [K
pulling 667b0c1932bc:  86% 笆補毎笆遺毎笆遺毎笆遺毎笆遺毎笆遺毎笆遺毎笆遺毎   笆・4.2 GB/4.9 GB  9.6 MB/s   1m13s[K[A[1Gpulling manifest [K
pulling 667b0c1932bc:  86% 笆補毎笆遺毎笆遺毎笆遺毎笆遺毎笆遺毎笆遺毎笆遺毎   笆・4.2 GB/4.9 GB  9.6 MB/s   1m13s[K[A[1Gpulling manifest [K
pulling 667b0c1932bc:  86% 笆補毎笆遺毎笆遺毎笆遺毎笆遺毎笆遺毎笆遺毎笆遺毎   笆・4.2 GB/4.9 GB  9.6 MB/s   1m13s[K[A[1Gpulling manifest [K
pulling 667b0c1932bc:  86% 笆補毎笆遺毎笆遺毎笆遺毎笆遺毎笆遺毎笆遺毎笆遺毎   笆・4.2 GB/4.9 GB  9.6 MB/s   1m13s[K[A[1Gpulling manifest [K
pulling 667b0c1932bc:  86% 笆補毎笆遺毎笆遺毎笆遺毎笆遺毎笆遺毎笆遺毎笆遺毎   笆・4.2 GB/4.9 GB  9.6 MB/s   1m13s[K[A[1Gpulling manifest [K
pulling 667b0c1932bc:  86% 笆補毎笆遺毎笆遺毎笆遺毎笆遺毎笆遺毎笆遺毎笆遺毎   笆・4.2 GB/4.9 GB  9.6 MB/s   1m13s[K[A[1Gpulling manifest [K
pulling 667b0c1932bc:  86% 笆補毎笆遺毎笆遺毎笆遺毎笆遺毎笆遺毎笆遺毎笆遺毎   笆・4.2 GB/4.9 GB  9.5 MB/s   1m13s[K[A[1Gpulling manifest [K
pulling 667b0c1932bc:  86% 笆補毎笆遺毎笆遺毎笆遺毎笆遺毎笆遺毎笆遺毎笆遺毎   笆・4.2 GB/4.9 GB  9.5 MB/s   1m13s[K[A[1Gpulling manifest [K
pulling 667b0c1932bc:  86% 笆補毎笆遺毎笆遺毎笆遺毎笆遺毎笆遺毎笆遺毎笆遺毎   笆・4.2 GB/4.9 GB  9.5 MB/s   1m13s[K[A[1Gpulling manifest [K
pulling 667b0c1932bc:  86% 笆補毎笆遺毎笆遺毎笆遺毎笆遺毎笆遺毎笆遺毎笆遺毎   笆・4.2 GB/4.9 GB  9.5 MB/s   1m13s[K[A[1Gpulling manifest [K
pulling 667b0c1932bc:  86% 笆補毎笆遺毎笆遺毎笆遺毎笆遺毎笆遺毎笆遺毎笆遺毎   笆・4.2 GB/4.9 GB  9.5 MB/s   1m13s[K[A[1Gpulling manifest [K
pulling 667b0c1932bc:  86% 笆補毎笆遺毎笆遺毎笆遺毎笆遺毎笆遺毎笆遺毎笆遺毎   笆・4.2 GB/4.9 GB  9.5 MB/s   1m13s[K[A[1Gpulling manifest [K
pulling 667b0c1932bc:  86% 笆補毎笆遺毎笆遺毎笆遺毎笆遺毎笆遺毎笆遺毎笆遺毎   笆・4.2 GB/4.9 GB  9.5 MB/s   1m13s[K[A[1Gpulling manifest [K
pulling 667b0c1932bc:  86% 笆補毎笆遺毎笆遺毎笆遺毎笆遺毎笆遺毎笆遺毎笆遺毎   笆・4.2 GB/4.9 GB  9.5 MB/s   1m13s[K[A[1Gpulling manifest [K
pulling 667b0c1932bc:  86% 笆補毎笆遺毎笆遺毎笆遺毎笆遺毎笆遺毎笆遺毎笆遺毎   笆・4.2 GB/4.9 GB  9.5 MB/s   1m12s[K[A[1Gpulling manifest [K
pulling 667b0c1932bc:  86% 笆補毎笆遺毎笆遺毎笆遺毎笆遺毎笆遺毎笆遺毎笆遺毎   笆・4.2 GB/4.9 GB  9.5 MB/s   1m12s[K[A[1Gpulling manifest [K
pulling 667b0c1932bc:  86% 笆補毎笆遺毎笆遺毎笆遺毎笆遺毎笆遺毎笆遺毎笆遺毎   笆・4.2 GB/4.9 GB  9.4 MB/s   1m13s[K[A[1Gpulling manifest [K
pulling 667b0c1932bc:  86% 笆補毎笆遺毎笆遺毎笆遺毎笆遺毎笆遺毎笆遺毎笆遺毎   笆・4.2 GB/4.9 GB  9.4 MB/s   1m13s[K[A[1Gpulling manifest [K
pulling 667b0c1932bc:  86% 笆補毎笆遺毎笆遺毎笆遺毎笆遺毎笆遺毎笆遺毎笆遺毎   笆・4.2 GB/4.9 GB  9.4 MB/s   1m13s[K[A[1Gpulling manifest [K
pulling 667b0c1932bc:  86% 笆補毎笆遺毎笆遺毎笆遺毎笆遺毎笆遺毎笆遺毎笆遺毎   笆・4.2 GB/4.9 GB  9.4 MB/s   1m12s[K[A[1Gpulling manifest [K
pulling 667b0c1932bc:  86% 笆補毎笆遺毎笆遺毎笆遺毎笆遺毎笆遺毎笆遺毎笆遺毎   笆・4.2 GB/4.9 GB  9.4 MB/s   1m12s[K[A[1Gpulling manifest [K
pulling 667b0c1932bc:  86% 笆補毎笆遺毎笆遺毎笆遺毎笆遺毎笆遺毎笆遺毎笆遺毎   笆・4.2 GB/4.9 GB  9.4 MB/s   1m12s[K[A[1Gpulling manifest [K
pulling 667b0c1932bc:  86% 笆補毎笆遺毎笆遺毎笆遺毎笆遺毎笆遺毎笆遺毎笆遺毎   笆・4.2 GB/4.9 GB  9.4 MB/s   1m12s[K[A[1Gpulling manifest [K
pulling 667b0c1932bc:  86% 笆補毎笆遺毎笆遺毎笆遺毎笆遺毎笆遺毎笆遺毎笆遺毎   笆・4.2 GB/4.9 GB  9.4 MB/s   1m12s[K[A[1Gpulling manifest [K
pulling 667b0c1932bc:  86% 笆補毎笆遺毎笆遺毎笆遺毎笆遺毎笆遺毎笆遺毎笆遺毎   笆・4.2 GB/4.9 GB  9.4 MB/s   1m12s[K[A[1Gpulling manifest [K
pulling 667b0c1932bc:  86% 笆補毎笆遺毎笆遺毎笆遺毎笆遺毎笆遺毎笆遺毎笆遺毎   笆・4.2 GB/4.9 GB  9.4 MB/s   1m12s[K[A[1Gpulling manifest [K
pulling 667b0c1932bc:  86% 笆補毎笆遺毎笆遺毎笆遺毎笆遺毎笆遺毎笆遺毎笆遺毎   笆・4.2 GB/4.9 GB  9.4 MB/s   1m12s[K[A[1Gpulling manifest [K
pulling 667b0c1932bc:  86% 笆補毎笆遺毎笆遺毎笆遺毎笆遺毎笆遺毎笆遺毎笆遺毎   笆・4.2 GB/4.9 GB  9.4 MB/s   1m12s[K[A[1Gpulling manifest [K
pulling 667b0c1932bc:  86% 笆補毎笆遺毎笆遺毎笆遺毎笆遺毎笆遺毎笆遺毎笆遺毎   笆・4.2 GB/4.9 GB  9.4 MB/s   1m12s[K[A[1Gpulling manifest [K
pulling 667b0c1932bc:  86% 笆補毎笆遺毎笆遺毎笆遺毎笆遺毎笆遺毎笆遺毎笆遺毎   笆・4.2 GB/4.9 GB  9.4 MB/s   1m12s[K[A[1Gpulling manifest [K
pulling 667b0c1932bc:  86% 笆補毎笆遺毎笆遺毎笆遺毎笆遺毎笆遺毎笆遺毎笆遺毎   笆・4.2 GB/4.9 GB  9.4 MB/s   1m11s[K[A[1Gpulling manifest [K
pulling 667b0c1932bc:  86% 笆補毎笆遺毎笆遺毎笆遺毎笆遺毎笆遺毎笆遺毎笆遺毎   笆・4.2 GB/4.9 GB  9.4 MB/s   1m11s[K[A[1Gpulling manifest [K
pulling 667b0c1932bc:  86% 笆補毎笆遺毎笆遺毎笆遺毎笆遺毎笆遺毎笆遺毎笆遺毎   笆・4.2 GB/4.9 GB  9.4 MB/s   1m11s[K[A[1Gpulling manifest [K
pulling 667b0c1932bc:  86% 笆補毎笆遺毎笆遺毎笆遺毎笆遺毎笆遺毎笆遺毎笆遺毎   笆・4.2 GB/4.9 GB  9.4 MB/s   1m11s[K[A[1Gpulling manifest [K
pulling 667b0c1932bc:  86% 笆補毎笆遺毎笆遺毎笆遺毎笆遺毎笆遺毎笆遺毎笆遺毎   笆・4.2 GB/4.9 GB  9.4 MB/s   1m11s[K[A[1Gpulling manifest [K
pulling 667b0c1932bc:  86% 笆補毎笆遺毎笆遺毎笆遺毎笆遺毎笆遺毎笆遺毎笆遺毎   笆・4.2 GB/4.9 GB  9.4 MB/s   1m11s[K[A[1Gpulling manifest [K
pulling 667b0c1932bc:  86% 笆補毎笆遺毎笆遺毎笆遺毎笆遺毎笆遺毎笆遺毎笆遺毎   笆・4.3 GB/4.9 GB  9.4 MB/s   1m11s[K[A[1Gpulling manifest [K
pulling 667b0c1932bc:  86% 笆補毎笆遺毎笆遺毎笆遺毎笆遺毎笆遺毎笆遺毎笆遺毎   笆・4.3 GB/4.9 GB  9.4 MB/s   1m10s[K[A[1Gpulling manifest [K
pulling 667b0c1932bc:  86% 笆補毎笆遺毎笆遺毎笆遺毎笆遺毎笆遺毎笆遺毎笆遺毎   笆・4.3 GB/4.9 GB  9.4 MB/s   1m10s[K[A[1Gpulling manifest [K
pulling 667b0c1932bc:  86% 笆補毎笆遺毎笆遺毎笆遺毎笆遺毎笆遺毎笆遺毎笆遺毎   笆・4.3 GB/4.9 GB  9.4 MB/s   1m10s[K[A[1Gpulling manifest [K
pulling 667b0c1932bc:  86% 笆補毎笆遺毎笆遺毎笆遺毎笆遺毎笆遺毎笆遺毎笆遺毎   笆・4.3 GB/4.9 GB  9.4 MB/s   1m10s[K[A[1Gpulling manifest [K
pulling 667b0c1932bc:  86% 笆補毎笆遺毎笆遺毎笆遺毎笆遺毎笆遺毎笆遺毎笆遺毎   笆・4.3 GB/4.9 GB  9.4 MB/s   1m10s[K[A[1Gpulling manifest [K
pulling 667b0c1932bc:  87% 笆補毎笆遺毎笆遺毎笆遺毎笆遺毎笆遺毎笆遺毎笆遺毎   笆・4.3 GB/4.9 GB  9.4 MB/s   1m10s[K[A[1Gpulling manifest [K
pulling 667b0c1932bc:  87% 笆補毎笆遺毎笆遺毎笆遺毎笆遺毎笆遺毎笆遺毎笆遺毎   笆・4.3 GB/4.9 GB  9.4 MB/s   1m10s[K[A[1Gpulling manifest [K
pulling 667b0c1932bc:  87% 笆補毎笆遺毎笆遺毎笆遺毎笆遺毎笆遺毎笆遺毎笆遺毎   笆・4.3 GB/4.9 GB  9.4 MB/s   1m10s[K[A[1Gpulling manifest [K
pulling 667b0c1932bc:  87% 笆補毎笆遺毎笆遺毎笆遺毎笆遺毎笆遺毎笆遺毎笆遺毎   笆・4.3 GB/4.9 GB  9.4 MB/s   1m10s[K[A[1Gpulling manifest [K
pulling 667b0c1932bc:  87% 笆補毎笆遺毎笆遺毎笆遺毎笆遺毎笆遺毎笆遺毎笆遺毎   笆・4.3 GB/4.9 GB  9.4 MB/s   1m10s[K[A[1Gpulling manifest [K
pulling 667b0c1932bc:  87% 笆補毎笆遺毎笆遺毎笆遺毎笆遺毎笆遺毎笆遺毎笆遺毎   笆・4.3 GB/4.9 GB  9.5 MB/s    1m9s[K[A[1Gpulling manifest [K
pulling 667b0c1932bc:  87% 笆補毎笆遺毎笆遺毎笆遺毎笆遺毎笆遺毎笆遺毎笆遺毎   笆・4.3 GB/4.9 GB  9.5 MB/s    1m9s[K[A[1Gpulling manifest [K
pulling 667b0c1932bc:  87% 笆補毎笆遺毎笆遺毎笆遺毎笆遺毎笆遺毎笆遺毎笆遺毎   笆・4.3 GB/4.9 GB  9.5 MB/s    1m9s[K[A[1Gpulling manifest [K
pulling 667b0c1932bc:  87% 笆補毎笆遺毎笆遺毎笆遺毎笆遺毎笆遺毎笆遺毎笆遺毎   笆・4.3 GB/4.9 GB  9.5 MB/s    1m9s[K[A[1Gpulling manifest [K
pulling 667b0c1932bc:  87% 笆補毎笆遺毎笆遺毎笆遺毎笆遺毎笆遺毎笆遺毎笆遺毎   笆・4.3 GB/4.9 GB  9.5 MB/s    1m9s[K[A[1Gpulling manifest [K
pulling 667b0c1932bc:  87% 笆補毎笆遺毎笆遺毎笆遺毎笆遺毎笆遺毎笆遺毎笆遺毎   笆・4.3 GB/4.9 GB  9.5 MB/s    1m9s[K[A[1Gpulling manifest [K
pulling 667b0c1932bc:  87% 笆補毎笆遺毎笆遺毎笆遺毎笆遺毎笆遺毎笆遺毎笆遺毎   笆・4.3 GB/4.9 GB  9.5 MB/s    1m9s[K[A[1Gpulling manifest [K
pulling 667b0c1932bc:  87% 笆補毎笆遺毎笆遺毎笆遺毎笆遺毎笆遺毎笆遺毎笆遺毎   笆・4.3 GB/4.9 GB  9.5 MB/s    1m9s[K[A[1Gpulling manifest [K
pulling 667b0c1932bc:  87% 笆補毎笆遺毎笆遺毎笆遺毎笆遺毎笆遺毎笆遺毎笆遺毎   笆・4.3 GB/4.9 GB  9.5 MB/s    1m8s[K[A[1Gpulling manifest [K
pulling 667b0c1932bc:  87% 笆補毎笆遺毎笆遺毎笆遺毎笆遺毎笆遺毎笆遺毎笆遺毎   笆・4.3 GB/4.9 GB  9.5 MB/s    1m8s[K[A[1Gpulling manifest [K
pulling 667b0c1932bc:  87% 笆補毎笆遺毎笆遺毎笆遺毎笆遺毎笆遺毎笆遺毎笆遺毎   笆・4.3 GB/4.9 GB  9.6 MB/s    1m7s[K[A[1Gpulling manifest [K
pulling 667b0c1932bc:  87% 笆補毎笆遺毎笆遺毎笆遺毎笆遺毎笆遺毎笆遺毎笆遺毎   笆・4.3 GB/4.9 GB  9.6 MB/s    1m7s[K[A[1Gpulling manifest [K
pulling 667b0c1932bc:  87% 笆補毎笆遺毎笆遺毎笆遺毎笆遺毎笆遺毎笆遺毎笆遺毎   笆・4.3 GB/4.9 GB  9.6 MB/s    1m7s[K[A[1Gpulling manifest [K
pulling 667b0c1932bc:  87% 笆補毎笆遺毎笆遺毎笆遺毎笆遺毎笆遺毎笆遺毎笆遺毎   笆・4.3 GB/4.9 GB  9.6 MB/s    1m7s[K[A[1Gpulling manifest [K
pulling 667b0c1932bc:  87% 笆補毎笆遺毎笆遺毎笆遺毎笆遺毎笆遺毎笆遺毎笆遺毎   笆・4.3 GB/4.9 GB  9.6 MB/s    1m7s[K[A[1Gpulling manifest [K
pulling 667b0c1932bc:  87% 笆補毎笆遺毎笆遺毎笆遺毎笆遺毎笆遺毎笆遺毎笆遺毎   笆・4.3 GB/4.9 GB  9.6 MB/s    1m7s[K[A[1Gpulling manifest [K
pulling 667b0c1932bc:  87% 笆補毎笆遺毎笆遺毎笆遺毎笆遺毎笆遺毎笆遺毎笆遺毎   笆・4.3 GB/4.9 GB  9.6 MB/s    1m7s[K[A[1Gpulling manifest [K
pulling 667b0c1932bc:  87% 笆補毎笆遺毎笆遺毎笆遺毎笆遺毎笆遺毎笆遺毎笆遺毎   笆・4.3 GB/4.9 GB  9.6 MB/s    1m7s[K[A[1Gpulling manifest [K
pulling 667b0c1932bc:  87% 笆補毎笆遺毎笆遺毎笆遺毎笆遺毎笆遺毎笆遺毎笆遺毎   笆・4.3 GB/4.9 GB  9.6 MB/s    1m7s[K[A[1Gpulling manifest [K
pulling 667b0c1932bc:  87% 笆補毎笆遺毎笆遺毎笆遺毎笆遺毎笆遺毎笆遺毎笆遺毎   笆・4.3 GB/4.9 GB  9.6 MB/s    1m7s[K[A[1Gpulling manifest [K
pulling 667b0c1932bc:  87% 笆補毎笆遺毎笆遺毎笆遺毎笆遺毎笆遺毎笆遺毎笆遺毎   笆・4.3 GB/4.9 GB  9.4 MB/s    1m8s[K[A[1Gpulling manifest [K
pulling 667b0c1932bc:  87% 笆補毎笆遺毎笆遺毎笆遺毎笆遺毎笆遺毎笆遺毎笆遺毎   笆・4.3 GB/4.9 GB  9.4 MB/s    1m8s[K[A[1Gpulling manifest [K
pulling 667b0c1932bc:  87% 笆補毎笆遺毎笆遺毎笆遺毎笆遺毎笆遺毎笆遺毎笆遺毎   笆・4.3 GB/4.9 GB  9.4 MB/s    1m7s[K[A[1Gpulling manifest [K
pulling 667b0c1932bc:  87% 笆補毎笆遺毎笆遺毎笆遺毎笆遺毎笆遺毎笆遺毎笆遺毎   笆・4.3 GB/4.9 GB  9.4 MB/s    1m7s[K[A[1Gpulling manifest [K
pulling 667b0c1932bc:  87% 笆補毎笆遺毎笆遺毎笆遺毎笆遺毎笆遺毎笆遺毎笆遺毎   笆・4.3 GB/4.9 GB  9.4 MB/s    1m7s[K[A[1Gpulling manifest [K
pulling 667b0c1932bc:  87% 笆補毎笆遺毎笆遺毎笆遺毎笆遺毎笆遺毎笆遺毎笆遺毎   笆・4.3 GB/4.9 GB  9.4 MB/s    1m7s[K[A[1Gpulling manifest [K
pulling 667b0c1932bc:  87% 笆補毎笆遺毎笆遺毎笆遺毎笆遺毎笆遺毎笆遺毎笆遺毎   笆・4.3 GB/4.9 GB  9.4 MB/s    1m7s[K[A[1Gpulling manifest [K
pulling 667b0c1932bc:  87% 笆補毎笆遺毎笆遺毎笆遺毎笆遺毎笆遺毎笆遺毎笆遺毎   笆・4.3 GB/4.9 GB  9.4 MB/s    1m7s[K[A[1Gpulling manifest [K
pulling 667b0c1932bc:  87% 笆補毎笆遺毎笆遺毎笆遺毎笆遺毎笆遺毎笆遺毎笆遺毎   笆・4.3 GB/4.9 GB  9.4 MB/s    1m7s[K[A[1Gpulling manifest [K
pulling 667b0c1932bc:  87% 笆補毎笆遺毎笆遺毎笆遺毎笆遺毎笆遺毎笆遺毎笆遺毎   笆・4.3 GB/4.9 GB  9.4 MB/s    1m7s[K[A[1Gpulling manifest [K
pulling 667b0c1932bc:  87% 笆補毎笆遺毎笆遺毎笆遺毎笆遺毎笆遺毎笆遺毎笆遺毎   笆・4.3 GB/4.9 GB  9.4 MB/s    1m7s[K[A[1Gpulling manifest [K
pulling 667b0c1932bc:  87% 笆補毎笆遺毎笆遺毎笆遺毎笆遺毎笆遺毎笆遺毎笆遺毎   笆・4.3 GB/4.9 GB  9.5 MB/s    1m6s[K[A[1Gpulling manifest [K
pulling 667b0c1932bc:  87% 笆補毎笆遺毎笆遺毎笆遺毎笆遺毎笆遺毎笆遺毎笆遺毎   笆・4.3 GB/4.9 GB  9.5 MB/s    1m6s[K[A[1Gpulling manifest [K
pulling 667b0c1932bc:  87% 笆補毎笆遺毎笆遺毎笆遺毎笆遺毎笆遺毎笆遺毎笆遺毎   笆・4.3 GB/4.9 GB  9.5 MB/s    1m6s[K[A[1Gpulling manifest [K
pulling 667b0c1932bc:  87% 笆補毎笆遺毎笆遺毎笆遺毎笆遺毎笆遺毎笆遺毎笆遺毎   笆・4.3 GB/4.9 GB  9.5 MB/s    1m6s[K[A[1Gpulling manifest [K
pulling 667b0c1932bc:  87% 笆補毎笆遺毎笆遺毎笆遺毎笆遺毎笆遺毎笆遺毎笆遺毎   笆・4.3 GB/4.9 GB  9.5 MB/s    1m6s[K[A[1Gpulling manifest [K
pulling 667b0c1932bc:  87% 笆補毎笆遺毎笆遺毎笆遺毎笆遺毎笆遺毎笆遺毎笆遺毎   笆・4.3 GB/4.9 GB  9.5 MB/s    1m6s[K[A[1Gpulling manifest [K
pulling 667b0c1932bc:  87% 笆補毎笆遺毎笆遺毎笆遺毎笆遺毎笆遺毎笆遺毎笆遺毎   笆・4.3 GB/4.9 GB  9.5 MB/s    1m5s[K[A[1Gpulling manifest [K
pulling 667b0c1932bc:  87% 笆補毎笆遺毎笆遺毎笆遺毎笆遺毎笆遺毎笆遺毎笆遺毎   笆・4.3 GB/4.9 GB  9.5 MB/s    1m5s[K[A[1Gpulling manifest [K
pulling 667b0c1932bc:  87% 笆補毎笆遺毎笆遺毎笆遺毎笆遺毎笆遺毎笆遺毎笆遺毎   笆・4.3 GB/4.9 GB  9.5 MB/s    1m5s[K[A[1Gpulling manifest [K
pulling 667b0c1932bc:  87% 笆補毎笆遺毎笆遺毎笆遺毎笆遺毎笆遺毎笆遺毎笆遺毎   笆・4.3 GB/4.9 GB  9.5 MB/s    1m5s[K[A[1Gpulling manifest [K
pulling 667b0c1932bc:  87% 笆補毎笆遺毎笆遺毎笆遺毎笆遺毎笆遺毎笆遺毎笆遺毎   笆・4.3 GB/4.9 GB  9.3 MB/s    1m6s[K[A[1Gpulling manifest [K
pulling 667b0c1932bc:  87% 笆補毎笆遺毎笆遺毎笆遺毎笆遺毎笆遺毎笆遺毎笆遺毎   笆・4.3 GB/4.9 GB  9.3 MB/s    1m6s[K[A[1Gpulling manifest [K
pulling 667b0c1932bc:  87% 笆補毎笆遺毎笆遺毎笆遺毎笆遺毎笆遺毎笆遺毎笆遺毎   笆・4.3 GB/4.9 GB  9.3 MB/s    1m6s[K[A[1Gpulling manifest [K
pulling 667b0c1932bc:  87% 笆補毎笆遺毎笆遺毎笆遺毎笆遺毎笆遺毎笆遺毎笆遺毎   笆・4.3 GB/4.9 GB  9.3 MB/s    1m6s[K[A[1Gpulling manifest [K
pulling 667b0c1932bc:  87% 笆補毎笆遺毎笆遺毎笆遺毎笆遺毎笆遺毎笆遺毎笆遺毎   笆・4.3 GB/4.9 GB  9.3 MB/s    1m6s[K[A[1Gpulling manifest [K
pulling 667b0c1932bc:  87% 笆補毎笆遺毎笆遺毎笆遺毎笆遺毎笆遺毎笆遺毎笆遺毎   笆・4.3 GB/4.9 GB  9.3 MB/s    1m6s[K[A[1Gpulling manifest [K
pulling 667b0c1932bc:  87% 笆補毎笆遺毎笆遺毎笆遺毎笆遺毎笆遺毎笆遺毎笆遺毎   笆・4.3 GB/4.9 GB  9.3 MB/s    1m6s[K[A[1Gpulling manifest [K
pulling 667b0c1932bc:  87% 笆補毎笆遺毎笆遺毎笆遺毎笆遺毎笆遺毎笆遺毎笆遺毎   笆・4.3 GB/4.9 GB  9.3 MB/s    1m6s[K[A[1Gpulling manifest [K
pulling 667b0c1932bc:  87% 笆補毎笆遺毎笆遺毎笆遺毎笆遺毎笆遺毎笆遺毎笆遺毎   笆・4.3 GB/4.9 GB  9.3 MB/s    1m5s[K[A[1Gpulling manifest [K
pulling 667b0c1932bc:  87% 笆補毎笆遺毎笆遺毎笆遺毎笆遺毎笆遺毎笆遺毎笆遺毎   笆・4.3 GB/4.9 GB  9.3 MB/s    1m5s[K[A[1Gpulling manifest [K
pulling 667b0c1932bc:  88% 笆補毎笆遺毎笆遺毎笆遺毎笆遺毎笆遺毎笆遺毎笆遺毎   笆・4.3 GB/4.9 GB  9.3 MB/s    1m5s[K[A[1Gpulling manifest [K
pulling 667b0c1932bc:  88% 笆補毎笆遺毎笆遺毎笆遺毎笆遺毎笆遺毎笆遺毎笆遺毎   笆・4.3 GB/4.9 GB  9.3 MB/s    1m5s[K[A[1Gpulling manifest [K
pulling 667b0c1932bc:  88% 笆補毎笆遺毎笆遺毎笆遺毎笆遺毎笆遺毎笆遺毎笆遺毎   笆・4.3 GB/4.9 GB  9.3 MB/s    1m5s[K[A[1Gpulling manifest [K
pulling 667b0c1932bc:  88% 笆補毎笆遺毎笆遺毎笆遺毎笆遺毎笆遺毎笆遺毎笆遺毎   笆・4.3 GB/4.9 GB  9.3 MB/s    1m5s[K[A[1Gpulling manifest [K
pulling 667b0c1932bc:  88% 笆補毎笆遺毎笆遺毎笆遺毎笆遺毎笆遺毎笆遺毎笆遺毎   笆・4.3 GB/4.9 GB  9.3 MB/s    1m5s[K[A[1Gpulling manifest [K
pulling 667b0c1932bc:  88% 笆補毎笆遺毎笆遺毎笆遺毎笆遺毎笆遺毎笆遺毎笆遺毎   笆・4.3 GB/4.9 GB  9.3 MB/s    1m5s[K[A[1Gpulling manifest [K
pulling 667b0c1932bc:  88% 笆補毎笆遺毎笆遺毎笆遺毎笆遺毎笆遺毎笆遺毎笆遺毎   笆・4.3 GB/4.9 GB  9.3 MB/s    1m5s[K[A[1Gpulling manifest [K
pulling 667b0c1932bc:  88% 笆補毎笆遺毎笆遺毎笆遺毎笆遺毎笆遺毎笆遺毎笆遺毎   笆・4.3 GB/4.9 GB  9.3 MB/s    1m5s[K[A[1Gpulling manifest [K
pulling 667b0c1932bc:  88% 笆補毎笆遺毎笆遺毎笆遺毎笆遺毎笆遺毎笆遺毎笆遺毎   笆・4.3 GB/4.9 GB  9.3 MB/s    1m5s[K[A[1Gpulling manifest [K
pulling 667b0c1932bc:  88% 笆補毎笆遺毎笆遺毎笆遺毎笆遺毎笆遺毎笆遺毎笆遺毎   笆・4.3 GB/4.9 GB  9.3 MB/s    1m5s[K[A[1Gpulling manifest [K
pulling 667b0c1932bc:  88% 笆補毎笆遺毎笆遺毎笆遺毎笆遺毎笆遺毎笆遺毎笆遺毎   笆・4.3 GB/4.9 GB  9.0 MB/s    1m7s[K[A[1Gpulling manifest [K
pulling 667b0c1932bc:  88% 笆補毎笆遺毎笆遺毎笆遺毎笆遺毎笆遺毎笆遺毎笆遺毎   笆・4.3 GB/4.9 GB  9.0 MB/s    1m7s[K[A[1Gpulling manifest [K
pulling 667b0c1932bc:  88% 笆補毎笆遺毎笆遺毎笆遺毎笆遺毎笆遺毎笆遺毎笆遺毎   笆・4.3 GB/4.9 GB  9.0 MB/s    1m7s[K[A[1Gpulling manifest [K
pulling 667b0c1932bc:  88% 笆補毎笆遺毎笆遺毎笆遺毎笆遺毎笆遺毎笆遺毎笆遺毎   笆・4.3 GB/4.9 GB  9.0 MB/s    1m7s[K[A[1Gpulling manifest [K
pulling 667b0c1932bc:  88% 笆補毎笆遺毎笆遺毎笆遺毎笆遺毎笆遺毎笆遺毎笆遺毎   笆・4.3 GB/4.9 GB  9.0 MB/s    1m7s[K[A[1Gpulling manifest [K
pulling 667b0c1932bc:  88% 笆補毎笆遺毎笆遺毎笆遺毎笆遺毎笆遺毎笆遺毎笆遺毎   笆・4.3 GB/4.9 GB  9.0 MB/s    1m6s[K[A[1Gpulling manifest [K
pulling 667b0c1932bc:  88% 笆補毎笆遺毎笆遺毎笆遺毎笆遺毎笆遺毎笆遺毎笆遺毎   笆・4.3 GB/4.9 GB  9.0 MB/s    1m6s[K[A[1Gpulling manifest [K
pulling 667b0c1932bc:  88% 笆補毎笆遺毎笆遺毎笆遺毎笆遺毎笆遺毎笆遺毎笆遺毎   笆・4.3 GB/4.9 GB  9.0 MB/s    1m6s[K[A[1Gpulling manifest [K
pulling 667b0c1932bc:  88% 笆補毎笆遺毎笆遺毎笆遺毎笆遺毎笆遺毎笆遺毎笆遺毎   笆・4.3 GB/4.9 GB  9.0 MB/s    1m6s[K[A[1Gpulling manifest [K
pulling 667b0c1932bc:  88% 笆補毎笆遺毎笆遺毎笆遺毎笆遺毎笆遺毎笆遺毎笆遺毎   笆・4.3 GB/4.9 GB  9.0 MB/s    1m6s[K[A[1Gpulling manifest [K
pulling 667b0c1932bc:  88% 笆補毎笆遺毎笆遺毎笆遺毎笆遺毎笆遺毎笆遺毎笆遺毎   笆・4.3 GB/4.9 GB  9.0 MB/s    1m6s[K[A[1Gpulling manifest [K
pulling 667b0c1932bc:  88% 笆補毎笆遺毎笆遺毎笆遺毎笆遺毎笆遺毎笆遺毎笆遺毎   笆・4.3 GB/4.9 GB  9.0 MB/s    1m6s[K[A[1Gpulling manifest [K
pulling 667b0c1932bc:  88% 笆補毎笆遺毎笆遺毎笆遺毎笆遺毎笆遺毎笆遺毎笆遺毎   笆・4.3 GB/4.9 GB  9.0 MB/s    1m6s[K[A[1Gpulling manifest [K
pulling 667b0c1932bc:  88% 笆補毎笆遺毎笆遺毎笆遺毎笆遺毎笆遺毎笆遺毎笆遺毎   笆・4.3 GB/4.9 GB  9.0 MB/s    1m6s[K[A[1Gpulling manifest [K
pulling 667b0c1932bc:  88% 笆補毎笆遺毎笆遺毎笆遺毎笆遺毎笆遺毎笆遺毎笆遺毎   笆・4.3 GB/4.9 GB  9.0 MB/s    1m6s[K[A[1Gpulling manifest [K
pulling 667b0c1932bc:  88% 笆補毎笆遺毎笆遺毎笆遺毎笆遺毎笆遺毎笆遺毎笆遺毎   笆・4.3 GB/4.9 GB  9.0 MB/s    1m5s[K[A[1Gpulling manifest [K
pulling 667b0c1932bc:  88% 笆補毎笆遺毎笆遺毎笆遺毎笆遺毎笆遺毎笆遺毎笆遺毎   笆・4.3 GB/4.9 GB  9.0 MB/s    1m5s[K[A[1Gpulling manifest [K
pulling 667b0c1932bc:  88% 笆補毎笆遺毎笆遺毎笆遺毎笆遺毎笆遺毎笆遺毎笆遺毎   笆・4.3 GB/4.9 GB  9.0 MB/s    1m5s[K[A[1Gpulling manifest [K
pulling 667b0c1932bc:  88% 笆補毎笆遺毎笆遺毎笆遺毎笆遺毎笆遺毎笆遺毎笆遺毎   笆・4.3 GB/4.9 GB  9.0 MB/s    1m5s[K[A[1Gpulling manifest [K
pulling 667b0c1932bc:  88% 笆補毎笆遺毎笆遺毎笆遺毎笆遺毎笆遺毎笆遺毎笆遺毎   笆・4.3 GB/4.9 GB  9.0 MB/s    1m5s[K[A[1Gpulling manifest [K
pulling 667b0c1932bc:  88% 笆補毎笆遺毎笆遺毎笆遺毎笆遺毎笆遺毎笆遺毎笆遺毎   笆・4.3 GB/4.9 GB  9.0 MB/s    1m5s[K[A[1Gpulling manifest [K
pulling 667b0c1932bc:  88% 笆補毎笆遺毎笆遺毎笆遺毎笆遺毎笆遺毎笆遺毎笆遺毎   笆・4.3 GB/4.9 GB  8.9 MB/s    1m5s[K[A[1Gpulling manifest [K
pulling 667b0c1932bc:  88% 笆補毎笆遺毎笆遺毎笆遺毎笆遺毎笆遺毎笆遺毎笆遺毎   笆・4.3 GB/4.9 GB  8.9 MB/s    1m5s[K[A[1Gpulling manifest [K
pulling 667b0c1932bc:  88% 笆補毎笆遺毎笆遺毎笆遺毎笆遺毎笆遺毎笆遺毎笆遺毎   笆・4.3 GB/4.9 GB  8.9 MB/s    1m5s[K[A[1Gpulling manifest [K
pulling 667b0c1932bc:  88% 笆補毎笆遺毎笆遺毎笆遺毎笆遺毎笆遺毎笆遺毎笆遺毎   笆・4.3 GB/4.9 GB  8.9 MB/s    1m5s[K[A[1Gpulling manifest [K
pulling 667b0c1932bc:  88% 笆補毎笆遺毎笆遺毎笆遺毎笆遺毎笆遺毎笆遺毎笆遺毎   笆・4.3 GB/4.9 GB  8.9 MB/s    1m5s[K[A[1Gpulling manifest [K
pulling 667b0c1932bc:  88% 笆補毎笆遺毎笆遺毎笆遺毎笆遺毎笆遺毎笆遺毎笆遺毎   笆・4.3 GB/4.9 GB  8.9 MB/s    1m5s[K[A[1Gpulling manifest [K
pulling 667b0c1932bc:  88% 笆補毎笆遺毎笆遺毎笆遺毎笆遺毎笆遺毎笆遺毎笆遺毎   笆・4.3 GB/4.9 GB  8.9 MB/s    1m5s[K[A[1Gpulling manifest [K
pulling 667b0c1932bc:  88% 笆補毎笆遺毎笆遺毎笆遺毎笆遺毎笆遺毎笆遺毎笆遺毎   笆・4.3 GB/4.9 GB  8.9 MB/s    1m5s[K[A[1Gpulling manifest [K
pulling 667b0c1932bc:  88% 笆補毎笆遺毎笆遺毎笆遺毎笆遺毎笆遺毎笆遺毎笆遺毎   笆・4.3 GB/4.9 GB  8.9 MB/s    1m5s[K[A[1Gpulling manifest [K
pulling 667b0c1932bc:  88% 笆補毎笆遺毎笆遺毎笆遺毎笆遺毎笆遺毎笆遺毎笆遺毎   笆・4.3 GB/4.9 GB  8.9 MB/s    1m5s[K[A[1Gpulling manifest [K
pulling 667b0c1932bc:  88% 笆補毎笆遺毎笆遺毎笆遺毎笆遺毎笆遺毎笆遺毎笆遺毎   笆・4.3 GB/4.9 GB  8.9 MB/s    1m4s[K[A[1Gpulling manifest [K
pulling 667b0c1932bc:  88% 笆補毎笆遺毎笆遺毎笆遺毎笆遺毎笆遺毎笆遺毎笆遺毎   笆・4.3 GB/4.9 GB  8.9 MB/s    1m4s[K[A[1Gpulling manifest [K
pulling 667b0c1932bc:  88% 笆補毎笆遺毎笆遺毎笆遺毎笆遺毎笆遺毎笆遺毎笆遺毎   笆・4.3 GB/4.9 GB  8.9 MB/s    1m4s[K[A[1Gpulling manifest [K
pulling 667b0c1932bc:  88% 笆補毎笆遺毎笆遺毎笆遺毎笆遺毎笆遺毎笆遺毎笆遺毎   笆・4.3 GB/4.9 GB  8.9 MB/s    1m4s[K[A[1Gpulling manifest [K
pulling 667b0c1932bc:  88% 笆補毎笆遺毎笆遺毎笆遺毎笆遺毎笆遺毎笆遺毎笆遺毎   笆・4.3 GB/4.9 GB  8.9 MB/s    1m4s[K[A[1Gpulling manifest [K
pulling 667b0c1932bc:  88% 笆補毎笆遺毎笆遺毎笆遺毎笆遺毎笆遺毎笆遺毎笆遺毎   笆・4.3 GB/4.9 GB  8.9 MB/s    1m4s[K[A[1Gpulling manifest [K
pulling 667b0c1932bc:  88% 笆補毎笆遺毎笆遺毎笆遺毎笆遺毎笆遺毎笆遺毎笆遺毎   笆・4.3 GB/4.9 GB  8.9 MB/s    1m4s[K[A[1Gpulling manifest [K
pulling 667b0c1932bc:  88% 笆補毎笆遺毎笆遺毎笆遺毎笆遺毎笆遺毎笆遺毎笆遺毎   笆・4.3 GB/4.9 GB  8.9 MB/s    1m4s[K[A[1Gpulling manifest [K
pulling 667b0c1932bc:  88% 笆補毎笆遺毎笆遺毎笆遺毎笆遺毎笆遺毎笆遺毎笆遺毎   笆・4.3 GB/4.9 GB  8.9 MB/s    1m4s[K[A[1Gpulling manifest [K
pulling 667b0c1932bc:  88% 笆補毎笆遺毎笆遺毎笆遺毎笆遺毎笆遺毎笆遺毎笆遺毎   笆・4.3 GB/4.9 GB  8.9 MB/s    1m4s[K[A[1Gpulling manifest [K
pulling 667b0c1932bc:  88% 笆補毎笆遺毎笆遺毎笆遺毎笆遺毎笆遺毎笆遺毎笆遺毎   笆・4.3 GB/4.9 GB  8.8 MB/s    1m4s[K[A[1Gpulling manifest [K
pulling 667b0c1932bc:  88% 笆補毎笆遺毎笆遺毎笆遺毎笆遺毎笆遺毎笆遺毎笆遺毎   笆・4.4 GB/4.9 GB  8.8 MB/s    1m4s[K[A[1Gpulling manifest [K
pulling 667b0c1932bc:  88% 笆補毎笆遺毎笆遺毎笆遺毎笆遺毎笆遺毎笆遺毎笆遺毎   笆・4.4 GB/4.9 GB  8.8 MB/s    1m4s[K[A[1Gpulling manifest [K
pulling 667b0c1932bc:  88% 笆補毎笆遺毎笆遺毎笆遺毎笆遺毎笆遺毎笆遺毎笆遺毎   笆・4.4 GB/4.9 GB  8.8 MB/s    1m4s[K[A[1Gpulling manifest [K
pulling 667b0c1932bc:  88% 笆補毎笆遺毎笆遺毎笆遺毎笆遺毎笆遺毎笆遺毎笆遺毎   笆・4.4 GB/4.9 GB  8.8 MB/s    1m4s[K[A[1Gpulling manifest [K
pulling 667b0c1932bc:  88% 笆補毎笆遺毎笆遺毎笆遺毎笆遺毎笆遺毎笆遺毎笆遺毎   笆・4.4 GB/4.9 GB  8.8 MB/s    1m4s[K[A[1Gpulling manifest [K
pulling 667b0c1932bc:  89% 笆補毎笆遺毎笆遺毎笆遺毎笆遺毎笆遺毎笆遺毎笆遺毎   笆・4.4 GB/4.9 GB  8.8 MB/s    1m4s[K[A[1Gpulling manifest [K
pulling 667b0c1932bc:  89% 笆補毎笆遺毎笆遺毎笆遺毎笆遺毎笆遺毎笆遺毎笆遺毎   笆・4.4 GB/4.9 GB  8.8 MB/s    1m3s[K[A[1Gpulling manifest [K
pulling 667b0c1932bc:  89% 笆補毎笆遺毎笆遺毎笆遺毎笆遺毎笆遺毎笆遺毎笆遺毎   笆・4.4 GB/4.9 GB  8.8 MB/s    1m3s[K[A[1Gpulling manifest [K
pulling 667b0c1932bc:  89% 笆補毎笆遺毎笆遺毎笆遺毎笆遺毎笆遺毎笆遺毎笆遺毎   笆・4.4 GB/4.9 GB  8.8 MB/s    1m3s[K[A[1Gpulling manifest [K
pulling 667b0c1932bc:  89% 笆補毎笆遺毎笆遺毎笆遺毎笆遺毎笆遺毎笆遺毎笆遺毎   笆・4.4 GB/4.9 GB  8.9 MB/s    1m3s[K[A[1Gpulling manifest [K
pulling 667b0c1932bc:  89% 笆補毎笆遺毎笆遺毎笆遺毎笆遺毎笆遺毎笆遺毎笆遺毎   笆・4.4 GB/4.9 GB  8.9 MB/s    1m3s[K[A[1Gpulling manifest [K
pulling 667b0c1932bc:  89% 笆補毎笆遺毎笆遺毎笆遺毎笆遺毎笆遺毎笆遺毎笆遺毎   笆・4.4 GB/4.9 GB  8.9 MB/s    1m2s[K[A[1Gpulling manifest [K
pulling 667b0c1932bc:  89% 笆補毎笆遺毎笆遺毎笆遺毎笆遺毎笆遺毎笆遺毎笆遺毎   笆・4.4 GB/4.9 GB  8.9 MB/s    1m2s[K[A[1Gpulling manifest [K
pulling 667b0c1932bc:  89% 笆補毎笆遺毎笆遺毎笆遺毎笆遺毎笆遺毎笆遺毎笆遺毎   笆・4.4 GB/4.9 GB  8.9 MB/s    1m2s[K[A[1Gpulling manifest [K
pulling 667b0c1932bc:  89% 笆補毎笆遺毎笆遺毎笆遺毎笆遺毎笆遺毎笆遺毎笆遺毎   笆・4.4 GB/4.9 GB  8.9 MB/s    1m2s[K[A[1Gpulling manifest [K
pulling 667b0c1932bc:  89% 笆補毎笆遺毎笆遺毎笆遺毎笆遺毎笆遺毎笆遺毎笆遺毎   笆・4.4 GB/4.9 GB  8.9 MB/s    1m2s[K[A[1Gpulling manifest [K
pulling 667b0c1932bc:  89% 笆補毎笆遺毎笆遺毎笆遺毎笆遺毎笆遺毎笆遺毎笆遺毎   笆・4.4 GB/4.9 GB  8.9 MB/s    1m2s[K[A[1Gpulling manifest [K
pulling 667b0c1932bc:  89% 笆補毎笆遺毎笆遺毎笆遺毎笆遺毎笆遺毎笆遺毎笆遺毎   笆・4.4 GB/4.9 GB  8.9 MB/s    1m2s[K[A[1Gpulling manifest [K
pulling 667b0c1932bc:  89% 笆補毎笆遺毎笆遺毎笆遺毎笆遺毎笆遺毎笆遺毎笆遺毎   笆・4.4 GB/4.9 GB  8.9 MB/s    1m2s[K[A[1Gpulling manifest [K
pulling 667b0c1932bc:  89% 笆補毎笆遺毎笆遺毎笆遺毎笆遺毎笆遺毎笆遺毎笆遺毎   笆・4.4 GB/4.9 GB  8.9 MB/s    1m1s[K[A[1Gpulling manifest [K
pulling 667b0c1932bc:  89% 笆補毎笆遺毎笆遺毎笆遺毎笆遺毎笆遺毎笆遺毎笆遺毎   笆・4.4 GB/4.9 GB  8.9 MB/s    1m1s[K[A[1Gpulling manifest [K
pulling 667b0c1932bc:  89% 笆補毎笆遺毎笆遺毎笆遺毎笆遺毎笆遺毎笆遺毎笆遺毎   笆・4.4 GB/4.9 GB  8.9 MB/s    1m1s[K[A[1Gpulling manifest [K
pulling 667b0c1932bc:  89% 笆補毎笆遺毎笆遺毎笆遺毎笆遺毎笆遺毎笆遺毎笆遺毎   笆・4.4 GB/4.9 GB  8.9 MB/s    1m1s[K[A[1Gpulling manifest [K
pulling 667b0c1932bc:  89% 笆補毎笆遺毎笆遺毎笆遺毎笆遺毎笆遺毎笆遺毎笆遺毎   笆・4.4 GB/4.9 GB  8.9 MB/s    1m1s[K[A[1Gpulling manifest [K
pulling 667b0c1932bc:  89% 笆補毎笆遺毎笆遺毎笆遺毎笆遺毎笆遺毎笆遺毎笆遺毎   笆・4.4 GB/4.9 GB  8.9 MB/s    1m1s[K[A[1Gpulling manifest [K
pulling 667b0c1932bc:  89% 笆補毎笆遺毎笆遺毎笆遺毎笆遺毎笆遺毎笆遺毎笆遺毎   笆・4.4 GB/4.9 GB  8.9 MB/s    1m1s[K[A[1Gpulling manifest [K
pulling 667b0c1932bc:  89% 笆補毎笆遺毎笆遺毎笆遺毎笆遺毎笆遺毎笆遺毎笆遺毎笆・ 笆・4.4 GB/4.9 GB  8.9 MB/s    1m1s[K[A[1Gpulling manifest [K
pulling 667b0c1932bc:  89% 笆補毎笆遺毎笆遺毎笆遺毎笆遺毎笆遺毎笆遺毎笆遺毎笆・ 笆・4.4 GB/4.9 GB  8.9 MB/s    1m1s[K[A[1Gpulling manifest [K
pulling 667b0c1932bc:  89% 笆補毎笆遺毎笆遺毎笆遺毎笆遺毎笆遺毎笆遺毎笆遺毎笆・ 笆・4.4 GB/4.9 GB  8.9 MB/s    1m0s[K[A[1Gpulling manifest [K
pulling 667b0c1932bc:  89% 笆補毎笆遺毎笆遺毎笆遺毎笆遺毎笆遺毎笆遺毎笆遺毎笆・ 笆・4.4 GB/4.9 GB  8.9 MB/s    1m0s[K[A[1Gpulling manifest [K
pulling 667b0c1932bc:  89% 笆補毎笆遺毎笆遺毎笆遺毎笆遺毎笆遺毎笆遺毎笆遺毎笆・ 笆・4.4 GB/4.9 GB  9.0 MB/s    1m0s[K[A[1Gpulling manifest [K
pulling 667b0c1932bc:  89% 笆補毎笆遺毎笆遺毎笆遺毎笆遺毎笆遺毎笆遺毎笆遺毎笆・ 笆・4.4 GB/4.9 GB  9.0 MB/s    1m0s[K[A[1Gpulling manifest [K
pulling 667b0c1932bc:  89% 笆補毎笆遺毎笆遺毎笆遺毎笆遺毎笆遺毎笆遺毎笆遺毎笆・ 笆・4.4 GB/4.9 GB  9.0 MB/s     59s[K[A[1Gpulling manifest [K
pulling 667b0c1932bc:  89% 笆補毎笆遺毎笆遺毎笆遺毎笆遺毎笆遺毎笆遺毎笆遺毎笆・ 笆・4.4 GB/4.9 GB  9.0 MB/s     59s[K[A[1Gpulling manifest [K
pulling 667b0c1932bc:  89% 笆補毎笆遺毎笆遺毎笆遺毎笆遺毎笆遺毎笆遺毎笆遺毎笆・ 笆・4.4 GB/4.9 GB  9.0 MB/s     59s[K[A[1Gpulling manifest [K
pulling 667b0c1932bc:  89% 笆補毎笆遺毎笆遺毎笆遺毎笆遺毎笆遺毎笆遺毎笆遺毎笆・ 笆・4.4 GB/4.9 GB  9.0 MB/s     59s[K[A[1Gpulling manifest [K
pulling 667b0c1932bc:  89% 笆補毎笆遺毎笆遺毎笆遺毎笆遺毎笆遺毎笆遺毎笆遺毎笆・ 笆・4.4 GB/4.9 GB  9.0 MB/s     59s[K[A[1Gpulling manifest [K
pulling 667b0c1932bc:  89% 笆補毎笆遺毎笆遺毎笆遺毎笆遺毎笆遺毎笆遺毎笆遺毎笆・ 笆・4.4 GB/4.9 GB  9.0 MB/s     59s[K[A[1Gpulling manifest [K
pulling 667b0c1932bc:  89% 笆補毎笆遺毎笆遺毎笆遺毎笆遺毎笆遺毎笆遺毎笆遺毎笆・ 笆・4.4 GB/4.9 GB  9.0 MB/s     59s[K[A[1Gpulling manifest [K
pulling 667b0c1932bc:  89% 笆補毎笆遺毎笆遺毎笆遺毎笆遺毎笆遺毎笆遺毎笆遺毎笆・ 笆・4.4 GB/4.9 GB  9.0 MB/s     59s[K[A[1Gpulling manifest [K
pulling 667b0c1932bc:  89% 笆補毎笆遺毎笆遺毎笆遺毎笆遺毎笆遺毎笆遺毎笆遺毎笆・ 笆・4.4 GB/4.9 GB  9.0 MB/s     59s[K[A[1Gpulling manifest [K
pulling 667b0c1932bc:  89% 笆補毎笆遺毎笆遺毎笆遺毎笆遺毎笆遺毎笆遺毎笆遺毎笆・ 笆・4.4 GB/4.9 GB  9.0 MB/s     59s[K[A[1Gpulling manifest [K
pulling 667b0c1932bc:  89% 笆補毎笆遺毎笆遺毎笆遺毎笆遺毎笆遺毎笆遺毎笆遺毎笆・ 笆・4.4 GB/4.9 GB  9.0 MB/s     59s[K[A[1Gpulling manifest [K
pulling 667b0c1932bc:  89% 笆補毎笆遺毎笆遺毎笆遺毎笆遺毎笆遺毎笆遺毎笆遺毎笆・ 笆・4.4 GB/4.9 GB  9.0 MB/s     58s[K[A[1Gpulling manifest [K
pulling 667b0c1932bc:  89% 笆補毎笆遺毎笆遺毎笆遺毎笆遺毎笆遺毎笆遺毎笆遺毎笆・ 笆・4.4 GB/4.9 GB  9.0 MB/s     58s[K[A[1Gpulling manifest [K
pulling 667b0c1932bc:  89% 笆補毎笆遺毎笆遺毎笆遺毎笆遺毎笆遺毎笆遺毎笆遺毎笆・ 笆・4.4 GB/4.9 GB  9.0 MB/s     58s[K[A[1Gpulling manifest [K
pulling 667b0c1932bc:  89% 笆補毎笆遺毎笆遺毎笆遺毎笆遺毎笆遺毎笆遺毎笆遺毎笆・ 笆・4.4 GB/4.9 GB  9.0 MB/s     58s[K[A[1Gpulling manifest [K
pulling 667b0c1932bc:  89% 笆補毎笆遺毎笆遺毎笆遺毎笆遺毎笆遺毎笆遺毎笆遺毎笆・ 笆・4.4 GB/4.9 GB  9.0 MB/s     58s[K[A[1Gpulling manifest [K
pulling 667b0c1932bc:  89% 笆補毎笆遺毎笆遺毎笆遺毎笆遺毎笆遺毎笆遺毎笆遺毎笆・ 笆・4.4 GB/4.9 GB  9.0 MB/s     58s[K[A[1Gpulling manifest [K
pulling 667b0c1932bc:  89% 笆補毎笆遺毎笆遺毎笆遺毎笆遺毎笆遺毎笆遺毎笆遺毎笆・ 笆・4.4 GB/4.9 GB  9.0 MB/s     58s[K[A[1Gpulling manifest [K
pulling 667b0c1932bc:  89% 笆補毎笆遺毎笆遺毎笆遺毎笆遺毎笆遺毎笆遺毎笆遺毎笆・ 笆・4.4 GB/4.9 GB  9.4 MB/s     55s[K[A[1Gpulling manifest [K
pulling 667b0c1932bc:  89% 笆補毎笆遺毎笆遺毎笆遺毎笆遺毎笆遺毎笆遺毎笆遺毎笆・ 笆・4.4 GB/4.9 GB  9.4 MB/s     55s[K[A[1Gpulling manifest [K
pulling 667b0c1932bc:  89% 笆補毎笆遺毎笆遺毎笆遺毎笆遺毎笆遺毎笆遺毎笆遺毎笆・ 笆・4.4 GB/4.9 GB  9.4 MB/s     55s[K[A[1Gpulling manifest [K
pulling 667b0c1932bc:  89% 笆補毎笆遺毎笆遺毎笆遺毎笆遺毎笆遺毎笆遺毎笆遺毎笆・ 笆・4.4 GB/4.9 GB  9.4 MB/s     55s[K[A[1Gpulling manifest [K
pulling 667b0c1932bc:  89% 笆補毎笆遺毎笆遺毎笆遺毎笆遺毎笆遺毎笆遺毎笆遺毎笆・ 笆・4.4 GB/4.9 GB  9.4 MB/s     55s[K[A[1Gpulling manifest [K
pulling 667b0c1932bc:  89% 笆補毎笆遺毎笆遺毎笆遺毎笆遺毎笆遺毎笆遺毎笆遺毎笆・ 笆・4.4 GB/4.9 GB  9.4 MB/s     55s[K[A[1Gpulling manifest [K
pulling 667b0c1932bc:  89% 笆補毎笆遺毎笆遺毎笆遺毎笆遺毎笆遺毎笆遺毎笆遺毎笆・ 笆・4.4 GB/4.9 GB  9.4 MB/s     54s[K[A[1Gpulling manifest [K
pulling 667b0c1932bc:  89% 笆補毎笆遺毎笆遺毎笆遺毎笆遺毎笆遺毎笆遺毎笆遺毎笆・ 笆・4.4 GB/4.9 GB  9.4 MB/s     54s[K[A[1Gpulling manifest [K
pulling 667b0c1932bc:  90% 笆補毎笆遺毎笆遺毎笆遺毎笆遺毎笆遺毎笆遺毎笆遺毎笆・ 笆・4.4 GB/4.9 GB  9.4 MB/s     54s[K[A[1Gpulling manifest [K
pulling 667b0c1932bc:  90% 笆補毎笆遺毎笆遺毎笆遺毎笆遺毎笆遺毎笆遺毎笆遺毎笆・ 笆・4.4 GB/4.9 GB  9.4 MB/s     54s[K[A[1Gpulling manifest [K
pulling 667b0c1932bc:  90% 笆補毎笆遺毎笆遺毎笆遺毎笆遺毎笆遺毎笆遺毎笆遺毎笆・ 笆・4.4 GB/4.9 GB  9.4 MB/s     54s[K[A[1Gpulling manifest [K
pulling 667b0c1932bc:  90% 笆補毎笆遺毎笆遺毎笆遺毎笆遺毎笆遺毎笆遺毎笆遺毎笆・ 笆・4.4 GB/4.9 GB  9.4 MB/s     54s[K[A[1Gpulling manifest [K
pulling 667b0c1932bc:  90% 笆補毎笆遺毎笆遺毎笆遺毎笆遺毎笆遺毎笆遺毎笆遺毎笆・ 笆・4.4 GB/4.9 GB  9.4 MB/s     54s[K[A[1Gpulling manifest [K
pulling 667b0c1932bc:  90% 笆補毎笆遺毎笆遺毎笆遺毎笆遺毎笆遺毎笆遺毎笆遺毎笆・ 笆・4.4 GB/4.9 GB  9.4 MB/s     54s[K[A[1Gpulling manifest [K
pulling 667b0c1932bc:  90% 笆補毎笆遺毎笆遺毎笆遺毎笆遺毎笆遺毎笆遺毎笆遺毎笆・ 笆・4.4 GB/4.9 GB  9.4 MB/s     54s[K[A[1Gpulling manifest [K
pulling 667b0c1932bc:  90% 笆補毎笆遺毎笆遺毎笆遺毎笆遺毎笆遺毎笆遺毎笆遺毎笆・ 笆・4.4 GB/4.9 GB  9.4 MB/s     54s[K[A[1Gpulling manifest [K
pulling 667b0c1932bc:  90% 笆補毎笆遺毎笆遺毎笆遺毎笆遺毎笆遺毎笆遺毎笆遺毎笆・ 笆・4.4 GB/4.9 GB  9.4 MB/s     53s[K[A[1Gpulling manifest [K
pulling 667b0c1932bc:  90% 笆補毎笆遺毎笆遺毎笆遺毎笆遺毎笆遺毎笆遺毎笆遺毎笆・ 笆・4.4 GB/4.9 GB  9.4 MB/s     53s[K[A[1Gpulling manifest [K
pulling 667b0c1932bc:  90% 笆補毎笆遺毎笆遺毎笆遺毎笆遺毎笆遺毎笆遺毎笆遺毎笆・ 笆・4.4 GB/4.9 GB  9.4 MB/s     53s[K[A[1Gpulling manifest [K
pulling 667b0c1932bc:  90% 笆補毎笆遺毎笆遺毎笆遺毎笆遺毎笆遺毎笆遺毎笆遺毎笆・ 笆・4.4 GB/4.9 GB  9.4 MB/s     53s[K[A[1Gpulling manifest [K
pulling 667b0c1932bc:  90% 笆補毎笆遺毎笆遺毎笆遺毎笆遺毎笆遺毎笆遺毎笆遺毎笆・ 笆・4.4 GB/4.9 GB  9.3 MB/s     54s[K[A[1Gpulling manifest [K
pulling 667b0c1932bc:  90% 笆補毎笆遺毎笆遺毎笆遺毎笆遺毎笆遺毎笆遺毎笆遺毎笆・ 笆・4.4 GB/4.9 GB  9.3 MB/s     54s[K[A[1Gpulling manifest [K
pulling 667b0c1932bc:  90% 笆補毎笆遺毎笆遺毎笆遺毎笆遺毎笆遺毎笆遺毎笆遺毎笆・ 笆・4.4 GB/4.9 GB  9.3 MB/s     54s[K[A[1Gpulling manifest [K
pulling 667b0c1932bc:  90% 笆補毎笆遺毎笆遺毎笆遺毎笆遺毎笆遺毎笆遺毎笆遺毎笆・ 笆・4.4 GB/4.9 GB  9.3 MB/s     54s[K[A[1Gpulling manifest [K
pulling 667b0c1932bc:  90% 笆補毎笆遺毎笆遺毎笆遺毎笆遺毎笆遺毎笆遺毎笆遺毎笆・ 笆・4.4 GB/4.9 GB  9.3 MB/s     54s[K[A[1Gpulling manifest [K
pulling 667b0c1932bc:  90% 笆補毎笆遺毎笆遺毎笆遺毎笆遺毎笆遺毎笆遺毎笆遺毎笆・ 笆・4.4 GB/4.9 GB  9.3 MB/s     53s[K[A[1Gpulling manifest [K
pulling 667b0c1932bc:  90% 笆補毎笆遺毎笆遺毎笆遺毎笆遺毎笆遺毎笆遺毎笆遺毎笆・ 笆・4.4 GB/4.9 GB  9.3 MB/s     53s[K[A[1Gpulling manifest [K
pulling 667b0c1932bc:  90% 笆補毎笆遺毎笆遺毎笆遺毎笆遺毎笆遺毎笆遺毎笆遺毎笆・ 笆・4.4 GB/4.9 GB  9.3 MB/s     53s[K[A[1Gpulling manifest [K
pulling 667b0c1932bc:  90% 笆補毎笆遺毎笆遺毎笆遺毎笆遺毎笆遺毎笆遺毎笆遺毎笆・ 笆・4.4 GB/4.9 GB  9.3 MB/s     53s[K[A[1Gpulling manifest [K
pulling 667b0c1932bc:  90% 笆補毎笆遺毎笆遺毎笆遺毎笆遺毎笆遺毎笆遺毎笆遺毎笆・ 笆・4.4 GB/4.9 GB  9.3 MB/s     53s[K[A[1Gpulling manifest [K
pulling 667b0c1932bc:  90% 笆補毎笆遺毎笆遺毎笆遺毎笆遺毎笆遺毎笆遺毎笆遺毎笆・ 笆・4.4 GB/4.9 GB  9.3 MB/s     53s[K[A[1Gpulling manifest [K
pulling 667b0c1932bc:  90% 笆補毎笆遺毎笆遺毎笆遺毎笆遺毎笆遺毎笆遺毎笆遺毎笆・ 笆・4.4 GB/4.9 GB  9.3 MB/s     53s[K[A[1Gpulling manifest [K
pulling 667b0c1932bc:  90% 笆補毎笆遺毎笆遺毎笆遺毎笆遺毎笆遺毎笆遺毎笆遺毎笆・ 笆・4.4 GB/4.9 GB  9.3 MB/s     52s[K[A[1Gpulling manifest [K
pulling 667b0c1932bc:  90% 笆補毎笆遺毎笆遺毎笆遺毎笆遺毎笆遺毎笆遺毎笆遺毎笆・ 笆・4.4 GB/4.9 GB  9.3 MB/s     52s[K[A[1Gpulling manifest [K
pulling 667b0c1932bc:  90% 笆補毎笆遺毎笆遺毎笆遺毎笆遺毎笆遺毎笆遺毎笆遺毎笆・ 笆・4.4 GB/4.9 GB  9.3 MB/s     52s[K[A[1Gpulling manifest [K
pulling 667b0c1932bc:  90% 笆補毎笆遺毎笆遺毎笆遺毎笆遺毎笆遺毎笆遺毎笆遺毎笆・ 笆・4.4 GB/4.9 GB  9.3 MB/s     52s[K[A[1Gpulling manifest [K
pulling 667b0c1932bc:  90% 笆補毎笆遺毎笆遺毎笆遺毎笆遺毎笆遺毎笆遺毎笆遺毎笆・ 笆・4.4 GB/4.9 GB  9.3 MB/s     52s[K[A[1Gpulling manifest [K
pulling 667b0c1932bc:  90% 笆補毎笆遺毎笆遺毎笆遺毎笆遺毎笆遺毎笆遺毎笆遺毎笆・ 笆・4.4 GB/4.9 GB  9.3 MB/s     52s[K[A[1Gpulling manifest [K
pulling 667b0c1932bc:  90% 笆補毎笆遺毎笆遺毎笆遺毎笆遺毎笆遺毎笆遺毎笆遺毎笆・ 笆・4.4 GB/4.9 GB  9.3 MB/s     52s[K[A[1Gpulling manifest [K
pulling 667b0c1932bc:  90% 笆補毎笆遺毎笆遺毎笆遺毎笆遺毎笆遺毎笆遺毎笆遺毎笆・ 笆・4.4 GB/4.9 GB  9.3 MB/s     52s[K[A[1Gpulling manifest [K
pulling 667b0c1932bc:  90% 笆補毎笆遺毎笆遺毎笆遺毎笆遺毎笆遺毎笆遺毎笆遺毎笆・ 笆・4.4 GB/4.9 GB  9.3 MB/s     52s[K[A[1Gpulling manifest [K
pulling 667b0c1932bc:  90% 笆補毎笆遺毎笆遺毎笆遺毎笆遺毎笆遺毎笆遺毎笆遺毎笆・ 笆・4.4 GB/4.9 GB  9.4 MB/s     51s[K[A[1Gpulling manifest [K
pulling 667b0c1932bc:  90% 笆補毎笆遺毎笆遺毎笆遺毎笆遺毎笆遺毎笆遺毎笆遺毎笆・ 笆・4.4 GB/4.9 GB  9.4 MB/s     51s[K[A[1Gpulling manifest [K
pulling 667b0c1932bc:  90% 笆補毎笆遺毎笆遺毎笆遺毎笆遺毎笆遺毎笆遺毎笆遺毎笆・ 笆・4.4 GB/4.9 GB  9.4 MB/s     51s[K[A[1Gpulling manifest [K
pulling 667b0c1932bc:  90% 笆補毎笆遺毎笆遺毎笆遺毎笆遺毎笆遺毎笆遺毎笆遺毎笆・ 笆・4.4 GB/4.9 GB  9.4 MB/s     51s[K[A[1Gpulling manifest [K
pulling 667b0c1932bc:  90% 笆補毎笆遺毎笆遺毎笆遺毎笆遺毎笆遺毎笆遺毎笆遺毎笆・ 笆・4.4 GB/4.9 GB  9.4 MB/s     51s[K[A[1Gpulling manifest [K
pulling 667b0c1932bc:  90% 笆補毎笆遺毎笆遺毎笆遺毎笆遺毎笆遺毎笆遺毎笆遺毎笆・ 笆・4.4 GB/4.9 GB  9.4 MB/s     51s[K[A[1Gpulling manifest [K
pulling 667b0c1932bc:  90% 笆補毎笆遺毎笆遺毎笆遺毎笆遺毎笆遺毎笆遺毎笆遺毎笆・ 笆・4.4 GB/4.9 GB  9.4 MB/s     51s[K[A[1Gpulling manifest [K
pulling 667b0c1932bc:  90% 笆補毎笆遺毎笆遺毎笆遺毎笆遺毎笆遺毎笆遺毎笆遺毎笆・ 笆・4.4 GB/4.9 GB  9.4 MB/s     50s[K[A[1Gpulling manifest [K
pulling 667b0c1932bc:  90% 笆補毎笆遺毎笆遺毎笆遺毎笆遺毎笆遺毎笆遺毎笆遺毎笆・ 笆・4.4 GB/4.9 GB  9.4 MB/s     50s[K[A[1Gpulling manifest [K
pulling 667b0c1932bc:  90% 笆補毎笆遺毎笆遺毎笆遺毎笆遺毎笆遺毎笆遺毎笆遺毎笆・ 笆・4.4 GB/4.9 GB  9.4 MB/s     50s[K[A[1Gpulling manifest [K
pulling 667b0c1932bc:  90% 笆補毎笆遺毎笆遺毎笆遺毎笆遺毎笆遺毎笆遺毎笆遺毎笆・ 笆・4.4 GB/4.9 GB  9.5 MB/s     50s[K[A[1Gpulling manifest [K
pulling 667b0c1932bc:  90% 笆補毎笆遺毎笆遺毎笆遺毎笆遺毎笆遺毎笆遺毎笆遺毎笆・ 笆・4.4 GB/4.9 GB  9.5 MB/s     50s[K[A[1Gpulling manifest [K
pulling 667b0c1932bc:  90% 笆補毎笆遺毎笆遺毎笆遺毎笆遺毎笆遺毎笆遺毎笆遺毎笆・ 笆・4.4 GB/4.9 GB  9.5 MB/s     50s[K[A[1Gpulling manifest [K
pulling 667b0c1932bc:  90% 笆補毎笆遺毎笆遺毎笆遺毎笆遺毎笆遺毎笆遺毎笆遺毎笆・ 笆・4.4 GB/4.9 GB  9.5 MB/s     50s[K[A[1Gpulling manifest [K
pulling 667b0c1932bc:  90% 笆補毎笆遺毎笆遺毎笆遺毎笆遺毎笆遺毎笆遺毎笆遺毎笆・ 笆・4.4 GB/4.9 GB  9.5 MB/s     50s[K[A[1Gpulling manifest [K
pulling 667b0c1932bc:  90% 笆補毎笆遺毎笆遺毎笆遺毎笆遺毎笆遺毎笆遺毎笆遺毎笆・ 笆・4.4 GB/4.9 GB  9.5 MB/s     50s[K[A[1Gpulling manifest [K
pulling 667b0c1932bc:  90% 笆補毎笆遺毎笆遺毎笆遺毎笆遺毎笆遺毎笆遺毎笆遺毎笆・ 笆・4.4 GB/4.9 GB  9.5 MB/s     50s[K[A[1Gpulling manifest [K
pulling 667b0c1932bc:  90% 笆補毎笆遺毎笆遺毎笆遺毎笆遺毎笆遺毎笆遺毎笆遺毎笆・ 笆・4.4 GB/4.9 GB  9.5 MB/s     49s[K[A[1Gpulling manifest [K
pulling 667b0c1932bc:  90% 笆補毎笆遺毎笆遺毎笆遺毎笆遺毎笆遺毎笆遺毎笆遺毎笆・ 笆・4.4 GB/4.9 GB  9.5 MB/s     49s[K[A[1Gpulling manifest [K
pulling 667b0c1932bc:  90% 笆補毎笆遺毎笆遺毎笆遺毎笆遺毎笆遺毎笆遺毎笆遺毎笆・ 笆・4.5 GB/4.9 GB  9.5 MB/s     49s[K[A[1Gpulling manifest [K
pulling 667b0c1932bc:  90% 笆補毎笆遺毎笆遺毎笆遺毎笆遺毎笆遺毎笆遺毎笆遺毎笆・ 笆・4.5 GB/4.9 GB  9.2 MB/s     51s[K[A[1Gpulling manifest [K
pulling 667b0c1932bc:  90% 笆補毎笆遺毎笆遺毎笆遺毎笆遺毎笆遺毎笆遺毎笆遺毎笆・ 笆・4.5 GB/4.9 GB  9.2 MB/s     51s[K[A[1Gpulling manifest [K
pulling 667b0c1932bc:  90% 笆補毎笆遺毎笆遺毎笆遺毎笆遺毎笆遺毎笆遺毎笆遺毎笆・ 笆・4.5 GB/4.9 GB  9.2 MB/s     51s[K[A[1Gpulling manifest [K
pulling 667b0c1932bc:  91% 笆補毎笆遺毎笆遺毎笆遺毎笆遺毎笆遺毎笆遺毎笆遺毎笆・ 笆・4.5 GB/4.9 GB  9.2 MB/s     50s[K[A[1Gpulling manifest [K
pulling 667b0c1932bc:  91% 笆補毎笆遺毎笆遺毎笆遺毎笆遺毎笆遺毎笆遺毎笆遺毎笆・ 笆・4.5 GB/4.9 GB  9.2 MB/s     50s[K[A[1Gpulling manifest [K
pulling 667b0c1932bc:  91% 笆補毎笆遺毎笆遺毎笆遺毎笆遺毎笆遺毎笆遺毎笆遺毎笆・ 笆・4.5 GB/4.9 GB  9.2 MB/s     50s[K[A[1Gpulling manifest [K
pulling 667b0c1932bc:  91% 笆補毎笆遺毎笆遺毎笆遺毎笆遺毎笆遺毎笆遺毎笆遺毎笆・ 笆・4.5 GB/4.9 GB  9.2 MB/s     50s[K[A[1Gpulling manifest [K
pulling 667b0c1932bc:  91% 笆補毎笆遺毎笆遺毎笆遺毎笆遺毎笆遺毎笆遺毎笆遺毎笆・ 笆・4.5 GB/4.9 GB  9.2 MB/s     50s[K[A[1Gpulling manifest [K
pulling 667b0c1932bc:  91% 笆補毎笆遺毎笆遺毎笆遺毎笆遺毎笆遺毎笆遺毎笆遺毎笆・ 笆・4.5 GB/4.9 GB  9.2 MB/s     50s[K[A[1Gpulling manifest [K
pulling 667b0c1932bc:  91% 笆補毎笆遺毎笆遺毎笆遺毎笆遺毎笆遺毎笆遺毎笆遺毎笆・ 笆・4.5 GB/4.9 GB  9.2 MB/s     50s[K[A[1Gpulling manifest [K
pulling 667b0c1932bc:  91% 笆補毎笆遺毎笆遺毎笆遺毎笆遺毎笆遺毎笆遺毎笆遺毎笆・ 笆・4.5 GB/4.9 GB  9.0 MB/s     51s[K[A[1Gpulling manifest [K
pulling 667b0c1932bc:  91% 笆補毎笆遺毎笆遺毎笆遺毎笆遺毎笆遺毎笆遺毎笆遺毎笆・ 笆・4.5 GB/4.9 GB  9.0 MB/s     51s[K[A[1Gpulling manifest [K
pulling 667b0c1932bc:  91% 笆補毎笆遺毎笆遺毎笆遺毎笆遺毎笆遺毎笆遺毎笆遺毎笆・ 笆・4.5 GB/4.9 GB  9.0 MB/s     50s[K[A[1Gpulling manifest [K
pulling 667b0c1932bc:  91% 笆補毎笆遺毎笆遺毎笆遺毎笆遺毎笆遺毎笆遺毎笆遺毎笆・ 笆・4.5 GB/4.9 GB  9.0 MB/s     50s[K[A[1Gpulling manifest [K
pulling 667b0c1932bc:  91% 笆補毎笆遺毎笆遺毎笆遺毎笆遺毎笆遺毎笆遺毎笆遺毎笆・ 笆・4.5 GB/4.9 GB  9.0 MB/s     50s[K[A[1Gpulling manifest [K
pulling 667b0c1932bc:  91% 笆補毎笆遺毎笆遺毎笆遺毎笆遺毎笆遺毎笆遺毎笆遺毎笆・ 笆・4.5 GB/4.9 GB  9.0 MB/s     50s[K[A[1Gpulling manifest [K
pulling 667b0c1932bc:  91% 笆補毎笆遺毎笆遺毎笆遺毎笆遺毎笆遺毎笆遺毎笆遺毎笆・ 笆・4.5 GB/4.9 GB  9.0 MB/s     50s[K[A[1Gpulling manifest [K
pulling 667b0c1932bc:  91% 笆補毎笆遺毎笆遺毎笆遺毎笆遺毎笆遺毎笆遺毎笆遺毎笆・ 笆・4.5 GB/4.9 GB  9.0 MB/s     50s[K[A[1Gpulling manifest [K
pulling 667b0c1932bc:  91% 笆補毎笆遺毎笆遺毎笆遺毎笆遺毎笆遺毎笆遺毎笆遺毎笆・ 笆・4.5 GB/4.9 GB  9.0 MB/s     50s[K[A[1Gpulling manifest [K
pulling 667b0c1932bc:  91% 笆補毎笆遺毎笆遺毎笆遺毎笆遺毎笆遺毎笆遺毎笆遺毎笆・ 笆・4.5 GB/4.9 GB  9.0 MB/s     49s[K[A[1Gpulling manifest [K
pulling 667b0c1932bc:  91% 笆補毎笆遺毎笆遺毎笆遺毎笆遺毎笆遺毎笆遺毎笆遺毎笆・ 笆・4.5 GB/4.9 GB  9.0 MB/s     49s[K[A[1Gpulling manifest [K
pulling 667b0c1932bc:  91% 笆補毎笆遺毎笆遺毎笆遺毎笆遺毎笆遺毎笆遺毎笆遺毎笆・ 笆・4.5 GB/4.9 GB  9.3 MB/s     48s[K[A[1Gpulling manifest [K
pulling 667b0c1932bc:  91% 笆補毎笆遺毎笆遺毎笆遺毎笆遺毎笆遺毎笆遺毎笆遺毎笆・ 笆・4.5 GB/4.9 GB  9.3 MB/s     48s[K[A[1Gpulling manifest [K
pulling 667b0c1932bc:  91% 笆補毎笆遺毎笆遺毎笆遺毎笆遺毎笆遺毎笆遺毎笆遺毎笆・ 笆・4.5 GB/4.9 GB  9.3 MB/s     48s[K[A[1Gpulling manifest [K
pulling 667b0c1932bc:  91% 笆補毎笆遺毎笆遺毎笆遺毎笆遺毎笆遺毎笆遺毎笆遺毎笆・ 笆・4.5 GB/4.9 GB  9.3 MB/s     48s[K[A[1Gpulling manifest [K
pulling 667b0c1932bc:  91% 笆補毎笆遺毎笆遺毎笆遺毎笆遺毎笆遺毎笆遺毎笆遺毎笆・ 笆・4.5 GB/4.9 GB  9.3 MB/s     48s[K[A[1Gpulling manifest [K
pulling 667b0c1932bc:  91% 笆補毎笆遺毎笆遺毎笆遺毎笆遺毎笆遺毎笆遺毎笆遺毎笆・ 笆・4.5 GB/4.9 GB  9.3 MB/s     48s[K[A[1Gpulling manifest [K
pulling 667b0c1932bc:  91% 笆補毎笆遺毎笆遺毎笆遺毎笆遺毎笆遺毎笆遺毎笆遺毎笆・ 笆・4.5 GB/4.9 GB  9.3 MB/s     47s[K[A[1Gpulling manifest [K
pulling 667b0c1932bc:  91% 笆補毎笆遺毎笆遺毎笆遺毎笆遺毎笆遺毎笆遺毎笆遺毎笆・ 笆・4.5 GB/4.9 GB  9.3 MB/s     47s[K[A[1Gpulling manifest [K
pulling 667b0c1932bc:  91% 笆補毎笆遺毎笆遺毎笆遺毎笆遺毎笆遺毎笆遺毎笆遺毎笆・ 笆・4.5 GB/4.9 GB  9.3 MB/s     47s[K[A[1Gpulling manifest [K
pulling 667b0c1932bc:  91% 笆補毎笆遺毎笆遺毎笆遺毎笆遺毎笆遺毎笆遺毎笆遺毎笆・ 笆・4.5 GB/4.9 GB  9.3 MB/s     47s[K[A[1Gpulling manifest [K
pulling 667b0c1932bc:  91% 笆補毎笆遺毎笆遺毎笆遺毎笆遺毎笆遺毎笆遺毎笆遺毎笆・ 笆・4.5 GB/4.9 GB  9.2 MB/s     48s[K[A[1Gpulling manifest [K
pulling 667b0c1932bc:  91% 笆補毎笆遺毎笆遺毎笆遺毎笆遺毎笆遺毎笆遺毎笆遺毎笆・ 笆・4.5 GB/4.9 GB  9.2 MB/s     48s[K[A[1Gpulling manifest [K
pulling 667b0c1932bc:  91% 笆補毎笆遺毎笆遺毎笆遺毎笆遺毎笆遺毎笆遺毎笆遺毎笆・ 笆・4.5 GB/4.9 GB  9.2 MB/s     47s[K[A[1Gpulling manifest [K
pulling 667b0c1932bc:  91% 笆補毎笆遺毎笆遺毎笆遺毎笆遺毎笆遺毎笆遺毎笆遺毎笆・ 笆・4.5 GB/4.9 GB  9.2 MB/s     47s[K[A[1Gpulling manifest [K
pulling 667b0c1932bc:  91% 笆補毎笆遺毎笆遺毎笆遺毎笆遺毎笆遺毎笆遺毎笆遺毎笆・ 笆・4.5 GB/4.9 GB  9.2 MB/s     47s[K[A[1Gpulling manifest [K
pulling 667b0c1932bc:  91% 笆補毎笆遺毎笆遺毎笆遺毎笆遺毎笆遺毎笆遺毎笆遺毎笆・ 笆・4.5 GB/4.9 GB  9.2 MB/s     47s[K[A[1Gpulling manifest [K
pulling 667b0c1932bc:  91% 笆補毎笆遺毎笆遺毎笆遺毎笆遺毎笆遺毎笆遺毎笆遺毎笆・ 笆・4.5 GB/4.9 GB  9.2 MB/s     47s[K[A[1Gpulling manifest [K
pulling 667b0c1932bc:  91% 笆補毎笆遺毎笆遺毎笆遺毎笆遺毎笆遺毎笆遺毎笆遺毎笆・ 笆・4.5 GB/4.9 GB  9.2 MB/s     47s[K[A[1Gpulling manifest [K
pulling 667b0c1932bc:  91% 笆補毎笆遺毎笆遺毎笆遺毎笆遺毎笆遺毎笆遺毎笆遺毎笆・ 笆・4.5 GB/4.9 GB  9.2 MB/s     47s[K[A[1Gpulling manifest [K
pulling 667b0c1932bc:  91% 笆補毎笆遺毎笆遺毎笆遺毎笆遺毎笆遺毎笆遺毎笆遺毎笆・ 笆・4.5 GB/4.9 GB  9.2 MB/s     47s[K[A[1Gpulling manifest [K
pulling 667b0c1932bc:  91% 笆補毎笆遺毎笆遺毎笆遺毎笆遺毎笆遺毎笆遺毎笆遺毎笆・ 笆・4.5 GB/4.9 GB  9.1 MB/s     47s[K[A[1Gpulling manifest [K
pulling 667b0c1932bc:  91% 笆補毎笆遺毎笆遺毎笆遺毎笆遺毎笆遺毎笆遺毎笆遺毎笆・ 笆・4.5 GB/4.9 GB  9.1 MB/s     47s[K[A[1Gpulling manifest [K
pulling 667b0c1932bc:  91% 笆補毎笆遺毎笆遺毎笆遺毎笆遺毎笆遺毎笆遺毎笆遺毎笆・ 笆・4.5 GB/4.9 GB  9.1 MB/s     47s[K[A[1Gpulling manifest [K
pulling 667b0c1932bc:  91% 笆補毎笆遺毎笆遺毎笆遺毎笆遺毎笆遺毎笆遺毎笆遺毎笆・ 笆・4.5 GB/4.9 GB  9.1 MB/s     47s[K[A[1Gpulling manifest [K
pulling 667b0c1932bc:  91% 笆補毎笆遺毎笆遺毎笆遺毎笆遺毎笆遺毎笆遺毎笆遺毎笆・ 笆・4.5 GB/4.9 GB  9.1 MB/s     46s[K[A[1Gpulling manifest [K
pulling 667b0c1932bc:  91% 笆補毎笆遺毎笆遺毎笆遺毎笆遺毎笆遺毎笆遺毎笆遺毎笆・ 笆・4.5 GB/4.9 GB  9.1 MB/s     46s[K[A[1Gpulling manifest [K
pulling 667b0c1932bc:  91% 笆補毎笆遺毎笆遺毎笆遺毎笆遺毎笆遺毎笆遺毎笆遺毎笆・ 笆・4.5 GB/4.9 GB  9.1 MB/s     46s[K[A[1Gpulling manifest [K
pulling 667b0c1932bc:  91% 笆補毎笆遺毎笆遺毎笆遺毎笆遺毎笆遺毎笆遺毎笆遺毎笆・ 笆・4.5 GB/4.9 GB  9.1 MB/s     46s[K[A[1Gpulling manifest [K
pulling 667b0c1932bc:  91% 笆補毎笆遺毎笆遺毎笆遺毎笆遺毎笆遺毎笆遺毎笆遺毎笆・ 笆・4.5 GB/4.9 GB  9.1 MB/s     46s[K[A[1Gpulling manifest [K
pulling 667b0c1932bc:  91% 笆補毎笆遺毎笆遺毎笆遺毎笆遺毎笆遺毎笆遺毎笆遺毎笆・ 笆・4.5 GB/4.9 GB  9.1 MB/s     46s[K[A[1Gpulling manifest [K
pulling 667b0c1932bc:  91% 笆補毎笆遺毎笆遺毎笆遺毎笆遺毎笆遺毎笆遺毎笆遺毎笆・ 笆・4.5 GB/4.9 GB  9.4 MB/s     44s[K[A[1Gpulling manifest [K
pulling 667b0c1932bc:  91% 笆補毎笆遺毎笆遺毎笆遺毎笆遺毎笆遺毎笆遺毎笆遺毎笆・ 笆・4.5 GB/4.9 GB  9.4 MB/s     44s[K[A[1Gpulling manifest [K
pulling 667b0c1932bc:  91% 笆補毎笆遺毎笆遺毎笆遺毎笆遺毎笆遺毎笆遺毎笆遺毎笆・ 笆・4.5 GB/4.9 GB  9.4 MB/s     44s[K[A[1Gpulling manifest [K
pulling 667b0c1932bc:  91% 笆補毎笆遺毎笆遺毎笆遺毎笆遺毎笆遺毎笆遺毎笆遺毎笆・ 笆・4.5 GB/4.9 GB  9.4 MB/s     44s[K[A[1Gpulling manifest [K
pulling 667b0c1932bc:  91% 笆補毎笆遺毎笆遺毎笆遺毎笆遺毎笆遺毎笆遺毎笆遺毎笆・ 笆・4.5 GB/4.9 GB  9.4 MB/s     44s[K[A[1Gpulling manifest [K
pulling 667b0c1932bc:  91% 笆補毎笆遺毎笆遺毎笆遺毎笆遺毎笆遺毎笆遺毎笆遺毎笆・ 笆・4.5 GB/4.9 GB  9.4 MB/s     44s[K[A[1Gpulling manifest [K
pulling 667b0c1932bc:  92% 笆補毎笆遺毎笆遺毎笆遺毎笆遺毎笆遺毎笆遺毎笆遺毎笆・ 笆・4.5 GB/4.9 GB  9.4 MB/s     44s[K[A[1Gpulling manifest [K
pulling 667b0c1932bc:  92% 笆補毎笆遺毎笆遺毎笆遺毎笆遺毎笆遺毎笆遺毎笆遺毎笆・ 笆・4.5 GB/4.9 GB  9.4 MB/s     44s[K[A[1Gpulling manifest [K
pulling 667b0c1932bc:  92% 笆補毎笆遺毎笆遺毎笆遺毎笆遺毎笆遺毎笆遺毎笆遺毎笆・ 笆・4.5 GB/4.9 GB  9.4 MB/s     44s[K[A[1Gpulling manifest [K
pulling 667b0c1932bc:  92% 笆補毎笆遺毎笆遺毎笆遺毎笆遺毎笆遺毎笆遺毎笆遺毎笆・ 笆・4.5 GB/4.9 GB  9.4 MB/s     44s[K[A[1Gpulling manifest [K
pulling 667b0c1932bc:  92% 笆補毎笆遺毎笆遺毎笆遺毎笆遺毎笆遺毎笆遺毎笆遺毎笆・ 笆・4.5 GB/4.9 GB  9.2 MB/s     44s[K[A[1Gpulling manifest [K
pulling 667b0c1932bc:  92% 笆補毎笆遺毎笆遺毎笆遺毎笆遺毎笆遺毎笆遺毎笆遺毎笆・ 笆・4.5 GB/4.9 GB  9.2 MB/s     44s[K[A[1Gpulling manifest [K
pulling 667b0c1932bc:  92% 笆補毎笆遺毎笆遺毎笆遺毎笆遺毎笆遺毎笆遺毎笆遺毎笆・ 笆・4.5 GB/4.9 GB  9.2 MB/s     44s[K[A[1Gpulling manifest [K
pulling 667b0c1932bc:  92% 笆補毎笆遺毎笆遺毎笆遺毎笆遺毎笆遺毎笆遺毎笆遺毎笆・ 笆・4.5 GB/4.9 GB  9.2 MB/s     44s[K[A[1Gpulling manifest [K
pulling 667b0c1932bc:  92% 笆補毎笆遺毎笆遺毎笆遺毎笆遺毎笆遺毎笆遺毎笆遺毎笆・ 笆・4.5 GB/4.9 GB  9.2 MB/s     44s[K[A[1Gpulling manifest [K
pulling 667b0c1932bc:  92% 笆補毎笆遺毎笆遺毎笆遺毎笆遺毎笆遺毎笆遺毎笆遺毎笆・ 笆・4.5 GB/4.9 GB  9.2 MB/s     44s[K[A[1Gpulling manifest [K
pulling 667b0c1932bc:  92% 笆補毎笆遺毎笆遺毎笆遺毎笆遺毎笆遺毎笆遺毎笆遺毎笆・ 笆・4.5 GB/4.9 GB  9.2 MB/s     44s[K[A[1Gpulling manifest [K
pulling 667b0c1932bc:  92% 笆補毎笆遺毎笆遺毎笆遺毎笆遺毎笆遺毎笆遺毎笆遺毎笆・ 笆・4.5 GB/4.9 GB  9.2 MB/s     43s[K[A[1Gpulling manifest [K
pulling 667b0c1932bc:  92% 笆補毎笆遺毎笆遺毎笆遺毎笆遺毎笆遺毎笆遺毎笆遺毎笆・ 笆・4.5 GB/4.9 GB  9.2 MB/s     43s[K[A[1Gpulling manifest [K
pulling 667b0c1932bc:  92% 笆補毎笆遺毎笆遺毎笆遺毎笆遺毎笆遺毎笆遺毎笆遺毎笆・ 笆・4.5 GB/4.9 GB  9.2 MB/s     43s[K[A[1Gpulling manifest [K
pulling 667b0c1932bc:  92% 笆補毎笆遺毎笆遺毎笆遺毎笆遺毎笆遺毎笆遺毎笆遺毎笆・ 笆・4.5 GB/4.9 GB  9.2 MB/s     43s[K[A[1Gpulling manifest [K
pulling 667b0c1932bc:  92% 笆補毎笆遺毎笆遺毎笆遺毎笆遺毎笆遺毎笆遺毎笆遺毎笆・ 笆・4.5 GB/4.9 GB  9.2 MB/s     43s[K[A[1Gpulling manifest [K
pulling 667b0c1932bc:  92% 笆補毎笆遺毎笆遺毎笆遺毎笆遺毎笆遺毎笆遺毎笆遺毎笆・ 笆・4.5 GB/4.9 GB  9.2 MB/s     43s[K[A[1Gpulling manifest [K
pulling 667b0c1932bc:  92% 笆補毎笆遺毎笆遺毎笆遺毎笆遺毎笆遺毎笆遺毎笆遺毎笆・ 笆・4.5 GB/4.9 GB  9.2 MB/s     43s[K[A[1Gpulling manifest [K
pulling 667b0c1932bc:  92% 笆補毎笆遺毎笆遺毎笆遺毎笆遺毎笆遺毎笆遺毎笆遺毎笆・ 笆・4.5 GB/4.9 GB  9.2 MB/s     43s[K[A[1Gpulling manifest [K
pulling 667b0c1932bc:  92% 笆補毎笆遺毎笆遺毎笆遺毎笆遺毎笆遺毎笆遺毎笆遺毎笆・ 笆・4.5 GB/4.9 GB  9.2 MB/s     43s[K[A[1Gpulling manifest [K
pulling 667b0c1932bc:  92% 笆補毎笆遺毎笆遺毎笆遺毎笆遺毎笆遺毎笆遺毎笆遺毎笆・ 笆・4.5 GB/4.9 GB  9.2 MB/s     43s[K[A[1Gpulling manifest [K
pulling 667b0c1932bc:  92% 笆補毎笆遺毎笆遺毎笆遺毎笆遺毎笆遺毎笆遺毎笆遺毎笆・ 笆・4.5 GB/4.9 GB  9.2 MB/s     43s[K[A[1Gpulling manifest [K
pulling 667b0c1932bc:  92% 笆補毎笆遺毎笆遺毎笆遺毎笆遺毎笆遺毎笆遺毎笆遺毎笆・ 笆・4.5 GB/4.9 GB  9.2 MB/s     43s[K[A[1Gpulling manifest [K
pulling 667b0c1932bc:  92% 笆補毎笆遺毎笆遺毎笆遺毎笆遺毎笆遺毎笆遺毎笆遺毎笆・ 笆・4.5 GB/4.9 GB  9.2 MB/s     43s[K[A[1Gpulling manifest [K
pulling 667b0c1932bc:  92% 笆補毎笆遺毎笆遺毎笆遺毎笆遺毎笆遺毎笆遺毎笆遺毎笆・ 笆・4.5 GB/4.9 GB  9.2 MB/s     43s[K[A[1Gpulling manifest [K
pulling 667b0c1932bc:  92% 笆補毎笆遺毎笆遺毎笆遺毎笆遺毎笆遺毎笆遺毎笆遺毎笆・ 笆・4.5 GB/4.9 GB  9.1 MB/s     43s[K[A[1Gpulling manifest [K
pulling 667b0c1932bc:  92% 笆補毎笆遺毎笆遺毎笆遺毎笆遺毎笆遺毎笆遺毎笆遺毎笆・ 笆・4.5 GB/4.9 GB  9.1 MB/s     43s[K[A[1Gpulling manifest [K
pulling 667b0c1932bc:  92% 笆補毎笆遺毎笆遺毎笆遺毎笆遺毎笆遺毎笆遺毎笆遺毎笆・ 笆・4.5 GB/4.9 GB  9.1 MB/s     43s[K[A[1Gpulling manifest [K
pulling 667b0c1932bc:  92% 笆補毎笆遺毎笆遺毎笆遺毎笆遺毎笆遺毎笆遺毎笆遺毎笆・ 笆・4.5 GB/4.9 GB  9.1 MB/s     43s[K[A[1Gpulling manifest [K
pulling 667b0c1932bc:  92% 笆補毎笆遺毎笆遺毎笆遺毎笆遺毎笆遺毎笆遺毎笆遺毎笆・ 笆・4.5 GB/4.9 GB  9.1 MB/s     43s[K[A[1Gpulling manifest [K
pulling 667b0c1932bc:  92% 笆補毎笆遺毎笆遺毎笆遺毎笆遺毎笆遺毎笆遺毎笆遺毎笆・ 笆・4.5 GB/4.9 GB  9.1 MB/s     42s[K[A[1Gpulling manifest [K
pulling 667b0c1932bc:  92% 笆補毎笆遺毎笆遺毎笆遺毎笆遺毎笆遺毎笆遺毎笆遺毎笆・ 笆・4.5 GB/4.9 GB  9.1 MB/s     42s[K[A[1Gpulling manifest [K
pulling 667b0c1932bc:  92% 笆補毎笆遺毎笆遺毎笆遺毎笆遺毎笆遺毎笆遺毎笆遺毎笆・ 笆・4.5 GB/4.9 GB  9.1 MB/s     42s[K[A[1Gpulling manifest [K
pulling 667b0c1932bc:  92% 笆補毎笆遺毎笆遺毎笆遺毎笆遺毎笆遺毎笆遺毎笆遺毎笆・ 笆・4.5 GB/4.9 GB  9.1 MB/s     42s[K[A[1Gpulling manifest [K
pulling 667b0c1932bc:  92% 笆補毎笆遺毎笆遺毎笆遺毎笆遺毎笆遺毎笆遺毎笆遺毎笆・ 笆・4.5 GB/4.9 GB  9.1 MB/s     42s[K[A[1Gpulling manifest [K
pulling 667b0c1932bc:  92% 笆補毎笆遺毎笆遺毎笆遺毎笆遺毎笆遺毎笆遺毎笆遺毎笆・ 笆・4.5 GB/4.9 GB  9.2 MB/s     41s[K[A[1Gpulling manifest [K
pulling 667b0c1932bc:  92% 笆補毎笆遺毎笆遺毎笆遺毎笆遺毎笆遺毎笆遺毎笆遺毎笆・ 笆・4.5 GB/4.9 GB  9.2 MB/s     41s[K[A[1Gpulling manifest [K
pulling 667b0c1932bc:  92% 笆補毎笆遺毎笆遺毎笆遺毎笆遺毎笆遺毎笆遺毎笆遺毎笆・ 笆・4.5 GB/4.9 GB  9.2 MB/s     41s[K[A[1Gpulling manifest [K
pulling 667b0c1932bc:  92% 笆補毎笆遺毎笆遺毎笆遺毎笆遺毎笆遺毎笆遺毎笆遺毎笆・ 笆・4.5 GB/4.9 GB  9.2 MB/s     41s[K[A[1Gpulling manifest [K
pulling 667b0c1932bc:  92% 笆補毎笆遺毎笆遺毎笆遺毎笆遺毎笆遺毎笆遺毎笆遺毎笆・ 笆・4.5 GB/4.9 GB  9.2 MB/s     41s[K[A[1Gpulling manifest [K
pulling 667b0c1932bc:  92% 笆補毎笆遺毎笆遺毎笆遺毎笆遺毎笆遺毎笆遺毎笆遺毎笆・ 笆・4.5 GB/4.9 GB  9.2 MB/s     41s[K[A[1Gpulling manifest [K
pulling 667b0c1932bc:  92% 笆補毎笆遺毎笆遺毎笆遺毎笆遺毎笆遺毎笆遺毎笆遺毎笆・ 笆・4.5 GB/4.9 GB  9.2 MB/s     41s[K[A[1Gpulling manifest [K
pulling 667b0c1932bc:  92% 笆補毎笆遺毎笆遺毎笆遺毎笆遺毎笆遺毎笆遺毎笆遺毎笆・ 笆・4.5 GB/4.9 GB  9.2 MB/s     40s[K[A[1Gpulling manifest [K
pulling 667b0c1932bc:  92% 笆補毎笆遺毎笆遺毎笆遺毎笆遺毎笆遺毎笆遺毎笆遺毎笆・ 笆・4.5 GB/4.9 GB  9.2 MB/s     40s[K[A[1Gpulling manifest [K
pulling 667b0c1932bc:  92% 笆補毎笆遺毎笆遺毎笆遺毎笆遺毎笆遺毎笆遺毎笆遺毎笆・ 笆・4.5 GB/4.9 GB  9.2 MB/s     40s[K[A[1Gpulling manifest [K
pulling 667b0c1932bc:  92% 笆補毎笆遺毎笆遺毎笆遺毎笆遺毎笆遺毎笆遺毎笆遺毎笆・ 笆・4.5 GB/4.9 GB  9.4 MB/s     40s[K[A[1Gpulling manifest [K
pulling 667b0c1932bc:  92% 笆補毎笆遺毎笆遺毎笆遺毎笆遺毎笆遺毎笆遺毎笆遺毎笆・ 笆・4.5 GB/4.9 GB  9.4 MB/s     39s[K[A[1Gpulling manifest [K
pulling 667b0c1932bc:  92% 笆補毎笆遺毎笆遺毎笆遺毎笆遺毎笆遺毎笆遺毎笆遺毎笆・ 笆・4.5 GB/4.9 GB  9.4 MB/s     39s[K[A[1Gpulling manifest [K
pulling 667b0c1932bc:  92% 笆補毎笆遺毎笆遺毎笆遺毎笆遺毎笆遺毎笆遺毎笆遺毎笆・ 笆・4.5 GB/4.9 GB  9.4 MB/s     39s[K[A[1Gpulling manifest [K
pulling 667b0c1932bc:  92% 笆補毎笆遺毎笆遺毎笆遺毎笆遺毎笆遺毎笆遺毎笆遺毎笆・ 笆・4.5 GB/4.9 GB  9.4 MB/s     39s[K[A[1Gpulling manifest [K
pulling 667b0c1932bc:  92% 笆補毎笆遺毎笆遺毎笆遺毎笆遺毎笆遺毎笆遺毎笆遺毎笆・ 笆・4.5 GB/4.9 GB  9.4 MB/s     39s[K[A[1Gpulling manifest [K
pulling 667b0c1932bc:  92% 笆補毎笆遺毎笆遺毎笆遺毎笆遺毎笆遺毎笆遺毎笆遺毎笆・ 笆・4.6 GB/4.9 GB  9.4 MB/s     39s[K[A[1Gpulling manifest [K
pulling 667b0c1932bc:  93% 笆補毎笆遺毎笆遺毎笆遺毎笆遺毎笆遺毎笆遺毎笆遺毎笆・ 笆・4.6 GB/4.9 GB  9.4 MB/s     39s[K[A[1Gpulling manifest [K
pulling 667b0c1932bc:  93% 笆補毎笆遺毎笆遺毎笆遺毎笆遺毎笆遺毎笆遺毎笆遺毎笆・ 笆・4.6 GB/4.9 GB  9.4 MB/s     39s[K[A[1Gpulling manifest [K
pulling 667b0c1932bc:  93% 笆補毎笆遺毎笆遺毎笆遺毎笆遺毎笆遺毎笆遺毎笆遺毎笆・ 笆・4.6 GB/4.9 GB  9.4 MB/s     39s[K[A[1Gpulling manifest [K
pulling 667b0c1932bc:  93% 笆補毎笆遺毎笆遺毎笆遺毎笆遺毎笆遺毎笆遺毎笆遺毎笆・ 笆・4.6 GB/4.9 GB  9.4 MB/s     39s[K[A[1Gpulling manifest [K
pulling 667b0c1932bc:  93% 笆補毎笆遺毎笆遺毎笆遺毎笆遺毎笆遺毎笆遺毎笆遺毎笆・ 笆・4.6 GB/4.9 GB  9.4 MB/s     38s[K[A[1Gpulling manifest [K
pulling 667b0c1932bc:  93% 笆補毎笆遺毎笆遺毎笆遺毎笆遺毎笆遺毎笆遺毎笆遺毎笆・ 笆・4.6 GB/4.9 GB  9.4 MB/s     38s[K[A[1Gpulling manifest [K
pulling 667b0c1932bc:  93% 笆補毎笆遺毎笆遺毎笆遺毎笆遺毎笆遺毎笆遺毎笆遺毎笆・ 笆・4.6 GB/4.9 GB  9.4 MB/s     38s[K[A[1Gpulling manifest [K
pulling 667b0c1932bc:  93% 笆補毎笆遺毎笆遺毎笆遺毎笆遺毎笆遺毎笆遺毎笆遺毎笆・ 笆・4.6 GB/4.9 GB  9.4 MB/s     38s[K[A[1Gpulling manifest [K
pulling 667b0c1932bc:  93% 笆補毎笆遺毎笆遺毎笆遺毎笆遺毎笆遺毎笆遺毎笆遺毎笆・ 笆・4.6 GB/4.9 GB  9.4 MB/s     38s[K[A[1Gpulling manifest [K
pulling 667b0c1932bc:  93% 笆補毎笆遺毎笆遺毎笆遺毎笆遺毎笆遺毎笆遺毎笆遺毎笆・ 笆・4.6 GB/4.9 GB  9.4 MB/s     38s[K[A[1Gpulling manifest [K
pulling 667b0c1932bc:  93% 笆補毎笆遺毎笆遺毎笆遺毎笆遺毎笆遺毎笆遺毎笆遺毎笆・ 笆・4.6 GB/4.9 GB  9.4 MB/s     38s[K[A[1Gpulling manifest [K
pulling 667b0c1932bc:  93% 笆補毎笆遺毎笆遺毎笆遺毎笆遺毎笆遺毎笆遺毎笆遺毎笆・ 笆・4.6 GB/4.9 GB  9.4 MB/s     38s[K[A[1Gpulling manifest [K
pulling 667b0c1932bc:  93% 笆補毎笆遺毎笆遺毎笆遺毎笆遺毎笆遺毎笆遺毎笆遺毎笆・ 笆・4.6 GB/4.9 GB  9.4 MB/s     38s[K[A[1Gpulling manifest [K
pulling 667b0c1932bc:  93% 笆補毎笆遺毎笆遺毎笆遺毎笆遺毎笆遺毎笆遺毎笆遺毎笆・ 笆・4.6 GB/4.9 GB  9.4 MB/s     38s[K[A[1Gpulling manifest [K
pulling 667b0c1932bc:  93% 笆補毎笆遺毎笆遺毎笆遺毎笆遺毎笆遺毎笆遺毎笆遺毎笆・ 笆・4.6 GB/4.9 GB  9.4 MB/s     38s[K[A[1Gpulling manifest [K
pulling 667b0c1932bc:  93% 笆補毎笆遺毎笆遺毎笆遺毎笆遺毎笆遺毎笆遺毎笆遺毎笆・ 笆・4.6 GB/4.9 GB  9.4 MB/s     38s[K[A[1Gpulling manifest [K
pulling 667b0c1932bc:  93% 笆補毎笆遺毎笆遺毎笆遺毎笆遺毎笆遺毎笆遺毎笆遺毎笆・ 笆・4.6 GB/4.9 GB  9.4 MB/s     38s[K[A[1Gpulling manifest [K
pulling 667b0c1932bc:  93% 笆補毎笆遺毎笆遺毎笆遺毎笆遺毎笆遺毎笆遺毎笆遺毎笆・ 笆・4.6 GB/4.9 GB  9.4 MB/s     37s[K[A[1Gpulling manifest [K
pulling 667b0c1932bc:  93% 笆補毎笆遺毎笆遺毎笆遺毎笆遺毎笆遺毎笆遺毎笆遺毎笆・ 笆・4.6 GB/4.9 GB  9.4 MB/s     37s[K[A[1Gpulling manifest [K
pulling 667b0c1932bc:  93% 笆補毎笆遺毎笆遺毎笆遺毎笆遺毎笆遺毎笆遺毎笆遺毎笆・ 笆・4.6 GB/4.9 GB  9.4 MB/s     37s[K[A[1Gpulling manifest [K
pulling 667b0c1932bc:  93% 笆補毎笆遺毎笆遺毎笆遺毎笆遺毎笆遺毎笆遺毎笆遺毎笆・ 笆・4.6 GB/4.9 GB  9.4 MB/s     37s[K[A[1Gpulling manifest [K
pulling 667b0c1932bc:  93% 笆補毎笆遺毎笆遺毎笆遺毎笆遺毎笆遺毎笆遺毎笆遺毎笆・ 笆・4.6 GB/4.9 GB  9.4 MB/s     37s[K[A[1Gpulling manifest [K
pulling 667b0c1932bc:  93% 笆補毎笆遺毎笆遺毎笆遺毎笆遺毎笆遺毎笆遺毎笆遺毎笆・ 笆・4.6 GB/4.9 GB  9.4 MB/s     37s[K[A[1Gpulling manifest [K
pulling 667b0c1932bc:  93% 笆補毎笆遺毎笆遺毎笆遺毎笆遺毎笆遺毎笆遺毎笆遺毎笆・ 笆・4.6 GB/4.9 GB  9.4 MB/s     37s[K[A[1Gpulling manifest [K
pulling 667b0c1932bc:  93% 笆補毎笆遺毎笆遺毎笆遺毎笆遺毎笆遺毎笆遺毎笆遺毎笆・ 笆・4.6 GB/4.9 GB  9.2 MB/s     37s[K[A[1Gpulling manifest [K
pulling 667b0c1932bc:  93% 笆補毎笆遺毎笆遺毎笆遺毎笆遺毎笆遺毎笆遺毎笆遺毎笆・ 笆・4.6 GB/4.9 GB  9.2 MB/s     37s[K[A[1Gpulling manifest [K
pulling 667b0c1932bc:  93% 笆補毎笆遺毎笆遺毎笆遺毎笆遺毎笆遺毎笆遺毎笆遺毎笆・ 笆・4.6 GB/4.9 GB  9.2 MB/s     37s[K[A[1Gpulling manifest [K
pulling 667b0c1932bc:  93% 笆補毎笆遺毎笆遺毎笆遺毎笆遺毎笆遺毎笆遺毎笆遺毎笆・ 笆・4.6 GB/4.9 GB  9.2 MB/s     37s[K[A[1Gpulling manifest [K
pulling 667b0c1932bc:  93% 笆補毎笆遺毎笆遺毎笆遺毎笆遺毎笆遺毎笆遺毎笆遺毎笆・ 笆・4.6 GB/4.9 GB  9.2 MB/s     37s[K[A[1Gpulling manifest [K
pulling 667b0c1932bc:  93% 笆補毎笆遺毎笆遺毎笆遺毎笆遺毎笆遺毎笆遺毎笆遺毎笆・ 笆・4.6 GB/4.9 GB  9.2 MB/s     37s[K[A[1Gpulling manifest [K
pulling 667b0c1932bc:  93% 笆補毎笆遺毎笆遺毎笆遺毎笆遺毎笆遺毎笆遺毎笆遺毎笆・ 笆・4.6 GB/4.9 GB  9.2 MB/s     37s[K[A[1Gpulling manifest [K
pulling 667b0c1932bc:  93% 笆補毎笆遺毎笆遺毎笆遺毎笆遺毎笆遺毎笆遺毎笆遺毎笆・ 笆・4.6 GB/4.9 GB  9.2 MB/s     37s[K[A[1Gpulling manifest [K
pulling 667b0c1932bc:  93% 笆補毎笆遺毎笆遺毎笆遺毎笆遺毎笆遺毎笆遺毎笆遺毎笆・ 笆・4.6 GB/4.9 GB  9.2 MB/s     37s[K[A[1Gpulling manifest [K
pulling 667b0c1932bc:  93% 笆補毎笆遺毎笆遺毎笆遺毎笆遺毎笆遺毎笆遺毎笆遺毎笆・ 笆・4.6 GB/4.9 GB  9.2 MB/s     37s[K[A[1Gpulling manifest [K
pulling 667b0c1932bc:  93% 笆補毎笆遺毎笆遺毎笆遺毎笆遺毎笆遺毎笆遺毎笆遺毎笆・ 笆・4.6 GB/4.9 GB  8.9 MB/s     38s[K[A[1Gpulling manifest [K
pulling 667b0c1932bc:  93% 笆補毎笆遺毎笆遺毎笆遺毎笆遺毎笆遺毎笆遺毎笆遺毎笆・ 笆・4.6 GB/4.9 GB  8.9 MB/s     38s[K[A[1Gpulling manifest [K
pulling 667b0c1932bc:  93% 笆補毎笆遺毎笆遺毎笆遺毎笆遺毎笆遺毎笆遺毎笆遺毎笆・ 笆・4.6 GB/4.9 GB  8.9 MB/s     38s[K[A[1Gpulling manifest [K
pulling 667b0c1932bc:  93% 笆補毎笆遺毎笆遺毎笆遺毎笆遺毎笆遺毎笆遺毎笆遺毎笆・ 笆・4.6 GB/4.9 GB  8.9 MB/s     38s[K[A[1Gpulling manifest [K
pulling 667b0c1932bc:  93% 笆補毎笆遺毎笆遺毎笆遺毎笆遺毎笆遺毎笆遺毎笆遺毎笆・ 笆・4.6 GB/4.9 GB  8.9 MB/s     37s[K[A[1Gpulling manifest [K
pulling 667b0c1932bc:  93% 笆補毎笆遺毎笆遺毎笆遺毎笆遺毎笆遺毎笆遺毎笆遺毎笆・ 笆・4.6 GB/4.9 GB  8.9 MB/s     37s[K[A[1Gpulling manifest [K
pulling 667b0c1932bc:  93% 笆補毎笆遺毎笆遺毎笆遺毎笆遺毎笆遺毎笆遺毎笆遺毎笆・ 笆・4.6 GB/4.9 GB  8.9 MB/s     37s[K[A[1Gpulling manifest [K
pulling 667b0c1932bc:  93% 笆補毎笆遺毎笆遺毎笆遺毎笆遺毎笆遺毎笆遺毎笆遺毎笆・ 笆・4.6 GB/4.9 GB  8.9 MB/s     37s[K[A[1Gpulling manifest [K
pulling 667b0c1932bc:  93% 笆補毎笆遺毎笆遺毎笆遺毎笆遺毎笆遺毎笆遺毎笆遺毎笆・ 笆・4.6 GB/4.9 GB  8.9 MB/s     37s[K[A[1Gpulling manifest [K
pulling 667b0c1932bc:  93% 笆補毎笆遺毎笆遺毎笆遺毎笆遺毎笆遺毎笆遺毎笆遺毎笆・ 笆・4.6 GB/4.9 GB  8.9 MB/s     37s[K[A[1Gpulling manifest [K
pulling 667b0c1932bc:  93% 笆補毎笆遺毎笆遺毎笆遺毎笆遺毎笆遺毎笆遺毎笆遺毎笆・ 笆・4.6 GB/4.9 GB  9.0 MB/s     36s[K[A[1Gpulling manifest [K
pulling 667b0c1932bc:  93% 笆補毎笆遺毎笆遺毎笆遺毎笆遺毎笆遺毎笆遺毎笆遺毎笆・ 笆・4.6 GB/4.9 GB  9.0 MB/s     36s[K[A[1Gpulling manifest [K
pulling 667b0c1932bc:  93% 笆補毎笆遺毎笆遺毎笆遺毎笆遺毎笆遺毎笆遺毎笆遺毎笆・ 笆・4.6 GB/4.9 GB  9.0 MB/s     36s[K[A[1Gpulling manifest [K
pulling 667b0c1932bc:  93% 笆補毎笆遺毎笆遺毎笆遺毎笆遺毎笆遺毎笆遺毎笆遺毎笆・ 笆・4.6 GB/4.9 GB  9.0 MB/s     36s[K[A[1Gpulling manifest [K
pulling 667b0c1932bc:  93% 笆補毎笆遺毎笆遺毎笆遺毎笆遺毎笆遺毎笆遺毎笆遺毎笆・ 笆・4.6 GB/4.9 GB  9.0 MB/s     36s[K[A[1Gpulling manifest [K
pulling 667b0c1932bc:  93% 笆補毎笆遺毎笆遺毎笆遺毎笆遺毎笆遺毎笆遺毎笆遺毎笆・ 笆・4.6 GB/4.9 GB  9.0 MB/s     36s[K[A[1Gpulling manifest [K
pulling 667b0c1932bc:  93% 笆補毎笆遺毎笆遺毎笆遺毎笆遺毎笆遺毎笆遺毎笆遺毎笆・ 笆・4.6 GB/4.9 GB  9.0 MB/s     36s[K[A[1Gpulling manifest [K
pulling 667b0c1932bc:  93% 笆補毎笆遺毎笆遺毎笆遺毎笆遺毎笆遺毎笆遺毎笆遺毎笆・ 笆・4.6 GB/4.9 GB  9.0 MB/s     35s[K[A[1Gpulling manifest [K
pulling 667b0c1932bc:  93% 笆補毎笆遺毎笆遺毎笆遺毎笆遺毎笆遺毎笆遺毎笆遺毎笆・ 笆・4.6 GB/4.9 GB  9.0 MB/s     35s[K[A[1Gpulling manifest [K
pulling 667b0c1932bc:  93% 笆補毎笆遺毎笆遺毎笆遺毎笆遺毎笆遺毎笆遺毎笆遺毎笆・ 笆・4.6 GB/4.9 GB  9.0 MB/s     35s[K[A[1Gpulling manifest [K
pulling 667b0c1932bc:  93% 笆補毎笆遺毎笆遺毎笆遺毎笆遺毎笆遺毎笆遺毎笆遺毎笆・ 笆・4.6 GB/4.9 GB  8.9 MB/s     36s[K[A[1Gpulling manifest [K
pulling 667b0c1932bc:  93% 笆補毎笆遺毎笆遺毎笆遺毎笆遺毎笆遺毎笆遺毎笆遺毎笆・ 笆・4.6 GB/4.9 GB  8.9 MB/s     36s[K[A[1Gpulling manifest [K
pulling 667b0c1932bc:  93% 笆補毎笆遺毎笆遺毎笆遺毎笆遺毎笆遺毎笆遺毎笆遺毎笆・ 笆・4.6 GB/4.9 GB  8.9 MB/s     36s[K[A[1Gpulling manifest [K
pulling 667b0c1932bc:  93% 笆補毎笆遺毎笆遺毎笆遺毎笆遺毎笆遺毎笆遺毎笆遺毎笆・ 笆・4.6 GB/4.9 GB  8.9 MB/s     36s[K[A[1Gpulling manifest [K
pulling 667b0c1932bc:  94% 笆補毎笆遺毎笆遺毎笆遺毎笆遺毎笆遺毎笆遺毎笆遺毎笆・ 笆・4.6 GB/4.9 GB  8.9 MB/s     35s[K[A[1Gpulling manifest [K
pulling 667b0c1932bc:  94% 笆補毎笆遺毎笆遺毎笆遺毎笆遺毎笆遺毎笆遺毎笆遺毎笆・ 笆・4.6 GB/4.9 GB  8.9 MB/s     35s[K[A[1Gpulling manifest [K
pulling 667b0c1932bc:  94% 笆補毎笆遺毎笆遺毎笆遺毎笆遺毎笆遺毎笆遺毎笆遺毎笆・ 笆・4.6 GB/4.9 GB  8.9 MB/s     35s[K[A[1Gpulling manifest [K
pulling 667b0c1932bc:  94% 笆補毎笆遺毎笆遺毎笆遺毎笆遺毎笆遺毎笆遺毎笆遺毎笆・ 笆・4.6 GB/4.9 GB  8.9 MB/s     35s[K[A[1Gpulling manifest [K
pulling 667b0c1932bc:  94% 笆補毎笆遺毎笆遺毎笆遺毎笆遺毎笆遺毎笆遺毎笆遺毎笆・ 笆・4.6 GB/4.9 GB  8.9 MB/s     35s[K[A[1Gpulling manifest [K
pulling 667b0c1932bc:  94% 笆補毎笆遺毎笆遺毎笆遺毎笆遺毎笆遺毎笆遺毎笆遺毎笆・ 笆・4.6 GB/4.9 GB  8.9 MB/s     35s[K[A[1Gpulling manifest [K
pulling 667b0c1932bc:  94% 笆補毎笆遺毎笆遺毎笆遺毎笆遺毎笆遺毎笆遺毎笆遺毎笆・ 笆・4.6 GB/4.9 GB  8.9 MB/s     35s[K[A[1Gpulling manifest [K
pulling 667b0c1932bc:  94% 笆補毎笆遺毎笆遺毎笆遺毎笆遺毎笆遺毎笆遺毎笆遺毎笆・ 笆・4.6 GB/4.9 GB  9.2 MB/s     34s[K[A[1Gpulling manifest [K
pulling 667b0c1932bc:  94% 笆補毎笆遺毎笆遺毎笆遺毎笆遺毎笆遺毎笆遺毎笆遺毎笆・ 笆・4.6 GB/4.9 GB  9.2 MB/s     34s[K[A[1Gpulling manifest [K
pulling 667b0c1932bc:  94% 笆補毎笆遺毎笆遺毎笆遺毎笆遺毎笆遺毎笆遺毎笆遺毎笆・ 笆・4.6 GB/4.9 GB  9.2 MB/s     34s[K[A[1Gpulling manifest [K
pulling 667b0c1932bc:  94% 笆補毎笆遺毎笆遺毎笆遺毎笆遺毎笆遺毎笆遺毎笆遺毎笆・ 笆・4.6 GB/4.9 GB  9.2 MB/s     33s[K[A[1Gpulling manifest [K
pulling 667b0c1932bc:  94% 笆補毎笆遺毎笆遺毎笆遺毎笆遺毎笆遺毎笆遺毎笆遺毎笆・ 笆・4.6 GB/4.9 GB  9.2 MB/s     33s[K[A[1Gpulling manifest [K
pulling 667b0c1932bc:  94% 笆補毎笆遺毎笆遺毎笆遺毎笆遺毎笆遺毎笆遺毎笆遺毎笆・ 笆・4.6 GB/4.9 GB  9.2 MB/s     33s[K[A[1Gpulling manifest [K
pulling 667b0c1932bc:  94% 笆補毎笆遺毎笆遺毎笆遺毎笆遺毎笆遺毎笆遺毎笆遺毎笆・ 笆・4.6 GB/4.9 GB  9.2 MB/s     33s[K[A[1Gpulling manifest [K
pulling 667b0c1932bc:  94% 笆補毎笆遺毎笆遺毎笆遺毎笆遺毎笆遺毎笆遺毎笆遺毎笆・ 笆・4.6 GB/4.9 GB  9.2 MB/s     33s[K[A[1Gpulling manifest [K
pulling 667b0c1932bc:  94% 笆補毎笆遺毎笆遺毎笆遺毎笆遺毎笆遺毎笆遺毎笆遺毎笆・ 笆・4.6 GB/4.9 GB  9.2 MB/s     33s[K[A[1Gpulling manifest [K
pulling 667b0c1932bc:  94% 笆補毎笆遺毎笆遺毎笆遺毎笆遺毎笆遺毎笆遺毎笆遺毎笆・ 笆・4.6 GB/4.9 GB  9.2 MB/s     33s[K[A[1Gpulling manifest [K
pulling 667b0c1932bc:  94% 笆補毎笆遺毎笆遺毎笆遺毎笆遺毎笆遺毎笆遺毎笆遺毎笆・ 笆・4.6 GB/4.9 GB  9.0 MB/s     33s[K[A[1Gpulling manifest [K
pulling 667b0c1932bc:  94% 笆補毎笆遺毎笆遺毎笆遺毎笆遺毎笆遺毎笆遺毎笆遺毎笆・ 笆・4.6 GB/4.9 GB  9.0 MB/s     33s[K[A[1Gpulling manifest [K
pulling 667b0c1932bc:  94% 笆補毎笆遺毎笆遺毎笆遺毎笆遺毎笆遺毎笆遺毎笆遺毎笆・ 笆・4.6 GB/4.9 GB  9.0 MB/s     33s[K[A[1Gpulling manifest [K
pulling 667b0c1932bc:  94% 笆補毎笆遺毎笆遺毎笆遺毎笆遺毎笆遺毎笆遺毎笆遺毎笆・ 笆・4.6 GB/4.9 GB  9.0 MB/s     33s[K[A[1Gpulling manifest [K
pulling 667b0c1932bc:  94% 笆補毎笆遺毎笆遺毎笆遺毎笆遺毎笆遺毎笆遺毎笆遺毎笆・ 笆・4.6 GB/4.9 GB  9.0 MB/s     33s[K[A[1Gpulling manifest [K
pulling 667b0c1932bc:  94% 笆補毎笆遺毎笆遺毎笆遺毎笆遺毎笆遺毎笆遺毎笆遺毎笆・ 笆・4.6 GB/4.9 GB  9.0 MB/s     33s[K[A[1Gpulling manifest [K
pulling 667b0c1932bc:  94% 笆補毎笆遺毎笆遺毎笆遺毎笆遺毎笆遺毎笆遺毎笆遺毎笆・ 笆・4.6 GB/4.9 GB  9.0 MB/s     32s[K[A[1Gpulling manifest [K
pulling 667b0c1932bc:  94% 笆補毎笆遺毎笆遺毎笆遺毎笆遺毎笆遺毎笆遺毎笆遺毎笆・ 笆・4.6 GB/4.9 GB  9.0 MB/s     32s[K[A[1Gpulling manifest [K
pulling 667b0c1932bc:  94% 笆補毎笆遺毎笆遺毎笆遺毎笆遺毎笆遺毎笆遺毎笆遺毎笆・ 笆・4.6 GB/4.9 GB  9.0 MB/s     32s[K[A[1Gpulling manifest [K
pulling 667b0c1932bc:  94% 笆補毎笆遺毎笆遺毎笆遺毎笆遺毎笆遺毎笆遺毎笆遺毎笆・ 笆・4.6 GB/4.9 GB  9.0 MB/s     32s[K[A[1Gpulling manifest [K
pulling 667b0c1932bc:  94% 笆補毎笆遺毎笆遺毎笆遺毎笆遺毎笆遺毎笆遺毎笆遺毎笆・ 笆・4.6 GB/4.9 GB  9.0 MB/s     32s[K[A[1Gpulling manifest [K
pulling 667b0c1932bc:  94% 笆補毎笆遺毎笆遺毎笆遺毎笆遺毎笆遺毎笆遺毎笆遺毎笆・ 笆・4.6 GB/4.9 GB  9.0 MB/s     32s[K[A[1Gpulling manifest [K
pulling 667b0c1932bc:  94% 笆補毎笆遺毎笆遺毎笆遺毎笆遺毎笆遺毎笆遺毎笆遺毎笆・ 笆・4.6 GB/4.9 GB  9.0 MB/s     32s[K[A[1Gpulling manifest [K
pulling 667b0c1932bc:  94% 笆補毎笆遺毎笆遺毎笆遺毎笆遺毎笆遺毎笆遺毎笆遺毎笆・ 笆・4.6 GB/4.9 GB  9.0 MB/s     32s[K[A[1Gpulling manifest [K
pulling 667b0c1932bc:  94% 笆補毎笆遺毎笆遺毎笆遺毎笆遺毎笆遺毎笆遺毎笆遺毎笆・ 笆・4.6 GB/4.9 GB  9.0 MB/s     32s[K[A[1Gpulling manifest [K
pulling 667b0c1932bc:  94% 笆補毎笆遺毎笆遺毎笆遺毎笆遺毎笆遺毎笆遺毎笆遺毎笆・ 笆・4.6 GB/4.9 GB  9.0 MB/s     32s[K[A[1Gpulling manifest [K
pulling 667b0c1932bc:  94% 笆補毎笆遺毎笆遺毎笆遺毎笆遺毎笆遺毎笆遺毎笆遺毎笆・ 笆・4.6 GB/4.9 GB  9.0 MB/s     32s[K[A[1Gpulling manifest [K
pulling 667b0c1932bc:  94% 笆補毎笆遺毎笆遺毎笆遺毎笆遺毎笆遺毎笆遺毎笆遺毎笆・ 笆・4.6 GB/4.9 GB  9.0 MB/s     32s[K[A[1Gpulling manifest [K
pulling 667b0c1932bc:  94% 笆補毎笆遺毎笆遺毎笆遺毎笆遺毎笆遺毎笆遺毎笆遺毎笆・ 笆・4.6 GB/4.9 GB  9.0 MB/s     32s[K[A[1Gpulling manifest [K
pulling 667b0c1932bc:  94% 笆補毎笆遺毎笆遺毎笆遺毎笆遺毎笆遺毎笆遺毎笆遺毎笆・ 笆・4.6 GB/4.9 GB  9.0 MB/s     31s[K[A[1Gpulling manifest [K
pulling 667b0c1932bc:  94% 笆補毎笆遺毎笆遺毎笆遺毎笆遺毎笆遺毎笆遺毎笆遺毎笆・ 笆・4.6 GB/4.9 GB  8.9 MB/s     32s[K[A[1Gpulling manifest [K
pulling 667b0c1932bc:  94% 笆補毎笆遺毎笆遺毎笆遺毎笆遺毎笆遺毎笆遺毎笆遺毎笆・ 笆・4.6 GB/4.9 GB  8.9 MB/s     32s[K[A[1Gpulling manifest [K
pulling 667b0c1932bc:  94% 笆補毎笆遺毎笆遺毎笆遺毎笆遺毎笆遺毎笆遺毎笆遺毎笆・ 笆・4.6 GB/4.9 GB  8.9 MB/s     32s[K[A[1Gpulling manifest [K
pulling 667b0c1932bc:  94% 笆補毎笆遺毎笆遺毎笆遺毎笆遺毎笆遺毎笆遺毎笆遺毎笆・ 笆・4.6 GB/4.9 GB  8.9 MB/s     31s[K[A[1Gpulling manifest [K
pulling 667b0c1932bc:  94% 笆補毎笆遺毎笆遺毎笆遺毎笆遺毎笆遺毎笆遺毎笆遺毎笆・ 笆・4.6 GB/4.9 GB  8.9 MB/s     31s[K[A[1Gpulling manifest [K
pulling 667b0c1932bc:  94% 笆補毎笆遺毎笆遺毎笆遺毎笆遺毎笆遺毎笆遺毎笆遺毎笆・ 笆・4.6 GB/4.9 GB  8.9 MB/s     31s[K[A[1Gpulling manifest [K
pulling 667b0c1932bc:  94% 笆補毎笆遺毎笆遺毎笆遺毎笆遺毎笆遺毎笆遺毎笆遺毎笆・ 笆・4.6 GB/4.9 GB  8.9 MB/s     31s[K[A[1Gpulling manifest [K
pulling 667b0c1932bc:  94% 笆補毎笆遺毎笆遺毎笆遺毎笆遺毎笆遺毎笆遺毎笆遺毎笆・ 笆・4.6 GB/4.9 GB  8.9 MB/s     31s[K[A[1Gpulling manifest [K
pulling 667b0c1932bc:  94% 笆補毎笆遺毎笆遺毎笆遺毎笆遺毎笆遺毎笆遺毎笆遺毎笆・ 笆・4.6 GB/4.9 GB  8.9 MB/s     31s[K[A[1Gpulling manifest [K
pulling 667b0c1932bc:  94% 笆補毎笆遺毎笆遺毎笆遺毎笆遺毎笆遺毎笆遺毎笆遺毎笆・ 笆・4.6 GB/4.9 GB  8.9 MB/s     31s[K[A[1Gpulling manifest [K
pulling 667b0c1932bc:  94% 笆補毎笆遺毎笆遺毎笆遺毎笆遺毎笆遺毎笆遺毎笆遺毎笆・ 笆・4.6 GB/4.9 GB  8.9 MB/s     30s[K[A[1Gpulling manifest [K
pulling 667b0c1932bc:  94% 笆補毎笆遺毎笆遺毎笆遺毎笆遺毎笆遺毎笆遺毎笆遺毎笆・ 笆・4.6 GB/4.9 GB  8.9 MB/s     30s[K[A[1Gpulling manifest [K
pulling 667b0c1932bc:  94% 笆補毎笆遺毎笆遺毎笆遺毎笆遺毎笆遺毎笆遺毎笆遺毎笆・ 笆・4.6 GB/4.9 GB  8.9 MB/s     30s[K[A[1Gpulling manifest [K
pulling 667b0c1932bc:  94% 笆補毎笆遺毎笆遺毎笆遺毎笆遺毎笆遺毎笆遺毎笆遺毎笆遺毎 笆・4.6 GB/4.9 GB  8.9 MB/s     30s[K[A[1Gpulling manifest [K
pulling 667b0c1932bc:  94% 笆補毎笆遺毎笆遺毎笆遺毎笆遺毎笆遺毎笆遺毎笆遺毎笆遺毎 笆・4.6 GB/4.9 GB  8.9 MB/s     30s[K[A[1Gpulling manifest [K
pulling 667b0c1932bc:  94% 笆補毎笆遺毎笆遺毎笆遺毎笆遺毎笆遺毎笆遺毎笆遺毎笆遺毎 笆・4.6 GB/4.9 GB  8.9 MB/s     30s[K[A[1Gpulling manifest [K
pulling 667b0c1932bc:  94% 笆補毎笆遺毎笆遺毎笆遺毎笆遺毎笆遺毎笆遺毎笆遺毎笆遺毎 笆・4.6 GB/4.9 GB  8.9 MB/s     30s[K[A[1Gpulling manifest [K
pulling 667b0c1932bc:  95% 笆補毎笆遺毎笆遺毎笆遺毎笆遺毎笆遺毎笆遺毎笆遺毎笆遺毎 笆・4.7 GB/4.9 GB  8.9 MB/s     30s[K[A[1Gpulling manifest [K
pulling 667b0c1932bc:  95% 笆補毎笆遺毎笆遺毎笆遺毎笆遺毎笆遺毎笆遺毎笆遺毎笆遺毎 笆・4.7 GB/4.9 GB  8.9 MB/s     30s[K[A[1Gpulling manifest [K
pulling 667b0c1932bc:  95% 笆補毎笆遺毎笆遺毎笆遺毎笆遺毎笆遺毎笆遺毎笆遺毎笆遺毎 笆・4.7 GB/4.9 GB  8.9 MB/s     30s[K[A[1Gpulling manifest [K
pulling 667b0c1932bc:  95% 笆補毎笆遺毎笆遺毎笆遺毎笆遺毎笆遺毎笆遺毎笆遺毎笆遺毎 笆・4.7 GB/4.9 GB  8.9 MB/s     29s[K[A[1Gpulling manifest [K
pulling 667b0c1932bc:  95% 笆補毎笆遺毎笆遺毎笆遺毎笆遺毎笆遺毎笆遺毎笆遺毎笆遺毎 笆・4.7 GB/4.9 GB  9.1 MB/s     29s[K[A[1Gpulling manifest [K
pulling 667b0c1932bc:  95% 笆補毎笆遺毎笆遺毎笆遺毎笆遺毎笆遺毎笆遺毎笆遺毎笆遺毎 笆・4.7 GB/4.9 GB  9.1 MB/s     29s[K[A[1Gpulling manifest [K
pulling 667b0c1932bc:  95% 笆補毎笆遺毎笆遺毎笆遺毎笆遺毎笆遺毎笆遺毎笆遺毎笆遺毎 笆・4.7 GB/4.9 GB  9.1 MB/s     28s[K[A[1Gpulling manifest [K
pulling 667b0c1932bc:  95% 笆補毎笆遺毎笆遺毎笆遺毎笆遺毎笆遺毎笆遺毎笆遺毎笆遺毎 笆・4.7 GB/4.9 GB  9.1 MB/s     28s[K[A[1Gpulling manifest [K
pulling 667b0c1932bc:  95% 笆補毎笆遺毎笆遺毎笆遺毎笆遺毎笆遺毎笆遺毎笆遺毎笆遺毎 笆・4.7 GB/4.9 GB  9.1 MB/s     28s[K[A[1Gpulling manifest [K
pulling 667b0c1932bc:  95% 笆補毎笆遺毎笆遺毎笆遺毎笆遺毎笆遺毎笆遺毎笆遺毎笆遺毎 笆・4.7 GB/4.9 GB  9.1 MB/s     28s[K[A[1Gpulling manifest [K
pulling 667b0c1932bc:  95% 笆補毎笆遺毎笆遺毎笆遺毎笆遺毎笆遺毎笆遺毎笆遺毎笆遺毎 笆・4.7 GB/4.9 GB  9.1 MB/s     28s[K[A[1Gpulling manifest [K
pulling 667b0c1932bc:  95% 笆補毎笆遺毎笆遺毎笆遺毎笆遺毎笆遺毎笆遺毎笆遺毎笆遺毎 笆・4.7 GB/4.9 GB  9.1 MB/s     28s[K[A[1Gpulling manifest [K
pulling 667b0c1932bc:  95% 笆補毎笆遺毎笆遺毎笆遺毎笆遺毎笆遺毎笆遺毎笆遺毎笆遺毎 笆・4.7 GB/4.9 GB  9.1 MB/s     28s[K[A[1Gpulling manifest [K
pulling 667b0c1932bc:  95% 笆補毎笆遺毎笆遺毎笆遺毎笆遺毎笆遺毎笆遺毎笆遺毎笆遺毎 笆・4.7 GB/4.9 GB  9.1 MB/s     28s[K[A[1Gpulling manifest [K
pulling 667b0c1932bc:  95% 笆補毎笆遺毎笆遺毎笆遺毎笆遺毎笆遺毎笆遺毎笆遺毎笆遺毎 笆・4.7 GB/4.9 GB  9.4 MB/s     27s[K[A[1Gpulling manifest [K
pulling 667b0c1932bc:  95% 笆補毎笆遺毎笆遺毎笆遺毎笆遺毎笆遺毎笆遺毎笆遺毎笆遺毎 笆・4.7 GB/4.9 GB  9.4 MB/s     27s[K[A[1Gpulling manifest [K
pulling 667b0c1932bc:  95% 笆補毎笆遺毎笆遺毎笆遺毎笆遺毎笆遺毎笆遺毎笆遺毎笆遺毎 笆・4.7 GB/4.9 GB  9.4 MB/s     27s[K[A[1Gpulling manifest [K
pulling 667b0c1932bc:  95% 笆補毎笆遺毎笆遺毎笆遺毎笆遺毎笆遺毎笆遺毎笆遺毎笆遺毎 笆・4.7 GB/4.9 GB  9.4 MB/s     27s[K[A[1Gpulling manifest [K
pulling 667b0c1932bc:  95% 笆補毎笆遺毎笆遺毎笆遺毎笆遺毎笆遺毎笆遺毎笆遺毎笆遺毎 笆・4.7 GB/4.9 GB  9.4 MB/s     27s[K[A[1Gpulling manifest [K
pulling 667b0c1932bc:  95% 笆補毎笆遺毎笆遺毎笆遺毎笆遺毎笆遺毎笆遺毎笆遺毎笆遺毎 笆・4.7 GB/4.9 GB  9.4 MB/s     27s[K[A[1Gpulling manifest [K
pulling 667b0c1932bc:  95% 笆補毎笆遺毎笆遺毎笆遺毎笆遺毎笆遺毎笆遺毎笆遺毎笆遺毎 笆・4.7 GB/4.9 GB  9.4 MB/s     26s[K[A[1Gpulling manifest [K
pulling 667b0c1932bc:  95% 笆補毎笆遺毎笆遺毎笆遺毎笆遺毎笆遺毎笆遺毎笆遺毎笆遺毎 笆・4.7 GB/4.9 GB  9.4 MB/s     26s[K[A[1Gpulling manifest [K
pulling 667b0c1932bc:  95% 笆補毎笆遺毎笆遺毎笆遺毎笆遺毎笆遺毎笆遺毎笆遺毎笆遺毎 笆・4.7 GB/4.9 GB  9.4 MB/s     26s[K[A[1Gpulling manifest [K
pulling 667b0c1932bc:  95% 笆補毎笆遺毎笆遺毎笆遺毎笆遺毎笆遺毎笆遺毎笆遺毎笆遺毎 笆・4.7 GB/4.9 GB  9.4 MB/s     26s[K[A[1Gpulling manifest [K
pulling 667b0c1932bc:  95% 笆補毎笆遺毎笆遺毎笆遺毎笆遺毎笆遺毎笆遺毎笆遺毎笆遺毎 笆・4.7 GB/4.9 GB  9.3 MB/s     26s[K[A[1Gpulling manifest [K
pulling 667b0c1932bc:  95% 笆補毎笆遺毎笆遺毎笆遺毎笆遺毎笆遺毎笆遺毎笆遺毎笆遺毎 笆・4.7 GB/4.9 GB  9.3 MB/s     26s[K[A[1Gpulling manifest [K
pulling 667b0c1932bc:  95% 笆補毎笆遺毎笆遺毎笆遺毎笆遺毎笆遺毎笆遺毎笆遺毎笆遺毎 笆・4.7 GB/4.9 GB  9.3 MB/s     26s[K[A[1Gpulling manifest [K
pulling 667b0c1932bc:  95% 笆補毎笆遺毎笆遺毎笆遺毎笆遺毎笆遺毎笆遺毎笆遺毎笆遺毎 笆・4.7 GB/4.9 GB  9.3 MB/s     26s[K[A[1Gpulling manifest [K
pulling 667b0c1932bc:  95% 笆補毎笆遺毎笆遺毎笆遺毎笆遺毎笆遺毎笆遺毎笆遺毎笆遺毎 笆・4.7 GB/4.9 GB  9.3 MB/s     26s[K[A[1Gpulling manifest [K
pulling 667b0c1932bc:  95% 笆補毎笆遺毎笆遺毎笆遺毎笆遺毎笆遺毎笆遺毎笆遺毎笆遺毎 笆・4.7 GB/4.9 GB  9.3 MB/s     26s[K[A[1Gpulling manifest [K
pulling 667b0c1932bc:  95% 笆補毎笆遺毎笆遺毎笆遺毎笆遺毎笆遺毎笆遺毎笆遺毎笆遺毎 笆・4.7 GB/4.9 GB  9.3 MB/s     26s[K[A[1Gpulling manifest [K
pulling 667b0c1932bc:  95% 笆補毎笆遺毎笆遺毎笆遺毎笆遺毎笆遺毎笆遺毎笆遺毎笆遺毎 笆・4.7 GB/4.9 GB  9.3 MB/s     25s[K[A[1Gpulling manifest [K
pulling 667b0c1932bc:  95% 笆補毎笆遺毎笆遺毎笆遺毎笆遺毎笆遺毎笆遺毎笆遺毎笆遺毎 笆・4.7 GB/4.9 GB  9.3 MB/s     25s[K[A[1Gpulling manifest [K
pulling 667b0c1932bc:  95% 笆補毎笆遺毎笆遺毎笆遺毎笆遺毎笆遺毎笆遺毎笆遺毎笆遺毎 笆・4.7 GB/4.9 GB  9.3 MB/s     25s[K[A[1Gpulling manifest [K
pulling 667b0c1932bc:  95% 笆補毎笆遺毎笆遺毎笆遺毎笆遺毎笆遺毎笆遺毎笆遺毎笆遺毎 笆・4.7 GB/4.9 GB  9.5 MB/s     24s[K[A[1Gpulling manifest [K
pulling 667b0c1932bc:  95% 笆補毎笆遺毎笆遺毎笆遺毎笆遺毎笆遺毎笆遺毎笆遺毎笆遺毎 笆・4.7 GB/4.9 GB  9.5 MB/s     24s[K[A[1Gpulling manifest [K
pulling 667b0c1932bc:  95% 笆補毎笆遺毎笆遺毎笆遺毎笆遺毎笆遺毎笆遺毎笆遺毎笆遺毎 笆・4.7 GB/4.9 GB  9.5 MB/s     24s[K[A[1Gpulling manifest [K
pulling 667b0c1932bc:  95% 笆補毎笆遺毎笆遺毎笆遺毎笆遺毎笆遺毎笆遺毎笆遺毎笆遺毎 笆・4.7 GB/4.9 GB  9.5 MB/s     24s[K[A[1Gpulling manifest [K
pulling 667b0c1932bc:  95% 笆補毎笆遺毎笆遺毎笆遺毎笆遺毎笆遺毎笆遺毎笆遺毎笆遺毎 笆・4.7 GB/4.9 GB  9.5 MB/s     24s[K[A[1Gpulling manifest [K
pulling 667b0c1932bc:  95% 笆補毎笆遺毎笆遺毎笆遺毎笆遺毎笆遺毎笆遺毎笆遺毎笆遺毎 笆・4.7 GB/4.9 GB  9.5 MB/s     24s[K[A[1Gpulling manifest [K
pulling 667b0c1932bc:  95% 笆補毎笆遺毎笆遺毎笆遺毎笆遺毎笆遺毎笆遺毎笆遺毎笆遺毎 笆・4.7 GB/4.9 GB  9.5 MB/s     24s[K[A[1Gpulling manifest [K
pulling 667b0c1932bc:  95% 笆補毎笆遺毎笆遺毎笆遺毎笆遺毎笆遺毎笆遺毎笆遺毎笆遺毎 笆・4.7 GB/4.9 GB  9.5 MB/s     24s[K[A[1Gpulling manifest [K
pulling 667b0c1932bc:  95% 笆補毎笆遺毎笆遺毎笆遺毎笆遺毎笆遺毎笆遺毎笆遺毎笆遺毎 笆・4.7 GB/4.9 GB  9.5 MB/s     24s[K[A[1Gpulling manifest [K
pulling 667b0c1932bc:  95% 笆補毎笆遺毎笆遺毎笆遺毎笆遺毎笆遺毎笆遺毎笆遺毎笆遺毎 笆・4.7 GB/4.9 GB  9.5 MB/s     24s[K[A[1Gpulling manifest [K
pulling 667b0c1932bc:  95% 笆補毎笆遺毎笆遺毎笆遺毎笆遺毎笆遺毎笆遺毎笆遺毎笆遺毎 笆・4.7 GB/4.9 GB  9.3 MB/s     24s[K[A[1Gpulling manifest [K
pulling 667b0c1932bc:  95% 笆補毎笆遺毎笆遺毎笆遺毎笆遺毎笆遺毎笆遺毎笆遺毎笆遺毎 笆・4.7 GB/4.9 GB  9.3 MB/s     24s[K[A[1Gpulling manifest [K
pulling 667b0c1932bc:  95% 笆補毎笆遺毎笆遺毎笆遺毎笆遺毎笆遺毎笆遺毎笆遺毎笆遺毎 笆・4.7 GB/4.9 GB  9.3 MB/s     24s[K[A[1Gpulling manifest [K
pulling 667b0c1932bc:  95% 笆補毎笆遺毎笆遺毎笆遺毎笆遺毎笆遺毎笆遺毎笆遺毎笆遺毎 笆・4.7 GB/4.9 GB  9.3 MB/s     24s[K[A[1Gpulling manifest [K
pulling 667b0c1932bc:  95% 笆補毎笆遺毎笆遺毎笆遺毎笆遺毎笆遺毎笆遺毎笆遺毎笆遺毎 笆・4.7 GB/4.9 GB  9.3 MB/s     24s[K[A[1Gpulling manifest [K
pulling 667b0c1932bc:  95% 笆補毎笆遺毎笆遺毎笆遺毎笆遺毎笆遺毎笆遺毎笆遺毎笆遺毎 笆・4.7 GB/4.9 GB  9.3 MB/s     24s[K[A[1Gpulling manifest [K
pulling 667b0c1932bc:  95% 笆補毎笆遺毎笆遺毎笆遺毎笆遺毎笆遺毎笆遺毎笆遺毎笆遺毎 笆・4.7 GB/4.9 GB  9.3 MB/s     24s[K[A[1Gpulling manifest [K
pulling 667b0c1932bc:  95% 笆補毎笆遺毎笆遺毎笆遺毎笆遺毎笆遺毎笆遺毎笆遺毎笆遺毎 笆・4.7 GB/4.9 GB  9.3 MB/s     24s[K[A[1Gpulling manifest [K
pulling 667b0c1932bc:  95% 笆補毎笆遺毎笆遺毎笆遺毎笆遺毎笆遺毎笆遺毎笆遺毎笆遺毎 笆・4.7 GB/4.9 GB  9.3 MB/s     24s[K[A[1Gpulling manifest [K
pulling 667b0c1932bc:  96% 笆補毎笆遺毎笆遺毎笆遺毎笆遺毎笆遺毎笆遺毎笆遺毎笆遺毎 笆・4.7 GB/4.9 GB  9.3 MB/s     23s[K[A[1Gpulling manifest [K
pulling 667b0c1932bc:  96% 笆補毎笆遺毎笆遺毎笆遺毎笆遺毎笆遺毎笆遺毎笆遺毎笆遺毎 笆・4.7 GB/4.9 GB  9.3 MB/s     23s[K[A[1Gpulling manifest [K
pulling 667b0c1932bc:  96% 笆補毎笆遺毎笆遺毎笆遺毎笆遺毎笆遺毎笆遺毎笆遺毎笆遺毎 笆・4.7 GB/4.9 GB  9.4 MB/s     23s[K[A[1Gpulling manifest [K
pulling 667b0c1932bc:  96% 笆補毎笆遺毎笆遺毎笆遺毎笆遺毎笆遺毎笆遺毎笆遺毎笆遺毎 笆・4.7 GB/4.9 GB  9.4 MB/s     23s[K[A[1Gpulling manifest [K
pulling 667b0c1932bc:  96% 笆補毎笆遺毎笆遺毎笆遺毎笆遺毎笆遺毎笆遺毎笆遺毎笆遺毎 笆・4.7 GB/4.9 GB  9.4 MB/s     23s[K[A[1Gpulling manifest [K
pulling 667b0c1932bc:  96% 笆補毎笆遺毎笆遺毎笆遺毎笆遺毎笆遺毎笆遺毎笆遺毎笆遺毎 笆・4.7 GB/4.9 GB  9.4 MB/s     23s[K[A[1Gpulling manifest [K
pulling 667b0c1932bc:  96% 笆補毎笆遺毎笆遺毎笆遺毎笆遺毎笆遺毎笆遺毎笆遺毎笆遺毎 笆・4.7 GB/4.9 GB  9.4 MB/s     22s[K[A[1Gpulling manifest [K
pulling 667b0c1932bc:  96% 笆補毎笆遺毎笆遺毎笆遺毎笆遺毎笆遺毎笆遺毎笆遺毎笆遺毎 笆・4.7 GB/4.9 GB  9.4 MB/s     22s[K[A[1Gpulling manifest [K
pulling 667b0c1932bc:  96% 笆補毎笆遺毎笆遺毎笆遺毎笆遺毎笆遺毎笆遺毎笆遺毎笆遺毎 笆・4.7 GB/4.9 GB  9.4 MB/s     22s[K[A[1Gpulling manifest [K
pulling 667b0c1932bc:  96% 笆補毎笆遺毎笆遺毎笆遺毎笆遺毎笆遺毎笆遺毎笆遺毎笆遺毎 笆・4.7 GB/4.9 GB  9.4 MB/s     22s[K[A[1Gpulling manifest [K
pulling 667b0c1932bc:  96% 笆補毎笆遺毎笆遺毎笆遺毎笆遺毎笆遺毎笆遺毎笆遺毎笆遺毎 笆・4.7 GB/4.9 GB  9.4 MB/s     22s[K[A[1Gpulling manifest [K
pulling 667b0c1932bc:  96% 笆補毎笆遺毎笆遺毎笆遺毎笆遺毎笆遺毎笆遺毎笆遺毎笆遺毎 笆・4.7 GB/4.9 GB  9.4 MB/s     22s[K[A[1Gpulling manifest [K
pulling 667b0c1932bc:  96% 笆補毎笆遺毎笆遺毎笆遺毎笆遺毎笆遺毎笆遺毎笆遺毎笆遺毎 笆・4.7 GB/4.9 GB  9.5 MB/s     22s[K[A[1Gpulling manifest [K
pulling 667b0c1932bc:  96% 笆補毎笆遺毎笆遺毎笆遺毎笆遺毎笆遺毎笆遺毎笆遺毎笆遺毎 笆・4.7 GB/4.9 GB  9.5 MB/s     22s[K[A[1Gpulling manifest [K
pulling 667b0c1932bc:  96% 笆補毎笆遺毎笆遺毎笆遺毎笆遺毎笆遺毎笆遺毎笆遺毎笆遺毎 笆・4.7 GB/4.9 GB  9.5 MB/s     21s[K[A[1Gpulling manifest [K
pulling 667b0c1932bc:  96% 笆補毎笆遺毎笆遺毎笆遺毎笆遺毎笆遺毎笆遺毎笆遺毎笆遺毎 笆・4.7 GB/4.9 GB  9.5 MB/s     21s[K[A[1Gpulling manifest [K
pulling 667b0c1932bc:  96% 笆補毎笆遺毎笆遺毎笆遺毎笆遺毎笆遺毎笆遺毎笆遺毎笆遺毎 笆・4.7 GB/4.9 GB  9.5 MB/s     21s[K[A[1Gpulling manifest [K
pulling 667b0c1932bc:  96% 笆補毎笆遺毎笆遺毎笆遺毎笆遺毎笆遺毎笆遺毎笆遺毎笆遺毎 笆・4.7 GB/4.9 GB  9.5 MB/s     21s[K[A[1Gpulling manifest [K
pulling 667b0c1932bc:  96% 笆補毎笆遺毎笆遺毎笆遺毎笆遺毎笆遺毎笆遺毎笆遺毎笆遺毎 笆・4.7 GB/4.9 GB  9.5 MB/s     21s[K[A[1Gpulling manifest [K
pulling 667b0c1932bc:  96% 笆補毎笆遺毎笆遺毎笆遺毎笆遺毎笆遺毎笆遺毎笆遺毎笆遺毎 笆・4.7 GB/4.9 GB  9.5 MB/s     21s[K[A[1Gpulling manifest [K
pulling 667b0c1932bc:  96% 笆補毎笆遺毎笆遺毎笆遺毎笆遺毎笆遺毎笆遺毎笆遺毎笆遺毎 笆・4.7 GB/4.9 GB  9.5 MB/s     21s[K[A[1Gpulling manifest [K
pulling 667b0c1932bc:  96% 笆補毎笆遺毎笆遺毎笆遺毎笆遺毎笆遺毎笆遺毎笆遺毎笆遺毎 笆・4.7 GB/4.9 GB  9.5 MB/s     21s[K[A[1Gpulling manifest [K
pulling 667b0c1932bc:  96% 笆補毎笆遺毎笆遺毎笆遺毎笆遺毎笆遺毎笆遺毎笆遺毎笆遺毎 笆・4.7 GB/4.9 GB  9.6 MB/s     20s[K[A[1Gpulling manifest [K
pulling 667b0c1932bc:  96% 笆補毎笆遺毎笆遺毎笆遺毎笆遺毎笆遺毎笆遺毎笆遺毎笆遺毎 笆・4.7 GB/4.9 GB  9.6 MB/s     20s[K[A[1Gpulling manifest [K
pulling 667b0c1932bc:  96% 笆補毎笆遺毎笆遺毎笆遺毎笆遺毎笆遺毎笆遺毎笆遺毎笆遺毎 笆・4.7 GB/4.9 GB  9.6 MB/s     20s[K[A[1Gpulling manifest [K
pulling 667b0c1932bc:  96% 笆補毎笆遺毎笆遺毎笆遺毎笆遺毎笆遺毎笆遺毎笆遺毎笆遺毎 笆・4.7 GB/4.9 GB  9.6 MB/s     20s[K[A[1Gpulling manifest [K
pulling 667b0c1932bc:  96% 笆補毎笆遺毎笆遺毎笆遺毎笆遺毎笆遺毎笆遺毎笆遺毎笆遺毎 笆・4.7 GB/4.9 GB  9.6 MB/s     20s[K[A[1Gpulling manifest [K
pulling 667b0c1932bc:  96% 笆補毎笆遺毎笆遺毎笆遺毎笆遺毎笆遺毎笆遺毎笆遺毎笆遺毎 笆・4.7 GB/4.9 GB  9.6 MB/s     20s[K[A[1Gpulling manifest [K
pulling 667b0c1932bc:  96% 笆補毎笆遺毎笆遺毎笆遺毎笆遺毎笆遺毎笆遺毎笆遺毎笆遺毎 笆・4.7 GB/4.9 GB  9.6 MB/s     20s[K[A[1Gpulling manifest [K
pulling 667b0c1932bc:  96% 笆補毎笆遺毎笆遺毎笆遺毎笆遺毎笆遺毎笆遺毎笆遺毎笆遺毎 笆・4.7 GB/4.9 GB  9.6 MB/s     20s[K[A[1Gpulling manifest [K
pulling 667b0c1932bc:  96% 笆補毎笆遺毎笆遺毎笆遺毎笆遺毎笆遺毎笆遺毎笆遺毎笆遺毎 笆・4.7 GB/4.9 GB  9.6 MB/s     20s[K[A[1Gpulling manifest [K
pulling 667b0c1932bc:  96% 笆補毎笆遺毎笆遺毎笆遺毎笆遺毎笆遺毎笆遺毎笆遺毎笆遺毎 笆・4.7 GB/4.9 GB  9.6 MB/s     19s[K[A[1Gpulling manifest [K
pulling 667b0c1932bc:  96% 笆補毎笆遺毎笆遺毎笆遺毎笆遺毎笆遺毎笆遺毎笆遺毎笆遺毎 笆・4.7 GB/4.9 GB  9.5 MB/s     19s[K[A[1Gpulling manifest [K
pulling 667b0c1932bc:  96% 笆補毎笆遺毎笆遺毎笆遺毎笆遺毎笆遺毎笆遺毎笆遺毎笆遺毎 笆・4.7 GB/4.9 GB  9.5 MB/s     19s[K[A[1Gpulling manifest [K
pulling 667b0c1932bc:  96% 笆補毎笆遺毎笆遺毎笆遺毎笆遺毎笆遺毎笆遺毎笆遺毎笆遺毎 笆・4.7 GB/4.9 GB  9.5 MB/s     19s[K[A[1Gpulling manifest [K
pulling 667b0c1932bc:  96% 笆補毎笆遺毎笆遺毎笆遺毎笆遺毎笆遺毎笆遺毎笆遺毎笆遺毎 笆・4.7 GB/4.9 GB  9.5 MB/s     19s[K[A[1Gpulling manifest [K
pulling 667b0c1932bc:  96% 笆補毎笆遺毎笆遺毎笆遺毎笆遺毎笆遺毎笆遺毎笆遺毎笆遺毎 笆・4.7 GB/4.9 GB  9.5 MB/s     19s[K[A[1Gpulling manifest [K
pulling 667b0c1932bc:  96% 笆補毎笆遺毎笆遺毎笆遺毎笆遺毎笆遺毎笆遺毎笆遺毎笆遺毎 笆・4.7 GB/4.9 GB  9.5 MB/s     19s[K[A[1Gpulling manifest [K
pulling 667b0c1932bc:  96% 笆補毎笆遺毎笆遺毎笆遺毎笆遺毎笆遺毎笆遺毎笆遺毎笆遺毎 笆・4.7 GB/4.9 GB  9.5 MB/s     19s[K[A[1Gpulling manifest [K
pulling 667b0c1932bc:  96% 笆補毎笆遺毎笆遺毎笆遺毎笆遺毎笆遺毎笆遺毎笆遺毎笆遺毎 笆・4.7 GB/4.9 GB  9.5 MB/s     19s[K[A[1Gpulling manifest [K
pulling 667b0c1932bc:  96% 笆補毎笆遺毎笆遺毎笆遺毎笆遺毎笆遺毎笆遺毎笆遺毎笆遺毎 笆・4.7 GB/4.9 GB  9.5 MB/s     19s[K[A[1Gpulling manifest [K
pulling 667b0c1932bc:  96% 笆補毎笆遺毎笆遺毎笆遺毎笆遺毎笆遺毎笆遺毎笆遺毎笆遺毎 笆・4.7 GB/4.9 GB  9.5 MB/s     19s[K[A[1Gpulling manifest [K
pulling 667b0c1932bc:  96% 笆補毎笆遺毎笆遺毎笆遺毎笆遺毎笆遺毎笆遺毎笆遺毎笆遺毎 笆・4.7 GB/4.9 GB  9.4 MB/s     19s[K[A[1Gpulling manifest [K
pulling 667b0c1932bc:  96% 笆補毎笆遺毎笆遺毎笆遺毎笆遺毎笆遺毎笆遺毎笆遺毎笆遺毎 笆・4.7 GB/4.9 GB  9.4 MB/s     19s[K[A[1Gpulling manifest [K
pulling 667b0c1932bc:  96% 笆補毎笆遺毎笆遺毎笆遺毎笆遺毎笆遺毎笆遺毎笆遺毎笆遺毎 笆・4.7 GB/4.9 GB  9.4 MB/s     19s[K[A[1Gpulling manifest [K
pulling 667b0c1932bc:  96% 笆補毎笆遺毎笆遺毎笆遺毎笆遺毎笆遺毎笆遺毎笆遺毎笆遺毎 笆・4.7 GB/4.9 GB  9.4 MB/s     18s[K[A[1Gpulling manifest [K
pulling 667b0c1932bc:  96% 笆補毎笆遺毎笆遺毎笆遺毎笆遺毎笆遺毎笆遺毎笆遺毎笆遺毎 笆・4.7 GB/4.9 GB  9.4 MB/s     18s[K[A[1Gpulling manifest [K
pulling 667b0c1932bc:  96% 笆補毎笆遺毎笆遺毎笆遺毎笆遺毎笆遺毎笆遺毎笆遺毎笆遺毎 笆・4.7 GB/4.9 GB  9.4 MB/s     18s[K[A[1Gpulling manifest [K
pulling 667b0c1932bc:  96% 笆補毎笆遺毎笆遺毎笆遺毎笆遺毎笆遺毎笆遺毎笆遺毎笆遺毎 笆・4.7 GB/4.9 GB  9.4 MB/s     18s[K[A[1Gpulling manifest [K
pulling 667b0c1932bc:  96% 笆補毎笆遺毎笆遺毎笆遺毎笆遺毎笆遺毎笆遺毎笆遺毎笆遺毎 笆・4.7 GB/4.9 GB  9.4 MB/s     18s[K[A[1Gpulling manifest [K
pulling 667b0c1932bc:  96% 笆補毎笆遺毎笆遺毎笆遺毎笆遺毎笆遺毎笆遺毎笆遺毎笆遺毎 笆・4.7 GB/4.9 GB  9.4 MB/s     18s[K[A[1Gpulling manifest [K
pulling 667b0c1932bc:  96% 笆補毎笆遺毎笆遺毎笆遺毎笆遺毎笆遺毎笆遺毎笆遺毎笆遺毎 笆・4.7 GB/4.9 GB  9.4 MB/s     18s[K[A[1Gpulling manifest [K
pulling 667b0c1932bc:  97% 笆補毎笆遺毎笆遺毎笆遺毎笆遺毎笆遺毎笆遺毎笆遺毎笆遺毎 笆・4.7 GB/4.9 GB  9.4 MB/s     18s[K[A[1Gpulling manifest [K
pulling 667b0c1932bc:  97% 笆補毎笆遺毎笆遺毎笆遺毎笆遺毎笆遺毎笆遺毎笆遺毎笆遺毎 笆・4.7 GB/4.9 GB  9.5 MB/s     18s[K[A[1Gpulling manifest [K
pulling 667b0c1932bc:  97% 笆補毎笆遺毎笆遺毎笆遺毎笆遺毎笆遺毎笆遺毎笆遺毎笆遺毎 笆・4.8 GB/4.9 GB  9.5 MB/s     17s[K[A[1Gpulling manifest [K
pulling 667b0c1932bc:  97% 笆補毎笆遺毎笆遺毎笆遺毎笆遺毎笆遺毎笆遺毎笆遺毎笆遺毎 笆・4.8 GB/4.9 GB  9.5 MB/s     17s[K[A[1Gpulling manifest [K
pulling 667b0c1932bc:  97% 笆補毎笆遺毎笆遺毎笆遺毎笆遺毎笆遺毎笆遺毎笆遺毎笆遺毎 笆・4.8 GB/4.9 GB  9.5 MB/s     17s[K[A[1Gpulling manifest [K
pulling 667b0c1932bc:  97% 笆補毎笆遺毎笆遺毎笆遺毎笆遺毎笆遺毎笆遺毎笆遺毎笆遺毎 笆・4.8 GB/4.9 GB  9.5 MB/s     17s[K[A[1Gpulling manifest [K
pulling 667b0c1932bc:  97% 笆補毎笆遺毎笆遺毎笆遺毎笆遺毎笆遺毎笆遺毎笆遺毎笆遺毎 笆・4.8 GB/4.9 GB  9.5 MB/s     17s[K[A[1Gpulling manifest [K
pulling 667b0c1932bc:  97% 笆補毎笆遺毎笆遺毎笆遺毎笆遺毎笆遺毎笆遺毎笆遺毎笆遺毎 笆・4.8 GB/4.9 GB  9.5 MB/s     17s[K[A[1Gpulling manifest [K
pulling 667b0c1932bc:  97% 笆補毎笆遺毎笆遺毎笆遺毎笆遺毎笆遺毎笆遺毎笆遺毎笆遺毎 笆・4.8 GB/4.9 GB  9.5 MB/s     17s[K[A[1Gpulling manifest [K
pulling 667b0c1932bc:  97% 笆補毎笆遺毎笆遺毎笆遺毎笆遺毎笆遺毎笆遺毎笆遺毎笆遺毎 笆・4.8 GB/4.9 GB  9.5 MB/s     17s[K[A[1Gpulling manifest [K
pulling 667b0c1932bc:  97% 笆補毎笆遺毎笆遺毎笆遺毎笆遺毎笆遺毎笆遺毎笆遺毎笆遺毎 笆・4.8 GB/4.9 GB  9.5 MB/s     17s[K[A[1Gpulling manifest [K
pulling 667b0c1932bc:  97% 笆補毎笆遺毎笆遺毎笆遺毎笆遺毎笆遺毎笆遺毎笆遺毎笆遺毎 笆・4.8 GB/4.9 GB  9.6 MB/s     16s[K[A[1Gpulling manifest [K
pulling 667b0c1932bc:  97% 笆補毎笆遺毎笆遺毎笆遺毎笆遺毎笆遺毎笆遺毎笆遺毎笆遺毎 笆・4.8 GB/4.9 GB  9.6 MB/s     16s[K[A[1Gpulling manifest [K
pulling 667b0c1932bc:  97% 笆補毎笆遺毎笆遺毎笆遺毎笆遺毎笆遺毎笆遺毎笆遺毎笆遺毎 笆・4.8 GB/4.9 GB  9.6 MB/s     16s[K[A[1Gpulling manifest [K
pulling 667b0c1932bc:  97% 笆補毎笆遺毎笆遺毎笆遺毎笆遺毎笆遺毎笆遺毎笆遺毎笆遺毎 笆・4.8 GB/4.9 GB  9.6 MB/s     16s[K[A[1Gpulling manifest [K
pulling 667b0c1932bc:  97% 笆補毎笆遺毎笆遺毎笆遺毎笆遺毎笆遺毎笆遺毎笆遺毎笆遺毎 笆・4.8 GB/4.9 GB  9.6 MB/s     16s[K[A[1Gpulling manifest [K
pulling 667b0c1932bc:  97% 笆補毎笆遺毎笆遺毎笆遺毎笆遺毎笆遺毎笆遺毎笆遺毎笆遺毎 笆・4.8 GB/4.9 GB  9.6 MB/s     16s[K[A[1Gpulling manifest [K
pulling 667b0c1932bc:  97% 笆補毎笆遺毎笆遺毎笆遺毎笆遺毎笆遺毎笆遺毎笆遺毎笆遺毎 笆・4.8 GB/4.9 GB  9.6 MB/s     16s[K[A[1Gpulling manifest [K
pulling 667b0c1932bc:  97% 笆補毎笆遺毎笆遺毎笆遺毎笆遺毎笆遺毎笆遺毎笆遺毎笆遺毎 笆・4.8 GB/4.9 GB  9.6 MB/s     16s[K[A[1Gpulling manifest [K
pulling 667b0c1932bc:  97% 笆補毎笆遺毎笆遺毎笆遺毎笆遺毎笆遺毎笆遺毎笆遺毎笆遺毎 笆・4.8 GB/4.9 GB  9.6 MB/s     16s[K[A[1Gpulling manifest [K
pulling 667b0c1932bc:  97% 笆補毎笆遺毎笆遺毎笆遺毎笆遺毎笆遺毎笆遺毎笆遺毎笆遺毎 笆・4.8 GB/4.9 GB  9.6 MB/s     16s[K[A[1Gpulling manifest [K
pulling 667b0c1932bc:  97% 笆補毎笆遺毎笆遺毎笆遺毎笆遺毎笆遺毎笆遺毎笆遺毎笆遺毎 笆・4.8 GB/4.9 GB  9.3 MB/s     16s[K[A[1Gpulling manifest [K
pulling 667b0c1932bc:  97% 笆補毎笆遺毎笆遺毎笆遺毎笆遺毎笆遺毎笆遺毎笆遺毎笆遺毎 笆・4.8 GB/4.9 GB  9.3 MB/s     16s[K[A[1Gpulling manifest [K
pulling 667b0c1932bc:  97% 笆補毎笆遺毎笆遺毎笆遺毎笆遺毎笆遺毎笆遺毎笆遺毎笆遺毎 笆・4.8 GB/4.9 GB  9.3 MB/s     16s[K[A[1Gpulling manifest [K
pulling 667b0c1932bc:  97% 笆補毎笆遺毎笆遺毎笆遺毎笆遺毎笆遺毎笆遺毎笆遺毎笆遺毎 笆・4.8 GB/4.9 GB  9.3 MB/s     16s[K[A[1Gpulling manifest [K
pulling 667b0c1932bc:  97% 笆補毎笆遺毎笆遺毎笆遺毎笆遺毎笆遺毎笆遺毎笆遺毎笆遺毎 笆・4.8 GB/4.9 GB  9.3 MB/s     16s[K[A[1Gpulling manifest [K
pulling 667b0c1932bc:  97% 笆補毎笆遺毎笆遺毎笆遺毎笆遺毎笆遺毎笆遺毎笆遺毎笆遺毎 笆・4.8 GB/4.9 GB  9.3 MB/s     15s[K[A[1Gpulling manifest [K
pulling 667b0c1932bc:  97% 笆補毎笆遺毎笆遺毎笆遺毎笆遺毎笆遺毎笆遺毎笆遺毎笆遺毎 笆・4.8 GB/4.9 GB  9.3 MB/s     15s[K[A[1Gpulling manifest [K
pulling 667b0c1932bc:  97% 笆補毎笆遺毎笆遺毎笆遺毎笆遺毎笆遺毎笆遺毎笆遺毎笆遺毎 笆・4.8 GB/4.9 GB  9.3 MB/s     15s[K[A[1Gpulling manifest [K
pulling 667b0c1932bc:  97% 笆補毎笆遺毎笆遺毎笆遺毎笆遺毎笆遺毎笆遺毎笆遺毎笆遺毎 笆・4.8 GB/4.9 GB  9.3 MB/s     15s[K[A[1Gpulling manifest [K
pulling 667b0c1932bc:  97% 笆補毎笆遺毎笆遺毎笆遺毎笆遺毎笆遺毎笆遺毎笆遺毎笆遺毎 笆・4.8 GB/4.9 GB  9.3 MB/s     15s[K[A[1Gpulling manifest [K
pulling 667b0c1932bc:  97% 笆補毎笆遺毎笆遺毎笆遺毎笆遺毎笆遺毎笆遺毎笆遺毎笆遺毎 笆・4.8 GB/4.9 GB  9.5 MB/s     15s[K[A[1Gpulling manifest [K
pulling 667b0c1932bc:  97% 笆補毎笆遺毎笆遺毎笆遺毎笆遺毎笆遺毎笆遺毎笆遺毎笆遺毎 笆・4.8 GB/4.9 GB  9.5 MB/s     15s[K[A[1Gpulling manifest [K
pulling 667b0c1932bc:  97% 笆補毎笆遺毎笆遺毎笆遺毎笆遺毎笆遺毎笆遺毎笆遺毎笆遺毎 笆・4.8 GB/4.9 GB  9.5 MB/s     14s[K[A[1Gpulling manifest [K
pulling 667b0c1932bc:  97% 笆補毎笆遺毎笆遺毎笆遺毎笆遺毎笆遺毎笆遺毎笆遺毎笆遺毎 笆・4.8 GB/4.9 GB  9.5 MB/s     14s[K[A[1Gpulling manifest [K
pulling 667b0c1932bc:  97% 笆補毎笆遺毎笆遺毎笆遺毎笆遺毎笆遺毎笆遺毎笆遺毎笆遺毎 笆・4.8 GB/4.9 GB  9.5 MB/s     14s[K[A[1Gpulling manifest [K
pulling 667b0c1932bc:  97% 笆補毎笆遺毎笆遺毎笆遺毎笆遺毎笆遺毎笆遺毎笆遺毎笆遺毎 笆・4.8 GB/4.9 GB  9.5 MB/s     14s[K[A[1Gpulling manifest [K
pulling 667b0c1932bc:  97% 笆補毎笆遺毎笆遺毎笆遺毎笆遺毎笆遺毎笆遺毎笆遺毎笆遺毎 笆・4.8 GB/4.9 GB  9.5 MB/s     14s[K[A[1Gpulling manifest [K
pulling 667b0c1932bc:  97% 笆補毎笆遺毎笆遺毎笆遺毎笆遺毎笆遺毎笆遺毎笆遺毎笆遺毎 笆・4.8 GB/4.9 GB  9.5 MB/s     14s[K[A[1Gpulling manifest [K
pulling 667b0c1932bc:  97% 笆補毎笆遺毎笆遺毎笆遺毎笆遺毎笆遺毎笆遺毎笆遺毎笆遺毎 笆・4.8 GB/4.9 GB  9.5 MB/s     14s[K[A[1Gpulling manifest [K
pulling 667b0c1932bc:  97% 笆補毎笆遺毎笆遺毎笆遺毎笆遺毎笆遺毎笆遺毎笆遺毎笆遺毎 笆・4.8 GB/4.9 GB  9.5 MB/s     14s[K[A[1Gpulling manifest [K
pulling 667b0c1932bc:  97% 笆補毎笆遺毎笆遺毎笆遺毎笆遺毎笆遺毎笆遺毎笆遺毎笆遺毎 笆・4.8 GB/4.9 GB  9.4 MB/s     14s[K[A[1Gpulling manifest [K
pulling 667b0c1932bc:  97% 笆補毎笆遺毎笆遺毎笆遺毎笆遺毎笆遺毎笆遺毎笆遺毎笆遺毎 笆・4.8 GB/4.9 GB  9.4 MB/s     14s[K[A[1Gpulling manifest [K
pulling 667b0c1932bc:  97% 笆補毎笆遺毎笆遺毎笆遺毎笆遺毎笆遺毎笆遺毎笆遺毎笆遺毎 笆・4.8 GB/4.9 GB  9.4 MB/s     14s[K[A[1Gpulling manifest [K
pulling 667b0c1932bc:  97% 笆補毎笆遺毎笆遺毎笆遺毎笆遺毎笆遺毎笆遺毎笆遺毎笆遺毎 笆・4.8 GB/4.9 GB  9.4 MB/s     14s[K[A[1Gpulling manifest [K
pulling 667b0c1932bc:  97% 笆補毎笆遺毎笆遺毎笆遺毎笆遺毎笆遺毎笆遺毎笆遺毎笆遺毎 笆・4.8 GB/4.9 GB  9.4 MB/s     14s[K[A[1Gpulling manifest [K
pulling 667b0c1932bc:  97% 笆補毎笆遺毎笆遺毎笆遺毎笆遺毎笆遺毎笆遺毎笆遺毎笆遺毎 笆・4.8 GB/4.9 GB  9.4 MB/s     13s[K[A[1Gpulling manifest [K
pulling 667b0c1932bc:  97% 笆補毎笆遺毎笆遺毎笆遺毎笆遺毎笆遺毎笆遺毎笆遺毎笆遺毎 笆・4.8 GB/4.9 GB  9.4 MB/s     13s[K[A[1Gpulling manifest [K
pulling 667b0c1932bc:  97% 笆補毎笆遺毎笆遺毎笆遺毎笆遺毎笆遺毎笆遺毎笆遺毎笆遺毎 笆・4.8 GB/4.9 GB  9.4 MB/s     13s[K[A[1Gpulling manifest [K
pulling 667b0c1932bc:  97% 笆補毎笆遺毎笆遺毎笆遺毎笆遺毎笆遺毎笆遺毎笆遺毎笆遺毎 笆・4.8 GB/4.9 GB  9.4 MB/s     13s[K[A[1Gpulling manifest [K
pulling 667b0c1932bc:  97% 笆補毎笆遺毎笆遺毎笆遺毎笆遺毎笆遺毎笆遺毎笆遺毎笆遺毎 笆・4.8 GB/4.9 GB  9.4 MB/s     13s[K[A[1Gpulling manifest [K
pulling 667b0c1932bc:  97% 笆補毎笆遺毎笆遺毎笆遺毎笆遺毎笆遺毎笆遺毎笆遺毎笆遺毎 笆・4.8 GB/4.9 GB  9.4 MB/s     13s[K[A[1Gpulling manifest [K
pulling 667b0c1932bc:  97% 笆補毎笆遺毎笆遺毎笆遺毎笆遺毎笆遺毎笆遺毎笆遺毎笆遺毎 笆・4.8 GB/4.9 GB  9.4 MB/s     13s[K[A[1Gpulling manifest [K
pulling 667b0c1932bc:  97% 笆補毎笆遺毎笆遺毎笆遺毎笆遺毎笆遺毎笆遺毎笆遺毎笆遺毎 笆・4.8 GB/4.9 GB  9.4 MB/s     13s[K[A[1Gpulling manifest [K
pulling 667b0c1932bc:  97% 笆補毎笆遺毎笆遺毎笆遺毎笆遺毎笆遺毎笆遺毎笆遺毎笆遺毎 笆・4.8 GB/4.9 GB  9.4 MB/s     13s[K[A[1Gpulling manifest [K
pulling 667b0c1932bc:  98% 笆補毎笆遺毎笆遺毎笆遺毎笆遺毎笆遺毎笆遺毎笆遺毎笆遺毎 笆・4.8 GB/4.9 GB  9.4 MB/s     12s[K[A[1Gpulling manifest [K
pulling 667b0c1932bc:  98% 笆補毎笆遺毎笆遺毎笆遺毎笆遺毎笆遺毎笆遺毎笆遺毎笆遺毎 笆・4.8 GB/4.9 GB  9.4 MB/s     12s[K[A[1Gpulling manifest [K
pulling 667b0c1932bc:  98% 笆補毎笆遺毎笆遺毎笆遺毎笆遺毎笆遺毎笆遺毎笆遺毎笆遺毎 笆・4.8 GB/4.9 GB  9.4 MB/s     12s[K[A[1Gpulling manifest [K
pulling 667b0c1932bc:  98% 笆補毎笆遺毎笆遺毎笆遺毎笆遺毎笆遺毎笆遺毎笆遺毎笆遺毎 笆・4.8 GB/4.9 GB  9.4 MB/s     12s[K[A[1Gpulling manifest [K
pulling 667b0c1932bc:  98% 笆補毎笆遺毎笆遺毎笆遺毎笆遺毎笆遺毎笆遺毎笆遺毎笆遺毎 笆・4.8 GB/4.9 GB  9.4 MB/s     12s[K[A[1Gpulling manifest [K
pulling 667b0c1932bc:  98% 笆補毎笆遺毎笆遺毎笆遺毎笆遺毎笆遺毎笆遺毎笆遺毎笆遺毎 笆・4.8 GB/4.9 GB  9.4 MB/s     12s[K[A[1Gpulling manifest [K
pulling 667b0c1932bc:  98% 笆補毎笆遺毎笆遺毎笆遺毎笆遺毎笆遺毎笆遺毎笆遺毎笆遺毎 笆・4.8 GB/4.9 GB  9.4 MB/s     12s[K[A[1Gpulling manifest [K
pulling 667b0c1932bc:  98% 笆補毎笆遺毎笆遺毎笆遺毎笆遺毎笆遺毎笆遺毎笆遺毎笆遺毎 笆・4.8 GB/4.9 GB  9.3 MB/s     12s[K[A[1Gpulling manifest [K
pulling 667b0c1932bc:  98% 笆補毎笆遺毎笆遺毎笆遺毎笆遺毎笆遺毎笆遺毎笆遺毎笆遺毎 笆・4.8 GB/4.9 GB  9.3 MB/s     12s[K[A[1Gpulling manifest [K
pulling 667b0c1932bc:  98% 笆補毎笆遺毎笆遺毎笆遺毎笆遺毎笆遺毎笆遺毎笆遺毎笆遺毎 笆・4.8 GB/4.9 GB  9.3 MB/s     12s[K[A[1Gpulling manifest [K
pulling 667b0c1932bc:  98% 笆補毎笆遺毎笆遺毎笆遺毎笆遺毎笆遺毎笆遺毎笆遺毎笆遺毎 笆・4.8 GB/4.9 GB  9.3 MB/s     12s[K[A[1Gpulling manifest [K
pulling 667b0c1932bc:  98% 笆補毎笆遺毎笆遺毎笆遺毎笆遺毎笆遺毎笆遺毎笆遺毎笆遺毎 笆・4.8 GB/4.9 GB  9.3 MB/s     11s[K[A[1Gpulling manifest [K
pulling 667b0c1932bc:  98% 笆補毎笆遺毎笆遺毎笆遺毎笆遺毎笆遺毎笆遺毎笆遺毎笆遺毎 笆・4.8 GB/4.9 GB  9.3 MB/s     11s[K[A[1Gpulling manifest [K
pulling 667b0c1932bc:  98% 笆補毎笆遺毎笆遺毎笆遺毎笆遺毎笆遺毎笆遺毎笆遺毎笆遺毎 笆・4.8 GB/4.9 GB  9.3 MB/s     11s[K[A[1Gpulling manifest [K
pulling 667b0c1932bc:  98% 笆補毎笆遺毎笆遺毎笆遺毎笆遺毎笆遺毎笆遺毎笆遺毎笆遺毎 笆・4.8 GB/4.9 GB  9.3 MB/s     11s[K[A[1Gpulling manifest [K
pulling 667b0c1932bc:  98% 笆補毎笆遺毎笆遺毎笆遺毎笆遺毎笆遺毎笆遺毎笆遺毎笆遺毎 笆・4.8 GB/4.9 GB  9.3 MB/s     11s[K[A[1Gpulling manifest [K
pulling 667b0c1932bc:  98% 笆補毎笆遺毎笆遺毎笆遺毎笆遺毎笆遺毎笆遺毎笆遺毎笆遺毎 笆・4.8 GB/4.9 GB  9.3 MB/s     11s[K[A[1Gpulling manifest [K
pulling 667b0c1932bc:  98% 笆補毎笆遺毎笆遺毎笆遺毎笆遺毎笆遺毎笆遺毎笆遺毎笆遺毎 笆・4.8 GB/4.9 GB  9.4 MB/s     11s[K[A[1Gpulling manifest [K
pulling 667b0c1932bc:  98% 笆補毎笆遺毎笆遺毎笆遺毎笆遺毎笆遺毎笆遺毎笆遺毎笆遺毎 笆・4.8 GB/4.9 GB  9.4 MB/s     11s[K[A[1Gpulling manifest [K
pulling 667b0c1932bc:  98% 笆補毎笆遺毎笆遺毎笆遺毎笆遺毎笆遺毎笆遺毎笆遺毎笆遺毎 笆・4.8 GB/4.9 GB  9.4 MB/s     11s[K[A[1Gpulling manifest [K
pulling 667b0c1932bc:  98% 笆補毎笆遺毎笆遺毎笆遺毎笆遺毎笆遺毎笆遺毎笆遺毎笆遺毎 笆・4.8 GB/4.9 GB  9.4 MB/s     11s[K[A[1Gpulling manifest [K
pulling 667b0c1932bc:  98% 笆補毎笆遺毎笆遺毎笆遺毎笆遺毎笆遺毎笆遺毎笆遺毎笆遺毎 笆・4.8 GB/4.9 GB  9.4 MB/s     10s[K[A[1Gpulling manifest [K
pulling 667b0c1932bc:  98% 笆補毎笆遺毎笆遺毎笆遺毎笆遺毎笆遺毎笆遺毎笆遺毎笆遺毎 笆・4.8 GB/4.9 GB  9.4 MB/s     10s[K[A[1Gpulling manifest [K
pulling 667b0c1932bc:  98% 笆補毎笆遺毎笆遺毎笆遺毎笆遺毎笆遺毎笆遺毎笆遺毎笆遺毎 笆・4.8 GB/4.9 GB  9.4 MB/s     10s[K[A[1Gpulling manifest [K
pulling 667b0c1932bc:  98% 笆補毎笆遺毎笆遺毎笆遺毎笆遺毎笆遺毎笆遺毎笆遺毎笆遺毎 笆・4.8 GB/4.9 GB  9.4 MB/s     10s[K[A[1Gpulling manifest [K
pulling 667b0c1932bc:  98% 笆補毎笆遺毎笆遺毎笆遺毎笆遺毎笆遺毎笆遺毎笆遺毎笆遺毎 笆・4.8 GB/4.9 GB  9.4 MB/s     10s[K[A[1Gpulling manifest [K
pulling 667b0c1932bc:  98% 笆補毎笆遺毎笆遺毎笆遺毎笆遺毎笆遺毎笆遺毎笆遺毎笆遺毎 笆・4.8 GB/4.9 GB  9.4 MB/s     10s[K[A[1Gpulling manifest [K
pulling 667b0c1932bc:  98% 笆補毎笆遺毎笆遺毎笆遺毎笆遺毎笆遺毎笆遺毎笆遺毎笆遺毎 笆・4.8 GB/4.9 GB  9.5 MB/s     10s[K[A[1Gpulling manifest [K
pulling 667b0c1932bc:  98% 笆補毎笆遺毎笆遺毎笆遺毎笆遺毎笆遺毎笆遺毎笆遺毎笆遺毎 笆・4.8 GB/4.9 GB  9.5 MB/s     10s[K[A[1Gpulling manifest [K
pulling 667b0c1932bc:  98% 笆補毎笆遺毎笆遺毎笆遺毎笆遺毎笆遺毎笆遺毎笆遺毎笆遺毎 笆・4.8 GB/4.9 GB  9.5 MB/s      9s[K[A[1Gpulling manifest [K
pulling 667b0c1932bc:  98% 笆補毎笆遺毎笆遺毎笆遺毎笆遺毎笆遺毎笆遺毎笆遺毎笆遺毎 笆・4.8 GB/4.9 GB  9.5 MB/s      9s[K[A[1Gpulling manifest [K
pulling 667b0c1932bc:  98% 笆補毎笆遺毎笆遺毎笆遺毎笆遺毎笆遺毎笆遺毎笆遺毎笆遺毎 笆・4.8 GB/4.9 GB  9.5 MB/s      9s[K[A[1Gpulling manifest [K
pulling 667b0c1932bc:  98% 笆補毎笆遺毎笆遺毎笆遺毎笆遺毎笆遺毎笆遺毎笆遺毎笆遺毎 笆・4.8 GB/4.9 GB  9.5 MB/s      9s[K[A[1Gpulling manifest [K
pulling 667b0c1932bc:  98% 笆補毎笆遺毎笆遺毎笆遺毎笆遺毎笆遺毎笆遺毎笆遺毎笆遺毎 笆・4.8 GB/4.9 GB  9.5 MB/s      9s[K[A[1Gpulling manifest [K
pulling 667b0c1932bc:  98% 笆補毎笆遺毎笆遺毎笆遺毎笆遺毎笆遺毎笆遺毎笆遺毎笆遺毎 笆・4.8 GB/4.9 GB  9.5 MB/s      9s[K[A[1Gpulling manifest [K
pulling 667b0c1932bc:  98% 笆補毎笆遺毎笆遺毎笆遺毎笆遺毎笆遺毎笆遺毎笆遺毎笆遺毎 笆・4.8 GB/4.9 GB  9.5 MB/s      9s[K[A[1Gpulling manifest [K
pulling 667b0c1932bc:  98% 笆補毎笆遺毎笆遺毎笆遺毎笆遺毎笆遺毎笆遺毎笆遺毎笆遺毎 笆・4.8 GB/4.9 GB  9.5 MB/s      9s[K[A[1Gpulling manifest [K
pulling 667b0c1932bc:  98% 笆補毎笆遺毎笆遺毎笆遺毎笆遺毎笆遺毎笆遺毎笆遺毎笆遺毎 笆・4.8 GB/4.9 GB  9.4 MB/s      9s[K[A[1Gpulling manifest [K
pulling 667b0c1932bc:  98% 笆補毎笆遺毎笆遺毎笆遺毎笆遺毎笆遺毎笆遺毎笆遺毎笆遺毎 笆・4.8 GB/4.9 GB  9.4 MB/s      9s[K[A[1Gpulling manifest [K
pulling 667b0c1932bc:  98% 笆補毎笆遺毎笆遺毎笆遺毎笆遺毎笆遺毎笆遺毎笆遺毎笆遺毎 笆・4.8 GB/4.9 GB  9.4 MB/s      9s[K[A[1Gpulling manifest [K
pulling 667b0c1932bc:  98% 笆補毎笆遺毎笆遺毎笆遺毎笆遺毎笆遺毎笆遺毎笆遺毎笆遺毎 笆・4.8 GB/4.9 GB  9.4 MB/s      8s[K[A[1Gpulling manifest [K
pulling 667b0c1932bc:  98% 笆補毎笆遺毎笆遺毎笆遺毎笆遺毎笆遺毎笆遺毎笆遺毎笆遺毎 笆・4.8 GB/4.9 GB  9.4 MB/s      8s[K[A[1Gpulling manifest [K
pulling 667b0c1932bc:  98% 笆補毎笆遺毎笆遺毎笆遺毎笆遺毎笆遺毎笆遺毎笆遺毎笆遺毎 笆・4.8 GB/4.9 GB  9.4 MB/s      8s[K[A[1Gpulling manifest [K
pulling 667b0c1932bc:  98% 笆補毎笆遺毎笆遺毎笆遺毎笆遺毎笆遺毎笆遺毎笆遺毎笆遺毎 笆・4.8 GB/4.9 GB  9.4 MB/s      8s[K[A[1Gpulling manifest [K
pulling 667b0c1932bc:  98% 笆補毎笆遺毎笆遺毎笆遺毎笆遺毎笆遺毎笆遺毎笆遺毎笆遺毎 笆・4.8 GB/4.9 GB  9.4 MB/s      8s[K[A[1Gpulling manifest [K
pulling 667b0c1932bc:  98% 笆補毎笆遺毎笆遺毎笆遺毎笆遺毎笆遺毎笆遺毎笆遺毎笆遺毎 笆・4.8 GB/4.9 GB  9.4 MB/s      8s[K[A[1Gpulling manifest [K
pulling 667b0c1932bc:  98% 笆補毎笆遺毎笆遺毎笆遺毎笆遺毎笆遺毎笆遺毎笆遺毎笆遺毎 笆・4.8 GB/4.9 GB  9.4 MB/s      8s[K[A[1Gpulling manifest [K
pulling 667b0c1932bc:  98% 笆補毎笆遺毎笆遺毎笆遺毎笆遺毎笆遺毎笆遺毎笆遺毎笆遺毎 笆・4.8 GB/4.9 GB  9.4 MB/s      8s[K[A[1Gpulling manifest [K
pulling 667b0c1932bc:  98% 笆補毎笆遺毎笆遺毎笆遺毎笆遺毎笆遺毎笆遺毎笆遺毎笆遺毎 笆・4.8 GB/4.9 GB  9.5 MB/s      7s[K[A[1Gpulling manifest [K
pulling 667b0c1932bc:  98% 笆補毎笆遺毎笆遺毎笆遺毎笆遺毎笆遺毎笆遺毎笆遺毎笆遺毎 笆・4.8 GB/4.9 GB  9.5 MB/s      7s[K[A[1Gpulling manifest [K
pulling 667b0c1932bc:  98% 笆補毎笆遺毎笆遺毎笆遺毎笆遺毎笆遺毎笆遺毎笆遺毎笆遺毎 笆・4.8 GB/4.9 GB  9.5 MB/s      7s[K[A[1Gpulling manifest [K
pulling 667b0c1932bc:  99% 笆補毎笆遺毎笆遺毎笆遺毎笆遺毎笆遺毎笆遺毎笆遺毎笆遺毎 笆・4.8 GB/4.9 GB  9.5 MB/s      7s[K[A[1Gpulling manifest [K
pulling 667b0c1932bc:  99% 笆補毎笆遺毎笆遺毎笆遺毎笆遺毎笆遺毎笆遺毎笆遺毎笆遺毎 笆・4.8 GB/4.9 GB  9.5 MB/s      7s[K[A[1Gpulling manifest [K
pulling 667b0c1932bc:  99% 笆補毎笆遺毎笆遺毎笆遺毎笆遺毎笆遺毎笆遺毎笆遺毎笆遺毎 笆・4.8 GB/4.9 GB  9.5 MB/s      7s[K[A[1Gpulling manifest [K
pulling 667b0c1932bc:  99% 笆補毎笆遺毎笆遺毎笆遺毎笆遺毎笆遺毎笆遺毎笆遺毎笆遺毎 笆・4.9 GB/4.9 GB  9.5 MB/s      7s[K[A[1Gpulling manifest [K
pulling 667b0c1932bc:  99% 笆補毎笆遺毎笆遺毎笆遺毎笆遺毎笆遺毎笆遺毎笆遺毎笆遺毎 笆・4.9 GB/4.9 GB  9.5 MB/s      7s[K[A[1Gpulling manifest [K
pulling 667b0c1932bc:  99% 笆補毎笆遺毎笆遺毎笆遺毎笆遺毎笆遺毎笆遺毎笆遺毎笆遺毎 笆・4.9 GB/4.9 GB  9.5 MB/s      7s[K[A[1Gpulling manifest [K
pulling 667b0c1932bc:  99% 笆補毎笆遺毎笆遺毎笆遺毎笆遺毎笆遺毎笆遺毎笆遺毎笆遺毎 笆・4.9 GB/4.9 GB  9.5 MB/s      7s[K[A[1Gpulling manifest [K
pulling 667b0c1932bc:  99% 笆補毎笆遺毎笆遺毎笆遺毎笆遺毎笆遺毎笆遺毎笆遺毎笆遺毎 笆・4.9 GB/4.9 GB  9.8 MB/s      6s[K[A[1Gpulling manifest [K
pulling 667b0c1932bc:  99% 笆補毎笆遺毎笆遺毎笆遺毎笆遺毎笆遺毎笆遺毎笆遺毎笆遺毎 笆・4.9 GB/4.9 GB  9.8 MB/s      6s[K[A[1Gpulling manifest [K
pulling 667b0c1932bc:  99% 笆補毎笆遺毎笆遺毎笆遺毎笆遺毎笆遺毎笆遺毎笆遺毎笆遺毎 笆・4.9 GB/4.9 GB  9.8 MB/s      6s[K[A[1Gpulling manifest [K
pulling 667b0c1932bc:  99% 笆補毎笆遺毎笆遺毎笆遺毎笆遺毎笆遺毎笆遺毎笆遺毎笆遺毎 笆・4.9 GB/4.9 GB  9.8 MB/s      6s[K[A[1Gpulling manifest [K
pulling 667b0c1932bc:  99% 笆補毎笆遺毎笆遺毎笆遺毎笆遺毎笆遺毎笆遺毎笆遺毎笆遺毎 笆・4.9 GB/4.9 GB  9.8 MB/s      6s[K[A[1Gpulling manifest [K
pulling 667b0c1932bc:  99% 笆補毎笆遺毎笆遺毎笆遺毎笆遺毎笆遺毎笆遺毎笆遺毎笆遺毎 笆・4.9 GB/4.9 GB  9.8 MB/s      6s[K[A[1Gpulling manifest [K
pulling 667b0c1932bc:  99% 笆補毎笆遺毎笆遺毎笆遺毎笆遺毎笆遺毎笆遺毎笆遺毎笆遺毎 笆・4.9 GB/4.9 GB  9.8 MB/s      6s[K[A[1Gpulling manifest [K
pulling 667b0c1932bc:  99% 笆補毎笆遺毎笆遺毎笆遺毎笆遺毎笆遺毎笆遺毎笆遺毎笆遺毎 笆・4.9 GB/4.9 GB  9.8 MB/s      6s[K[A[1Gpulling manifest [K
pulling 667b0c1932bc:  99% 笆補毎笆遺毎笆遺毎笆遺毎笆遺毎笆遺毎笆遺毎笆遺毎笆遺毎 笆・4.9 GB/4.9 GB  9.8 MB/s      5s[K[A[1Gpulling manifest [K
pulling 667b0c1932bc:  99% 笆補毎笆遺毎笆遺毎笆遺毎笆遺毎笆遺毎笆遺毎笆遺毎笆遺毎 笆・4.9 GB/4.9 GB  9.8 MB/s      5s[K[A[1Gpulling manifest [K
pulling 667b0c1932bc:  99% 笆補毎笆遺毎笆遺毎笆遺毎笆遺毎笆遺毎笆遺毎笆遺毎笆遺毎 笆・4.9 GB/4.9 GB  9.8 MB/s      5s[K[A[1Gpulling manifest [K
pulling 667b0c1932bc:  99% 笆補毎笆遺毎笆遺毎笆遺毎笆遺毎笆遺毎笆遺毎笆遺毎笆遺毎 笆・4.9 GB/4.9 GB  9.8 MB/s      5s[K[A[1Gpulling manifest [K
pulling 667b0c1932bc:  99% 笆補毎笆遺毎笆遺毎笆遺毎笆遺毎笆遺毎笆遺毎笆遺毎笆遺毎 笆・4.9 GB/4.9 GB  9.8 MB/s      5s[K[A[1Gpulling manifest [K
pulling 667b0c1932bc:  99% 笆補毎笆遺毎笆遺毎笆遺毎笆遺毎笆遺毎笆遺毎笆遺毎笆遺毎 笆・4.9 GB/4.9 GB  9.8 MB/s      5s[K[A[1Gpulling manifest [K
pulling 667b0c1932bc:  99% 笆補毎笆遺毎笆遺毎笆遺毎笆遺毎笆遺毎笆遺毎笆遺毎笆遺毎 笆・4.9 GB/4.9 GB  9.8 MB/s      5s[K[A[1Gpulling manifest [K
pulling 667b0c1932bc:  99% 笆補毎笆遺毎笆遺毎笆遺毎笆遺毎笆遺毎笆遺毎笆遺毎笆遺毎 笆・4.9 GB/4.9 GB  9.8 MB/s      5s[K[A[1Gpulling manifest [K
pulling 667b0c1932bc:  99% 笆補毎笆遺毎笆遺毎笆遺毎笆遺毎笆遺毎笆遺毎笆遺毎笆遺毎 笆・4.9 GB/4.9 GB  9.8 MB/s      5s[K[A[1Gpulling manifest [K
pulling 667b0c1932bc:  99% 笆補毎笆遺毎笆遺毎笆遺毎笆遺毎笆遺毎笆遺毎笆遺毎笆遺毎 笆・4.9 GB/4.9 GB  9.8 MB/s      5s[K[A[1Gpulling manifest [K
pulling 667b0c1932bc:  99% 笆補毎笆遺毎笆遺毎笆遺毎笆遺毎笆遺毎笆遺毎笆遺毎笆遺毎 笆・4.9 GB/4.9 GB  9.8 MB/s      5s[K[A[1Gpulling manifest [K
pulling 667b0c1932bc:  99% 笆補毎笆遺毎笆遺毎笆遺毎笆遺毎笆遺毎笆遺毎笆遺毎笆遺毎 笆・4.9 GB/4.9 GB  9.8 MB/s      4s[K[A[1Gpulling manifest [K
pulling 667b0c1932bc:  99% 笆補毎笆遺毎笆遺毎笆遺毎笆遺毎笆遺毎笆遺毎笆遺毎笆遺毎 笆・4.9 GB/4.9 GB  9.7 MB/s      4s[K[A[1Gpulling manifest [K
pulling 667b0c1932bc:  99% 笆補毎笆遺毎笆遺毎笆遺毎笆遺毎笆遺毎笆遺毎笆遺毎笆遺毎 笆・4.9 GB/4.9 GB  9.7 MB/s      4s[K[A[1Gpulling manifest [K
pulling 667b0c1932bc:  99% 笆補毎笆遺毎笆遺毎笆遺毎笆遺毎笆遺毎笆遺毎笆遺毎笆遺毎 笆・4.9 GB/4.9 GB  9.7 MB/s      4s[K[A[1Gpulling manifest [K
pulling 667b0c1932bc:  99% 笆補毎笆遺毎笆遺毎笆遺毎笆遺毎笆遺毎笆遺毎笆遺毎笆遺毎 笆・4.9 GB/4.9 GB  9.7 MB/s      4s[K[A[1Gpulling manifest [K
pulling 667b0c1932bc:  99% 笆補毎笆遺毎笆遺毎笆遺毎笆遺毎笆遺毎笆遺毎笆遺毎笆遺毎 笆・4.9 GB/4.9 GB  9.7 MB/s      4s[K[A[1Gpulling manifest [K
pulling 667b0c1932bc:  99% 笆補毎笆遺毎笆遺毎笆遺毎笆遺毎笆遺毎笆遺毎笆遺毎笆遺毎 笆・4.9 GB/4.9 GB  9.7 MB/s      4s[K[A[1Gpulling manifest [K
pulling 667b0c1932bc:  99% 笆補毎笆遺毎笆遺毎笆遺毎笆遺毎笆遺毎笆遺毎笆遺毎笆遺毎 笆・4.9 GB/4.9 GB  9.7 MB/s      4s[K[A[1Gpulling manifest [K
pulling 667b0c1932bc:  99% 笆補毎笆遺毎笆遺毎笆遺毎笆遺毎笆遺毎笆遺毎笆遺毎笆遺毎 笆・4.9 GB/4.9 GB  9.7 MB/s      4s[K[A[1Gpulling manifest [K
pulling 667b0c1932bc:  99% 笆補毎笆遺毎笆遺毎笆遺毎笆遺毎笆遺毎笆遺毎笆遺毎笆遺毎 笆・4.9 GB/4.9 GB  9.7 MB/s      4s[K[A[1Gpulling manifest [K
pulling 667b0c1932bc:  99% 笆補毎笆遺毎笆遺毎笆遺毎笆遺毎笆遺毎笆遺毎笆遺毎笆遺毎 笆・4.9 GB/4.9 GB  9.7 MB/s      4s[K[A[1Gpulling manifest [K
pulling 667b0c1932bc:  99% 笆補毎笆遺毎笆遺毎笆遺毎笆遺毎笆遺毎笆遺毎笆遺毎笆遺毎 笆・4.9 GB/4.9 GB  9.6 MB/s      4s[K[A[1Gpulling manifest [K
pulling 667b0c1932bc:  99% 笆補毎笆遺毎笆遺毎笆遺毎笆遺毎笆遺毎笆遺毎笆遺毎笆遺毎 笆・4.9 GB/4.9 GB  9.6 MB/s      3s[K[A[1Gpulling manifest [K
pulling 667b0c1932bc:  99% 笆補毎笆遺毎笆遺毎笆遺毎笆遺毎笆遺毎笆遺毎笆遺毎笆遺毎 笆・4.9 GB/4.9 GB  9.6 MB/s      3s[K[A[1Gpulling manifest [K
pulling 667b0c1932bc:  99% 笆補毎笆遺毎笆遺毎笆遺毎笆遺毎笆遺毎笆遺毎笆遺毎笆遺毎 笆・4.9 GB/4.9 GB  9.6 MB/s      3s[K[A[1Gpulling manifest [K
pulling 667b0c1932bc:  99% 笆補毎笆遺毎笆遺毎笆遺毎笆遺毎笆遺毎笆遺毎笆遺毎笆遺毎 笆・4.9 GB/4.9 GB  9.6 MB/s      3s[K[A[1Gpulling manifest [K
pulling 667b0c1932bc:  99% 笆補毎笆遺毎笆遺毎笆遺毎笆遺毎笆遺毎笆遺毎笆遺毎笆遺毎 笆・4.9 GB/4.9 GB  9.6 MB/s      3s[K[A[1Gpulling manifest [K
pulling 667b0c1932bc:  99% 笆補毎笆遺毎笆遺毎笆遺毎笆遺毎笆遺毎笆遺毎笆遺毎笆遺毎 笆・4.9 GB/4.9 GB  9.6 MB/s      3s[K[A[1Gpulling manifest [K
pulling 667b0c1932bc:  99% 笆補毎笆遺毎笆遺毎笆遺毎笆遺毎笆遺毎笆遺毎笆遺毎笆遺毎 笆・4.9 GB/4.9 GB  9.6 MB/s      3s[K[A[1Gpulling manifest [K
pulling 667b0c1932bc:  99% 笆補毎笆遺毎笆遺毎笆遺毎笆遺毎笆遺毎笆遺毎笆遺毎笆遺毎 笆・4.9 GB/4.9 GB  9.6 MB/s      3s[K[A[1Gpulling manifest [K
pulling 667b0c1932bc:  99% 笆補毎笆遺毎笆遺毎笆遺毎笆遺毎笆遺毎笆遺毎笆遺毎笆遺毎 笆・4.9 GB/4.9 GB  9.6 MB/s      3s[K[A[1Gpulling manifest [K
pulling 667b0c1932bc:  99% 笆補毎笆遺毎笆遺毎笆遺毎笆遺毎笆遺毎笆遺毎笆遺毎笆遺毎 笆・4.9 GB/4.9 GB  9.6 MB/s      3s[K[A[1Gpulling manifest [K
pulling 667b0c1932bc:  99% 笆補毎笆遺毎笆遺毎笆遺毎笆遺毎笆遺毎笆遺毎笆遺毎笆遺毎 笆・4.9 GB/4.9 GB  9.7 MB/s      2s[K[A[1Gpulling manifest [K
pulling 667b0c1932bc:  99% 笆補毎笆遺毎笆遺毎笆遺毎笆遺毎笆遺毎笆遺毎笆遺毎笆遺毎 笆・4.9 GB/4.9 GB  9.7 MB/s      2s[K[A[1Gpulling manifest [K
pulling 667b0c1932bc:  99% 笆補毎笆遺毎笆遺毎笆遺毎笆遺毎笆遺毎笆遺毎笆遺毎笆遺毎 笆・4.9 GB/4.9 GB  9.7 MB/s      2s[K[A[1Gpulling manifest [K
pulling 667b0c1932bc:  99% 笆補毎笆遺毎笆遺毎笆遺毎笆遺毎笆遺毎笆遺毎笆遺毎笆遺毎 笆・4.9 GB/4.9 GB  9.7 MB/s      2s[K[A[1Gpulling manifest [K
pulling 667b0c1932bc: 100% 笆補毎笆遺毎笆遺毎笆遺毎笆遺毎笆遺毎笆遺毎笆遺毎笆遺毎 笆・4.9 GB/4.9 GB  9.7 MB/s      2s[K[A[1Gpulling manifest [K
pulling 667b0c1932bc: 100% 笆補毎笆遺毎笆遺毎笆遺毎笆遺毎笆遺毎笆遺毎笆遺毎笆遺毎 笆・4.9 GB/4.9 GB  9.7 MB/s      2s[K[A[1Gpulling manifest [K
pulling 667b0c1932bc: 100% 笆補毎笆遺毎笆遺毎笆遺毎笆遺毎笆遺毎笆遺毎笆遺毎笆遺毎 笆・4.9 GB/4.9 GB  9.7 MB/s      2s[K[A[1Gpulling manifest [K
pulling 667b0c1932bc: 100% 笆補毎笆遺毎笆遺毎笆遺毎笆遺毎笆遺毎笆遺毎笆遺毎笆遺毎 笆・4.9 GB/4.9 GB  9.7 MB/s      2s[K[A[1Gpulling manifest [K
pulling 667b0c1932bc: 100% 笆補毎笆遺毎笆遺毎笆遺毎笆遺毎笆遺毎笆遺毎笆遺毎笆遺毎 笆・4.9 GB/4.9 GB  9.7 MB/s      2s[K[A[1Gpulling manifest [K
pulling 667b0c1932bc: 100% 笆補毎笆遺毎笆遺毎笆遺毎笆遺毎笆遺毎笆遺毎笆遺毎笆遺毎 笆・4.9 GB/4.9 GB  9.7 MB/s      2s[K[A[1Gpulling manifest [K
pulling 667b0c1932bc: 100% 笆補毎笆遺毎笆遺毎笆遺毎笆遺毎笆遺毎笆遺毎笆遺毎笆遺毎 笆・4.9 GB/4.9 GB  9.6 MB/s      1s[K[A[1Gpulling manifest [K
pulling 667b0c1932bc: 100% 笆補毎笆遺毎笆遺毎笆遺毎笆遺毎笆遺毎笆遺毎笆遺毎笆遺毎 笆・4.9 GB/4.9 GB  9.6 MB/s      1s[K[A[1Gpulling manifest [K
pulling 667b0c1932bc: 100% 笆補毎笆遺毎笆遺毎笆遺毎笆遺毎笆遺毎笆遺毎笆遺毎笆遺毎 笆・4.9 GB/4.9 GB  9.6 MB/s      1s[K[A[1Gpulling manifest [K
pulling 667b0c1932bc: 100% 笆補毎笆遺毎笆遺毎笆遺毎笆遺毎笆遺毎笆遺毎笆遺毎笆遺毎 笆・4.9 GB/4.9 GB  9.6 MB/s      1s[K[A[1Gpulling manifest [K
pulling 667b0c1932bc: 100% 笆補毎笆遺毎笆遺毎笆遺毎笆遺毎笆遺毎笆遺毎笆遺毎笆遺毎 笆・4.9 GB/4.9 GB  9.6 MB/s      1s[K[A[1Gpulling manifest [K
pulling 667b0c1932bc: 100% 笆補毎笆遺毎笆遺毎笆遺毎笆遺毎笆遺毎笆遺毎笆遺毎笆遺毎 笆・4.9 GB/4.9 GB  9.6 MB/s      1s[K[A[1Gpulling manifest [K
pulling 667b0c1932bc: 100% 笆補毎笆遺毎笆遺毎笆遺毎笆遺毎笆遺毎笆遺毎笆遺毎笆遺毎 笆・4.9 GB/4.9 GB  9.6 MB/s      1s[K[A[1Gpulling manifest [K
pulling 667b0c1932bc: 100% 笆補毎笆遺毎笆遺毎笆遺毎笆遺毎笆遺毎笆遺毎笆遺毎笆遺毎 笆・4.9 GB/4.9 GB  9.6 MB/s      1s[K[A[1Gpulling manifest [K
pulling 667b0c1932bc: 100% 笆補毎笆遺毎笆遺毎笆遺毎笆遺毎笆遺毎笆遺毎笆遺毎笆遺毎 笆・4.9 GB/4.9 GB  9.6 MB/s      1s[K[A[1Gpulling manifest [K
pulling 667b0c1932bc: 100% 笆補毎笆遺毎笆遺毎笆遺毎笆遺毎笆遺毎笆遺毎笆遺毎笆遺毎 笆・4.9 GB/4.9 GB  9.6 MB/s      1s[K[A[1Gpulling manifest [K
pulling 667b0c1932bc: 100% 笆補毎笆遺毎笆遺毎笆遺毎笆遺毎笆遺毎笆遺毎笆遺毎笆遺毎 笆・4.9 GB/4.9 GB  9.4 MB/s      1s[K[A[1Gpulling manifest [K
pulling 667b0c1932bc: 100% 笆補毎笆遺毎笆遺毎笆遺毎笆遺毎笆遺毎笆遺毎笆遺毎笆遺毎 笆・4.9 GB/4.9 GB  9.4 MB/s      1s[K[A[1Gpulling manifest [K
pulling 667b0c1932bc: 100% 笆補毎笆遺毎笆遺毎笆遺毎笆遺毎笆遺毎笆遺毎笆遺毎笆遺毎 笆・4.9 GB/4.9 GB  9.4 MB/s      0s[K[A[1Gpulling manifest [K
pulling 667b0c1932bc: 100% 笆補毎笆遺毎笆遺毎笆遺毎笆遺毎笆遺毎笆遺毎笆遺毎笆遺毎 笆・4.9 GB/4.9 GB  9.4 MB/s      0s[K[A[1Gpulling manifest [K
pulling 667b0c1932bc: 100% 笆補毎笆遺毎笆遺毎笆遺毎笆遺毎笆遺毎笆遺毎笆遺毎笆遺毎 笆・4.9 GB/4.9 GB  9.4 MB/s      0s[K[A[1Gpulling manifest [K
pulling 667b0c1932bc: 100% 笆補毎笆遺毎笆遺毎笆遺毎笆遺毎笆遺毎笆遺毎笆遺毎笆遺毎 笆・4.9 GB/4.9 GB  9.4 MB/s      0s[K[A[1Gpulling manifest [K
pulling 667b0c1932bc: 100% 笆補毎笆遺毎笆遺毎笆遺毎笆遺毎笆遺毎笆遺毎笆遺毎笆遺毎 笆・4.9 GB/4.9 GB  9.4 MB/s      0s[K[A[1Gpulling manifest [K
pulling 667b0c1932bc: 100% 笆補毎笆遺毎笆遺毎笆遺毎笆遺毎笆遺毎笆遺毎笆遺毎笆遺毎 笆・4.9 GB/4.9 GB  9.4 MB/s      0s[K[A[1Gpulling manifest [K
pulling 667b0c1932bc: 100% 笆補毎笆遺毎笆遺毎笆遺毎笆遺毎笆遺毎笆遺毎笆遺毎笆遺毎 笆・4.9 GB/4.9 GB  9.4 MB/s      0s[K[A[1Gpulling manifest [K
pulling 667b0c1932bc: 100% 笆補毎笆遺毎笆遺毎笆遺毎笆遺毎笆遺毎笆遺毎笆遺毎笆遺毎 笆・4.9 GB/4.9 GB  9.4 MB/s      0s[K[A[1Gpulling manifest [K
pulling 667b0c1932bc: 100% 笆補毎笆遺毎笆遺毎笆遺毎笆遺毎笆遺毎笆遺毎笆遺毎笆遺毎 笆・4.9 GB/4.9 GB  9.4 MB/s      0s[K[A[1Gpulling manifest [K
pulling 667b0c1932bc: 100% 笆補毎笆遺毎笆遺毎笆遺毎笆遺毎笆遺毎笆遺毎笆遺毎笆遺毎 笆・4.9 GB/4.9 GB  9.4 MB/s      0s[K[A[1Gpulling manifest [K
pulling 667b0c1932bc: 100% 笆補毎笆遺毎笆遺毎笆遺毎笆遺毎笆遺毎笆遺毎笆遺毎笆遺毎 笆・4.9 GB/4.9 GB  9.4 MB/s      0s[K[A[1Gpulling manifest [K
pulling 667b0c1932bc: 100% 笆補毎笆遺毎笆遺毎笆遺毎笆遺毎笆遺毎笆遺毎笆遺毎笆遺毎笆遺柾 4.9 GB                         [K[A[1Gpulling manifest [K
pulling 667b0c1932bc: 100% 笆補毎笆遺毎笆遺毎笆遺毎笆遺毎笆遺毎笆遺毎笆遺毎笆遺毎笆遺柾 4.9 GB                         [K[A[1Gpulling manifest [K
pulling 667b0c1932bc: 100% 笆補毎笆遺毎笆遺毎笆遺毎笆遺毎笆遺毎笆遺毎笆遺毎笆遺毎笆遺柾 4.9 GB                         [K[A[1Gpulling manifest [K
pulling 667b0c1932bc: 100% 笆補毎笆遺毎笆遺毎笆遺毎笆遺毎笆遺毎笆遺毎笆遺毎笆遺毎笆遺柾 4.9 GB                         [K[A[1Gpulling manifest [K
pulling 667b0c1932bc: 100% 笆補毎笆遺毎笆遺毎笆遺毎笆遺毎笆遺毎笆遺毎笆遺毎笆遺毎笆遺柾 4.9 GB                         [K[A[1Gpulling manifest [K
pulling 667b0c1932bc: 100% 笆補毎笆遺毎笆遺毎笆遺毎笆遺毎笆遺毎笆遺毎笆遺毎笆遺毎笆遺柾 4.9 GB                         [K[A[1Gpulling manifest [K
pulling 667b0c1932bc: 100% 笆補毎笆遺毎笆遺毎笆遺毎笆遺毎笆遺毎笆遺毎笆遺毎笆遺毎笆遺柾 4.9 GB                         [K[A[1Gpulling manifest [K
pulling 667b0c1932bc: 100% 笆補毎笆遺毎笆遺毎笆遺毎笆遺毎笆遺毎笆遺毎笆遺毎笆遺毎笆遺柾 4.9 GB                         [K[A[1Gpulling manifest [K
pulling 667b0c1932bc: 100% 笆補毎笆遺毎笆遺毎笆遺毎笆遺毎笆遺毎笆遺毎笆遺毎笆遺毎笆遺柾 4.9 GB                         [K[A[1Gpulling manifest [K
pulling 667b0c1932bc: 100% 笆補毎笆遺毎笆遺毎笆遺毎笆遺毎笆遺毎笆遺毎笆遺毎笆遺毎笆遺柾 4.9 GB                         [K[A[1Gpulling manifest [K
pulling 667b0c1932bc: 100% 笆補毎笆遺毎笆遺毎笆遺毎笆遺毎笆遺毎笆遺毎笆遺毎笆遺毎笆遺柾 4.9 GB                         [K[A[1Gpulling manifest [K
pulling 667b0c1932bc: 100% 笆補毎笆遺毎笆遺毎笆遺毎笆遺毎笆遺毎笆遺毎笆遺毎笆遺毎笆遺柾 4.9 GB                         [K[A[1Gpulling manifest [K
pulling 667b0c1932bc: 100% 笆補毎笆遺毎笆遺毎笆遺毎笆遺毎笆遺毎笆遺毎笆遺毎笆遺毎笆遺柾 4.9 GB                         [K[A[1Gpulling manifest [K
pulling 667b0c1932bc: 100% 笆補毎笆遺毎笆遺毎笆遺毎笆遺毎笆遺毎笆遺毎笆遺毎笆遺毎笆遺柾 4.9 GB                         [K[A[1Gpulling manifest [K
pulling 667b0c1932bc: 100% 笆補毎笆遺毎笆遺毎笆遺毎笆遺毎笆遺毎笆遺毎笆遺毎笆遺毎笆遺柾 4.9 GB                         [K[A[1Gpulling manifest [K
pulling 667b0c1932bc: 100% 笆補毎笆遺毎笆遺毎笆遺毎笆遺毎笆遺毎笆遺毎笆遺毎笆遺毎笆遺柾 4.9 GB                         [K[A[1Gpulling manifest [K
pulling 667b0c1932bc: 100% 笆補毎笆遺毎笆遺毎笆遺毎笆遺毎笆遺毎笆遺毎笆遺毎笆遺毎笆遺柾 4.9 GB                         [K[A[1Gpulling manifest [K
pulling 667b0c1932bc: 100% 笆補毎笆遺毎笆遺毎笆遺毎笆遺毎笆遺毎笆遺毎笆遺毎笆遺毎笆遺柾 4.9 GB                         [K[A[1Gpulling manifest [K
pulling 667b0c1932bc: 100% 笆補毎笆遺毎笆遺毎笆遺毎笆遺毎笆遺毎笆遺毎笆遺毎笆遺毎笆遺柾 4.9 GB                         [K[A[1Gpulling manifest [K
pulling 667b0c1932bc: 100% 笆補毎笆遺毎笆遺毎笆遺毎笆遺毎笆遺毎笆遺毎笆遺毎笆遺毎笆遺柾 4.9 GB                         [K[A[1Gpulling manifest [K
pulling 667b0c1932bc: 100% 笆補毎笆遺毎笆遺毎笆遺毎笆遺毎笆遺毎笆遺毎笆遺毎笆遺毎笆遺柾 4.9 GB                         [K[A[1Gpulling manifest [K
pulling 667b0c1932bc: 100% 笆補毎笆遺毎笆遺毎笆遺毎笆遺毎笆遺毎笆遺毎笆遺毎笆遺毎笆遺柾 4.9 GB                         [K[A[1Gpulling manifest [K
pulling 667b0c1932bc: 100% 笆補毎笆遺毎笆遺毎笆遺毎笆遺毎笆遺毎笆遺毎笆遺毎笆遺毎笆遺柾 4.9 GB                         [K[A[1Gpulling manifest [K
pulling 667b0c1932bc: 100% 笆補毎笆遺毎笆遺毎笆遺毎笆遺毎笆遺毎笆遺毎笆遺毎笆遺毎笆遺柾 4.9 GB                         [K[A[1Gpulling manifest [K
pulling 667b0c1932bc: 100% 笆補毎笆遺毎笆遺毎笆遺毎笆遺毎笆遺毎笆遺毎笆遺毎笆遺毎笆遺柾 4.9 GB                         [K[A[1Gpulling manifest [K
pulling 667b0c1932bc: 100% 笆補毎笆遺毎笆遺毎笆遺毎笆遺毎笆遺毎笆遺毎笆遺毎笆遺毎笆遺柾 4.9 GB                         [K[A[1Gpulling manifest [K
pulling 667b0c1932bc: 100% 笆補毎笆遺毎笆遺毎笆遺毎笆遺毎笆遺毎笆遺毎笆遺毎笆遺毎笆遺柾 4.9 GB                         [K[A[1Gpulling manifest [K
pulling 667b0c1932bc: 100% 笆補毎笆遺毎笆遺毎笆遺毎笆遺毎笆遺毎笆遺毎笆遺毎笆遺毎笆遺柾 4.9 GB                         [K[A[1Gpulling manifest [K
pulling 667b0c1932bc: 100% 笆補毎笆遺毎笆遺毎笆遺毎笆遺毎笆遺毎笆遺毎笆遺毎笆遺毎笆遺柾 4.9 GB                         [K[A[1Gpulling manifest [K
pulling 667b0c1932bc: 100% 笆補毎笆遺毎笆遺毎笆遺毎笆遺毎笆遺毎笆遺毎笆遺毎笆遺毎笆遺柾 4.9 GB                         [K[A[1Gpulling manifest [K
pulling 667b0c1932bc: 100% 笆補毎笆遺毎笆遺毎笆遺毎笆遺毎笆遺毎笆遺毎笆遺毎笆遺毎笆遺柾 4.9 GB                         [K[A[1Gpulling manifest [K
pulling 667b0c1932bc: 100% 笆補毎笆遺毎笆遺毎笆遺毎笆遺毎笆遺毎笆遺毎笆遺毎笆遺毎笆遺柾 4.9 GB                         [K[A[1Gpulling manifest [K
pulling 667b0c1932bc: 100% 笆補毎笆遺毎笆遺毎笆遺毎笆遺毎笆遺毎笆遺毎笆遺毎笆遺毎笆遺柾 4.9 GB                         [K[A[1Gpulling manifest [K
pulling 667b0c1932bc: 100% 笆補毎笆遺毎笆遺毎笆遺毎笆遺毎笆遺毎笆遺毎笆遺毎笆遺毎笆遺柾 4.9 GB                         [K[A[1Gpulling manifest [K
pulling 667b0c1932bc: 100% 笆補毎笆遺毎笆遺毎笆遺毎笆遺毎笆遺毎笆遺毎笆遺毎笆遺毎笆遺柾 4.9 GB                         [K[A[1Gpulling manifest [K
pulling 667b0c1932bc: 100% 笆補毎笆遺毎笆遺毎笆遺毎笆遺毎笆遺毎笆遺毎笆遺毎笆遺毎笆遺柾 4.9 GB                         [K[A[1Gpulling manifest [K
pulling 667b0c1932bc: 100% 笆補毎笆遺毎笆遺毎笆遺毎笆遺毎笆遺毎笆遺毎笆遺毎笆遺毎笆遺柾 4.9 GB                         [K[A[1Gpulling manifest [K
pulling 667b0c1932bc: 100% 笆補毎笆遺毎笆遺毎笆遺毎笆遺毎笆遺毎笆遺毎笆遺毎笆遺毎笆遺柾 4.9 GB                         [K[A[1Gpulling manifest [K
pulling 667b0c1932bc: 100% 笆補毎笆遺毎笆遺毎笆遺毎笆遺毎笆遺毎笆遺毎笆遺毎笆遺毎笆遺柾 4.9 GB                         [K[A[1Gpulling manifest [K
pulling 667b0c1932bc: 100% 笆補毎笆遺毎笆遺毎笆遺毎笆遺毎笆遺毎笆遺毎笆遺毎笆遺毎笆遺柾 4.9 GB                         [K[A[1Gpulling manifest [K
pulling 667b0c1932bc: 100% 笆補毎笆遺毎笆遺毎笆遺毎笆遺毎笆遺毎笆遺毎笆遺毎笆遺毎笆遺柾 4.9 GB                         [K[A[1Gpulling manifest [K
pulling 667b0c1932bc: 100% 笆補毎笆遺毎笆遺毎笆遺毎笆遺毎笆遺毎笆遺毎笆遺毎笆遺毎笆遺柾 4.9 GB                         [K[A[1Gpulling manifest [K
pulling 667b0c1932bc: 100% 笆補毎笆遺毎笆遺毎笆遺毎笆遺毎笆遺毎笆遺毎笆遺毎笆遺毎笆遺柾 4.9 GB                         [K[A[1Gpulling manifest [K
pulling 667b0c1932bc: 100% 笆補毎笆遺毎笆遺毎笆遺毎笆遺毎笆遺毎笆遺毎笆遺毎笆遺毎笆遺柾 4.9 GB                         [K[A[1Gpulling manifest [K
pulling 667b0c1932bc: 100% 笆補毎笆遺毎笆遺毎笆遺毎笆遺毎笆遺毎笆遺毎笆遺毎笆遺毎笆遺柾 4.9 GB                         [K[A[1Gpulling manifest [K
pulling 667b0c1932bc: 100% 笆補毎笆遺毎笆遺毎笆遺毎笆遺毎笆遺毎笆遺毎笆遺毎笆遺毎笆遺柾 4.9 GB                         [K[A[1Gpulling manifest [K
pulling 667b0c1932bc: 100% 笆補毎笆遺毎笆遺毎笆遺毎笆遺毎笆遺毎笆遺毎笆遺毎笆遺毎笆遺柾 4.9 GB                         [K[A[1Gpulling manifest [K
pulling 667b0c1932bc: 100% 笆補毎笆遺毎笆遺毎笆遺毎笆遺毎笆遺毎笆遺毎笆遺毎笆遺毎笆遺柾 4.9 GB                         [K[A[1Gpulling manifest [K
pulling 667b0c1932bc: 100% 笆補毎笆遺毎笆遺毎笆遺毎笆遺毎笆遺毎笆遺毎笆遺毎笆遺毎笆遺柾 4.9 GB                         [K[A[1Gpulling manifest [K
pulling 667b0c1932bc: 100% 笆補毎笆遺毎笆遺毎笆遺毎笆遺毎笆遺毎笆遺毎笆遺毎笆遺毎笆遺柾 4.9 GB                         [K[A[1Gpulling manifest [K
pulling 667b0c1932bc: 100% 笆補毎笆遺毎笆遺毎笆遺毎笆遺毎笆遺毎笆遺毎笆遺毎笆遺毎笆遺柾 4.9 GB                         [K[A[1Gpulling manifest [K
pulling 667b0c1932bc: 100% 笆補毎笆遺毎笆遺毎笆遺毎笆遺毎笆遺毎笆遺毎笆遺毎笆遺毎笆遺柾 4.9 GB                         [K[A[1Gpulling manifest [K
pulling 667b0c1932bc: 100% 笆補毎笆遺毎笆遺毎笆遺毎笆遺毎笆遺毎笆遺毎笆遺毎笆遺毎笆遺柾 4.9 GB                         [K[A[1Gpulling manifest [K
pulling 667b0c1932bc: 100% 笆補毎笆遺毎笆遺毎笆遺毎笆遺毎笆遺毎笆遺毎笆遺毎笆遺毎笆遺柾 4.9 GB                         [K[A[1Gpulling manifest [K
pulling 667b0c1932bc: 100% 笆補毎笆遺毎笆遺毎笆遺毎笆遺毎笆遺毎笆遺毎笆遺毎笆遺毎笆遺柾 4.9 GB                         [K[A[1Gpulling manifest [K
pulling 667b0c1932bc: 100% 笆補毎笆遺毎笆遺毎笆遺毎笆遺毎笆遺毎笆遺毎笆遺毎笆遺毎笆遺柾 4.9 GB                         [K
verifying sha256 digest 笄・[K[A[A[1Gpulling manifest [K
pulling 667b0c1932bc: 100% 笆補毎笆遺毎笆遺毎笆遺毎笆遺毎笆遺毎笆遺毎笆遺毎笆遺毎笆遺柾 4.9 GB                         [K
verifying sha256 digest 笄・[K[A[A[1Gpulling manifest [K
pulling 667b0c1932bc: 100% 笆補毎笆遺毎笆遺毎笆遺毎笆遺毎笆遺毎笆遺毎笆遺毎笆遺毎笆遺柾 4.9 GB                         [K
verifying sha256 digest 笄ｹ [K[A[A[1Gpulling manifest [K
pulling 667b0c1932bc: 100% 笆補毎笆遺毎笆遺毎笆遺毎笆遺毎笆遺毎笆遺毎笆遺毎笆遺毎笆遺柾 4.9 GB                         [K
verifying sha256 digest 笄ｸ [K[A[A[1Gpulling manifest [K
pulling 667b0c1932bc: 100% 笆補毎笆遺毎笆遺毎笆遺毎笆遺毎笆遺毎笆遺毎笆遺毎笆遺毎笆遺柾 4.9 GB                         [K
verifying sha256 digest 笄ｼ [K[A[A[1Gpulling manifest [K
pulling 667b0c1932bc: 100% 笆補毎笆遺毎笆遺毎笆遺毎笆遺毎笆遺毎笆遺毎笆遺毎笆遺毎笆遺柾 4.9 GB                         [K
verifying sha256 digest 笄ｴ [K[A[A[1Gpulling manifest [K
pulling 667b0c1932bc: 100% 笆補毎笆遺毎笆遺毎笆遺毎笆遺毎笆遺毎笆遺毎笆遺毎笆遺毎笆遺柾 4.9 GB                         [K
verifying sha256 digest 笄ｦ [K[A[A[1Gpulling manifest [K
pulling 667b0c1932bc: 100% 笆補毎笆遺毎笆遺毎笆遺毎笆遺毎笆遺毎笆遺毎笆遺毎笆遺毎笆遺柾 4.9 GB                         [K
verifying sha256 digest 笄ｧ [K[A[A[1Gpulling manifest [K
pulling 667b0c1932bc: 100% 笆補毎笆遺毎笆遺毎笆遺毎笆遺毎笆遺毎笆遺毎笆遺毎笆遺毎笆遺柾 4.9 GB                         [K
verifying sha256 digest 笄・[K[A[A[1Gpulling manifest [K
pulling 667b0c1932bc: 100% 笆補毎笆遺毎笆遺毎笆遺毎笆遺毎笆遺毎笆遺毎笆遺毎笆遺毎笆遺柾 4.9 GB                         [K
verifying sha256 digest 笄・[K[A[A[1Gpulling manifest [K
pulling 667b0c1932bc: 100% 笆補毎笆遺毎笆遺毎笆遺毎笆遺毎笆遺毎笆遺毎笆遺毎笆遺毎笆遺柾 4.9 GB                         [K
verifying sha256 digest 笄・[K[A[A[1Gpulling manifest [K
pulling 667b0c1932bc: 100% 笆補毎笆遺毎笆遺毎笆遺毎笆遺毎笆遺毎笆遺毎笆遺毎笆遺毎笆遺柾 4.9 GB                         [K
verifying sha256 digest 笄・[K[A[A[1Gpulling manifest [K
pulling 667b0c1932bc: 100% 笆補毎笆遺毎笆遺毎笆遺毎笆遺毎笆遺毎笆遺毎笆遺毎笆遺毎笆遺柾 4.9 GB                         [K
verifying sha256 digest 笄ｹ [K[A[A[1Gpulling manifest [K
pulling 667b0c1932bc: 100% 笆補毎笆遺毎笆遺毎笆遺毎笆遺毎笆遺毎笆遺毎笆遺毎笆遺毎笆遺柾 4.9 GB                         [K
verifying sha256 digest 笄ｸ [K[A[A[1Gpulling manifest [K
pulling 667b0c1932bc: 100% 笆補毎笆遺毎笆遺毎笆遺毎笆遺毎笆遺毎笆遺毎笆遺毎笆遺毎笆遺柾 4.9 GB                         [K
verifying sha256 digest 笄ｼ [K[A[A[1Gpulling manifest [K
pulling 667b0c1932bc: 100% 笆補毎笆遺毎笆遺毎笆遺毎笆遺毎笆遺毎笆遺毎笆遺毎笆遺毎笆遺柾 4.9 GB                         [K
verifying sha256 digest 笄ｴ [K[A[A[1Gpulling manifest [K
pulling 667b0c1932bc: 100% 笆補毎笆遺毎笆遺毎笆遺毎笆遺毎笆遺毎笆遺毎笆遺毎笆遺毎笆遺柾 4.9 GB                         [K
verifying sha256 digest 笄ｦ [K[A[A[1Gpulling manifest [K
pulling 667b0c1932bc: 100% 笆補毎笆遺毎笆遺毎笆遺毎笆遺毎笆遺毎笆遺毎笆遺毎笆遺毎笆遺柾 4.9 GB                         [K
verifying sha256 digest 笄ｧ [K[A[A[1Gpulling manifest [K
pulling 667b0c1932bc: 100% 笆補毎笆遺毎笆遺毎笆遺毎笆遺毎笆遺毎笆遺毎笆遺毎笆遺毎笆遺柾 4.9 GB                         [K
verifying sha256 digest 笄・[K[A[A[1Gpulling manifest [K
pulling 667b0c1932bc: 100% 笆補毎笆遺毎笆遺毎笆遺毎笆遺毎笆遺毎笆遺毎笆遺毎笆遺毎笆遺柾 4.9 GB                         [K
verifying sha256 digest 笄・[K[A[A[1Gpulling manifest [K
pulling 667b0c1932bc: 100% 笆補毎笆遺毎笆遺毎笆遺毎笆遺毎笆遺毎笆遺毎笆遺毎笆遺毎笆遺柾 4.9 GB                         [K
verifying sha256 digest 笄・[K[A[A[1Gpulling manifest [K
pulling 667b0c1932bc: 100% 笆補毎笆遺毎笆遺毎笆遺毎笆遺毎笆遺毎笆遺毎笆遺毎笆遺毎笆遺柾 4.9 GB                         [K
verifying sha256 digest 笄・[K[A[A[1Gpulling manifest [K
pulling 667b0c1932bc: 100% 笆補毎笆遺毎笆遺毎笆遺毎笆遺毎笆遺毎笆遺毎笆遺毎笆遺毎笆遺柾 4.9 GB                         [K
verifying sha256 digest 笄ｹ [K[A[A[1Gpulling manifest [K
pulling 667b0c1932bc: 100% 笆補毎笆遺毎笆遺毎笆遺毎笆遺毎笆遺毎笆遺毎笆遺毎笆遺毎笆遺柾 4.9 GB                         [K
verifying sha256 digest 笄ｸ [K[A[A[1Gpulling manifest [K
pulling 667b0c1932bc: 100% 笆補毎笆遺毎笆遺毎笆遺毎笆遺毎笆遺毎笆遺毎笆遺毎笆遺毎笆遺柾 4.9 GB                         [K
verifying sha256 digest 笄ｼ [K[A[A[1Gpulling manifest [K
pulling 667b0c1932bc: 100% 笆補毎笆遺毎笆遺毎笆遺毎笆遺毎笆遺毎笆遺毎笆遺毎笆遺毎笆遺柾 4.9 GB                         [K
verifying sha256 digest 笄ｴ [K[A[A[1Gpulling manifest [K
pulling 667b0c1932bc: 100% 笆補毎笆遺毎笆遺毎笆遺毎笆遺毎笆遺毎笆遺毎笆遺毎笆遺毎笆遺柾 4.9 GB                         [K
verifying sha256 digest 笄ｦ [K[A[A[1Gpulling manifest [K
pulling 667b0c1932bc: 100% 笆補毎笆遺毎笆遺毎笆遺毎笆遺毎笆遺毎笆遺毎笆遺毎笆遺毎笆遺柾 4.9 GB                         [K
verifying sha256 digest 笄ｧ [K[A[A[1Gpulling manifest [K
pulling 667b0c1932bc: 100% 笆補毎笆遺毎笆遺毎笆遺毎笆遺毎笆遺毎笆遺毎笆遺毎笆遺毎笆遺柾 4.9 GB                         [K
verifying sha256 digest 笄・[K[A[A[1Gpulling manifest [K
pulling 667b0c1932bc: 100% 笆補毎笆遺毎笆遺毎笆遺毎笆遺毎笆遺毎笆遺毎笆遺毎笆遺毎笆遺柾 4.9 GB                         [K
verifying sha256 digest 笄・[K[A[A[1Gpulling manifest [K
pulling 667b0c1932bc: 100% 笆補毎笆遺毎笆遺毎笆遺毎笆遺毎笆遺毎笆遺毎笆遺毎笆遺毎笆遺柾 4.9 GB                         [K
verifying sha256 digest 笄・[K[A[A[1Gpulling manifest [K
pulling 667b0c1932bc: 100% 笆補毎笆遺毎笆遺毎笆遺毎笆遺毎笆遺毎笆遺毎笆遺毎笆遺毎笆遺柾 4.9 GB                         [K
verifying sha256 digest 笄・[K[A[A[1Gpulling manifest [K
pulling 667b0c1932bc: 100% 笆補毎笆遺毎笆遺毎笆遺毎笆遺毎笆遺毎笆遺毎笆遺毎笆遺毎笆遺柾 4.9 GB                         [K
verifying sha256 digest 笄ｹ [K[A[A[1Gpulling manifest [K
pulling 667b0c1932bc: 100% 笆補毎笆遺毎笆遺毎笆遺毎笆遺毎笆遺毎笆遺毎笆遺毎笆遺毎笆遺柾 4.9 GB                         [K
verifying sha256 digest 笄ｸ [K[A[A[1Gpulling manifest [K
pulling 667b0c1932bc: 100% 笆補毎笆遺毎笆遺毎笆遺毎笆遺毎笆遺毎笆遺毎笆遺毎笆遺毎笆遺柾 4.9 GB                         [K
verifying sha256 digest 笄ｼ [K[A[A[1Gpulling manifest [K
pulling 667b0c1932bc: 100% 笆補毎笆遺毎笆遺毎笆遺毎笆遺毎笆遺毎笆遺毎笆遺毎笆遺毎笆遺柾 4.9 GB                         [K
verifying sha256 digest 笄ｴ [K[A[A[1Gpulling manifest [K
pulling 667b0c1932bc: 100% 笆補毎笆遺毎笆遺毎笆遺毎笆遺毎笆遺毎笆遺毎笆遺毎笆遺毎笆遺柾 4.9 GB                         [K
verifying sha256 digest 笄ｦ [K[A[A[1Gpulling manifest [K
pulling 667b0c1932bc: 100% 笆補毎笆遺毎笆遺毎笆遺毎笆遺毎笆遺毎笆遺毎笆遺毎笆遺毎笆遺柾 4.9 GB                         [K
verifying sha256 digest 笄・[K[A[A[1Gpulling manifest [K
pulling 667b0c1932bc: 100% 笆補毎笆遺毎笆遺毎笆遺毎笆遺毎笆遺毎笆遺毎笆遺毎笆遺毎笆遺柾 4.9 GB                         [K
verifying sha256 digest 笄・[K[A[A[1Gpulling manifest [K
pulling 667b0c1932bc: 100% 笆補毎笆遺毎笆遺毎笆遺毎笆遺毎笆遺毎笆遺毎笆遺毎笆遺毎笆遺柾 4.9 GB                         [K
verifying sha256 digest 笄・[K[A[A[1Gpulling manifest [K
pulling 667b0c1932bc: 100% 笆補毎笆遺毎笆遺毎笆遺毎笆遺毎笆遺毎笆遺毎笆遺毎笆遺毎笆遺柾 4.9 GB                         [K
verifying sha256 digest 笄・[K[A[A[1Gpulling manifest [K
pulling 667b0c1932bc: 100% 笆補毎笆遺毎笆遺毎笆遺毎笆遺毎笆遺毎笆遺毎笆遺毎笆遺毎笆遺柾 4.9 GB                         [K
verifying sha256 digest 笄・[K[A[A[1Gpulling manifest [K
pulling 667b0c1932bc: 100% 笆補毎笆遺毎笆遺毎笆遺毎笆遺毎笆遺毎笆遺毎笆遺毎笆遺毎笆遺柾 4.9 GB                         [K
verifying sha256 digest 笄ｹ [K[A[A[1Gpulling manifest [K
pulling 667b0c1932bc: 100% 笆補毎笆遺毎笆遺毎笆遺毎笆遺毎笆遺毎笆遺毎笆遺毎笆遺毎笆遺柾 4.9 GB                         [K
verifying sha256 digest 笄ｸ [K[A[A[1Gpulling manifest [K
pulling 667b0c1932bc: 100% 笆補毎笆遺毎笆遺毎笆遺毎笆遺毎笆遺毎笆遺毎笆遺毎笆遺毎笆遺柾 4.9 GB                         [K
verifying sha256 digest 笄ｼ [K[A[A[1Gpulling manifest [K
pulling 667b0c1932bc: 100% 笆補毎笆遺毎笆遺毎笆遺毎笆遺毎笆遺毎笆遺毎笆遺毎笆遺毎笆遺柾 4.9 GB                         [K
verifying sha256 digest 笄ｴ [K[A[A[1Gpulling manifest [K
pulling 667b0c1932bc: 100% 笆補毎笆遺毎笆遺毎笆遺毎笆遺毎笆遺毎笆遺毎笆遺毎笆遺毎笆遺柾 4.9 GB                         [K
verifying sha256 digest 笄ｦ [K[A[A[1Gpulling manifest [K
pulling 667b0c1932bc: 100% 笆補毎笆遺毎笆遺毎笆遺毎笆遺毎笆遺毎笆遺毎笆遺毎笆遺毎笆遺柾 4.9 GB                         [K
verifying sha256 digest 笄ｧ [K[A[A[1Gpulling manifest [K
pulling 667b0c1932bc: 100% 笆補毎笆遺毎笆遺毎笆遺毎笆遺毎笆遺毎笆遺毎笆遺毎笆遺毎笆遺柾 4.9 GB                         [K
verifying sha256 digest 笄・[K[A[A[1Gpulling manifest [K
pulling 667b0c1932bc: 100% 笆補毎笆遺毎笆遺毎笆遺毎笆遺毎笆遺毎笆遺毎笆遺毎笆遺毎笆遺柾 4.9 GB                         [K
verifying sha256 digest 笄・[K[A[A[1Gpulling manifest [K
pulling 667b0c1932bc: 100% 笆補毎笆遺毎笆遺毎笆遺毎笆遺毎笆遺毎笆遺毎笆遺毎笆遺毎笆遺柾 4.9 GB                         [K
verifying sha256 digest 笄・[K[A[A[1Gpulling manifest [K
pulling 667b0c1932bc: 100% 笆補毎笆遺毎笆遺毎笆遺毎笆遺毎笆遺毎笆遺毎笆遺毎笆遺毎笆遺柾 4.9 GB                         [K
verifying sha256 digest 笄・[K[A[A[1Gpulling manifest [K
pulling 667b0c1932bc: 100% 笆補毎笆遺毎笆遺毎笆遺毎笆遺毎笆遺毎笆遺毎笆遺毎笆遺毎笆遺柾 4.9 GB                         [K
verifying sha256 digest 笄ｹ [K[A[A[1Gpulling manifest [K
pulling 667b0c1932bc: 100% 笆補毎笆遺毎笆遺毎笆遺毎笆遺毎笆遺毎笆遺毎笆遺毎笆遺毎笆遺柾 4.9 GB                         [K
verifying sha256 digest 笄ｸ [K[A[A[1Gpulling manifest [K
pulling 667b0c1932bc: 100% 笆補毎笆遺毎笆遺毎笆遺毎笆遺毎笆遺毎笆遺毎笆遺毎笆遺毎笆遺柾 4.9 GB                         [K
verifying sha256 digest 笄ｴ [K[A[A[1Gpulling manifest [K
pulling 667b0c1932bc: 100% 笆補毎笆遺毎笆遺毎笆遺毎笆遺毎笆遺毎笆遺毎笆遺毎笆遺毎笆遺柾 4.9 GB                         [K
verifying sha256 digest 笄ｴ [K[A[A[1Gpulling manifest [K
pulling 667b0c1932bc: 100% 笆補毎笆遺毎笆遺毎笆遺毎笆遺毎笆遺毎笆遺毎笆遺毎笆遺毎笆遺柾 4.9 GB                         [K
verifying sha256 digest 笄ｦ [K[A[A[1Gpulling manifest [K
pulling 667b0c1932bc: 100% 笆補毎笆遺毎笆遺毎笆遺毎笆遺毎笆遺毎笆遺毎笆遺毎笆遺毎笆遺柾 4.9 GB                         [K
verifying sha256 digest 笄ｧ [K[A[A[1Gpulling manifest [K
pulling 667b0c1932bc: 100% 笆補毎笆遺毎笆遺毎笆遺毎笆遺毎笆遺毎笆遺毎笆遺毎笆遺毎笆遺柾 4.9 GB                         [K
verifying sha256 digest 笄・[K[A[A[1Gpulling manifest [K
pulling 667b0c1932bc: 100% 笆補毎笆遺毎笆遺毎笆遺毎笆遺毎笆遺毎笆遺毎笆遺毎笆遺毎笆遺柾 4.9 GB                         [K
verifying sha256 digest 笄・[K[A[A[1Gpulling manifest [K
pulling 667b0c1932bc: 100% 笆補毎笆遺毎笆遺毎笆遺毎笆遺毎笆遺毎笆遺毎笆遺毎笆遺毎笆遺柾 4.9 GB                         [K
verifying sha256 digest 笄・[K[A[A[1Gpulling manifest [K
pulling 667b0c1932bc: 100% 笆補毎笆遺毎笆遺毎笆遺毎笆遺毎笆遺毎笆遺毎笆遺毎笆遺毎笆遺柾 4.9 GB                         [K
verifying sha256 digest 笄・[K[A[A[1Gpulling manifest [K
pulling 667b0c1932bc: 100% 笆補毎笆遺毎笆遺毎笆遺毎笆遺毎笆遺毎笆遺毎笆遺毎笆遺毎笆遺柾 4.9 GB                         [K
verifying sha256 digest 笄ｹ [K[A[A[1Gpulling manifest [K
pulling 667b0c1932bc: 100% 笆補毎笆遺毎笆遺毎笆遺毎笆遺毎笆遺毎笆遺毎笆遺毎笆遺毎笆遺柾 4.9 GB                         [K
verifying sha256 digest 笄ｸ [K[A[A[1Gpulling manifest [K
pulling 667b0c1932bc: 100% 笆補毎笆遺毎笆遺毎笆遺毎笆遺毎笆遺毎笆遺毎笆遺毎笆遺毎笆遺柾 4.9 GB                         [K
verifying sha256 digest 笄ｼ [K[A[A[1Gpulling manifest [K
pulling 667b0c1932bc: 100% 笆補毎笆遺毎笆遺毎笆遺毎笆遺毎笆遺毎笆遺毎笆遺毎笆遺毎笆遺柾 4.9 GB                         [K
verifying sha256 digest 笄ｴ [K[A[A[1Gpulling manifest [K
pulling 667b0c1932bc: 100% 笆補毎笆遺毎笆遺毎笆遺毎笆遺毎笆遺毎笆遺毎笆遺毎笆遺毎笆遺柾 4.9 GB                         [K
verifying sha256 digest 笄ｦ [K[A[A[1Gpulling manifest [K
pulling 667b0c1932bc: 100% 笆補毎笆遺毎笆遺毎笆遺毎笆遺毎笆遺毎笆遺毎笆遺毎笆遺毎笆遺柾 4.9 GB                         [K
verifying sha256 digest 笄・[K[A[A[1Gpulling manifest [K
pulling 667b0c1932bc: 100% 笆補毎笆遺毎笆遺毎笆遺毎笆遺毎笆遺毎笆遺毎笆遺毎笆遺毎笆遺柾 4.9 GB                         [K
verifying sha256 digest 笄・[K[A[A[1Gpulling manifest [K
pulling 667b0c1932bc: 100% 笆補毎笆遺毎笆遺毎笆遺毎笆遺毎笆遺毎笆遺毎笆遺毎笆遺毎笆遺柾 4.9 GB                         [K
verifying sha256 digest 笄・[K[A[A[1Gpulling manifest [K
pulling 667b0c1932bc: 100% 笆補毎笆遺毎笆遺毎笆遺毎笆遺毎笆遺毎笆遺毎笆遺毎笆遺毎笆遺柾 4.9 GB                         [K
verifying sha256 digest 笄・[K[A[A[1Gpulling manifest [K
pulling 667b0c1932bc: 100% 笆補毎笆遺毎笆遺毎笆遺毎笆遺毎笆遺毎笆遺毎笆遺毎笆遺毎笆遺柾 4.9 GB                         [K
verifying sha256 digest 笄・[K[A[A[1Gpulling manifest [K
pulling 667b0c1932bc: 100% 笆補毎笆遺毎笆遺毎笆遺毎笆遺毎笆遺毎笆遺毎笆遺毎笆遺毎笆遺柾 4.9 GB                         [K
verifying sha256 digest 笄ｹ [K[A[A[1Gpulling manifest [K
pulling 667b0c1932bc: 100% 笆補毎笆遺毎笆遺毎笆遺毎笆遺毎笆遺毎笆遺毎笆遺毎笆遺毎笆遺柾 4.9 GB                         [K
verifying sha256 digest 笄ｸ [K[A[A[1Gpulling manifest [K
pulling 667b0c1932bc: 100% 笆補毎笆遺毎笆遺毎笆遺毎笆遺毎笆遺毎笆遺毎笆遺毎笆遺毎笆遺柾 4.9 GB                         [K
verifying sha256 digest 笄ｼ [K[A[A[1Gpulling manifest [K
pulling 667b0c1932bc: 100% 笆補毎笆遺毎笆遺毎笆遺毎笆遺毎笆遺毎笆遺毎笆遺毎笆遺毎笆遺柾 4.9 GB                         [K
verifying sha256 digest 笄ｴ [K[A[A[1Gpulling manifest [K
pulling 667b0c1932bc: 100% 笆補毎笆遺毎笆遺毎笆遺毎笆遺毎笆遺毎笆遺毎笆遺毎笆遺毎笆遺柾 4.9 GB                         [K
verifying sha256 digest 笄ｦ [K[A[A[1Gpulling manifest [K
pulling 667b0c1932bc: 100% 笆補毎笆遺毎笆遺毎笆遺毎笆遺毎笆遺毎笆遺毎笆遺毎笆遺毎笆遺柾 4.9 GB                         [K
verifying sha256 digest 笄ｧ [K[A[A[1Gpulling manifest [K
pulling 667b0c1932bc: 100% 笆補毎笆遺毎笆遺毎笆遺毎笆遺毎笆遺毎笆遺毎笆遺毎笆遺毎笆遺柾 4.9 GB                         [K
verifying sha256 digest 笄・[K[A[A[1Gpulling manifest [K
pulling 667b0c1932bc: 100% 笆補毎笆遺毎笆遺毎笆遺毎笆遺毎笆遺毎笆遺毎笆遺毎笆遺毎笆遺柾 4.9 GB                         [K
verifying sha256 digest 笄・[K[A[A[1Gpulling manifest [K
pulling 667b0c1932bc: 100% 笆補毎笆遺毎笆遺毎笆遺毎笆遺毎笆遺毎笆遺毎笆遺毎笆遺毎笆遺柾 4.9 GB                         [K
verifying sha256 digest 笄・[K[A[A[1Gpulling manifest [K
pulling 667b0c1932bc: 100% 笆補毎笆遺毎笆遺毎笆遺毎笆遺毎笆遺毎笆遺毎笆遺毎笆遺毎笆遺柾 4.9 GB                         [K
verifying sha256 digest 笄・[K[A[A[1Gpulling manifest [K
pulling 667b0c1932bc: 100% 笆補毎笆遺毎笆遺毎笆遺毎笆遺毎笆遺毎笆遺毎笆遺毎笆遺毎笆遺柾 4.9 GB                         [K
verifying sha256 digest 笄ｹ [K[A[A[1Gpulling manifest [K
pulling 667b0c1932bc: 100% 笆補毎笆遺毎笆遺毎笆遺毎笆遺毎笆遺毎笆遺毎笆遺毎笆遺毎笆遺柾 4.9 GB                         [K
verifying sha256 digest 笄ｸ [K[A[A[1Gpulling manifest [K
pulling 667b0c1932bc: 100% 笆補毎笆遺毎笆遺毎笆遺毎笆遺毎笆遺毎笆遺毎笆遺毎笆遺毎笆遺柾 4.9 GB                         [K
verifying sha256 digest 笄ｼ [K[A[A[1Gpulling manifest [K
pulling 667b0c1932bc: 100% 笆補毎笆遺毎笆遺毎笆遺毎笆遺毎笆遺毎笆遺毎笆遺毎笆遺毎笆遺柾 4.9 GB                         [K
verifying sha256 digest 笄ｴ [K[A[A[1Gpulling manifest [K
pulling 667b0c1932bc: 100% 笆補毎笆遺毎笆遺毎笆遺毎笆遺毎笆遺毎笆遺毎笆遺毎笆遺毎笆遺柾 4.9 GB                         [K
verifying sha256 digest 笄ｦ [K[A[A[1Gpulling manifest [K
pulling 667b0c1932bc: 100% 笆補毎笆遺毎笆遺毎笆遺毎笆遺毎笆遺毎笆遺毎笆遺毎笆遺毎笆遺柾 4.9 GB                         [K
verifying sha256 digest 笄ｧ [K[A[A[1Gpulling manifest [K
pulling 667b0c1932bc: 100% 笆補毎笆遺毎笆遺毎笆遺毎笆遺毎笆遺毎笆遺毎笆遺毎笆遺毎笆遺柾 4.9 GB                         [K
verifying sha256 digest 笄・[K[A[A[1Gpulling manifest [K
pulling 667b0c1932bc: 100% 笆補毎笆遺毎笆遺毎笆遺毎笆遺毎笆遺毎笆遺毎笆遺毎笆遺毎笆遺柾 4.9 GB                         [K
verifying sha256 digest 笄・[K[A[A[1Gpulling manifest [K
pulling 667b0c1932bc: 100% 笆補毎笆遺毎笆遺毎笆遺毎笆遺毎笆遺毎笆遺毎笆遺毎笆遺毎笆遺柾 4.9 GB                         [K
verifying sha256 digest 笄・[K[A[A[1Gpulling manifest [K
pulling 667b0c1932bc: 100% 笆補毎笆遺毎笆遺毎笆遺毎笆遺毎笆遺毎笆遺毎笆遺毎笆遺毎笆遺柾 4.9 GB                         [K
verifying sha256 digest 笄・[K[A[A[1Gpulling manifest [K
pulling 667b0c1932bc: 100% 笆補毎笆遺毎笆遺毎笆遺毎笆遺毎笆遺毎笆遺毎笆遺毎笆遺毎笆遺柾 4.9 GB                         [K
verifying sha256 digest 笄ｹ [K[A[A[1Gpulling manifest [K
pulling 667b0c1932bc: 100% 笆補毎笆遺毎笆遺毎笆遺毎笆遺毎笆遺毎笆遺毎笆遺毎笆遺毎笆遺柾 4.9 GB                         [K
verifying sha256 digest 笄ｸ [K[A[A[1Gpulling manifest [K
pulling 667b0c1932bc: 100% 笆補毎笆遺毎笆遺毎笆遺毎笆遺毎笆遺毎笆遺毎笆遺毎笆遺毎笆遺柾 4.9 GB                         [K
verifying sha256 digest 笄ｼ [K[A[A[1Gpulling manifest [K
pulling 667b0c1932bc: 100% 笆補毎笆遺毎笆遺毎笆遺毎笆遺毎笆遺毎笆遺毎笆遺毎笆遺毎笆遺柾 4.9 GB                         [K
verifying sha256 digest 笄ｴ [K[A[A[1Gpulling manifest [K
pulling 667b0c1932bc: 100% 笆補毎笆遺毎笆遺毎笆遺毎笆遺毎笆遺毎笆遺毎笆遺毎笆遺毎笆遺柾 4.9 GB                         [K
verifying sha256 digest 笄ｦ [K[A[A[1Gpulling manifest [K
pulling 667b0c1932bc: 100% 笆補毎笆遺毎笆遺毎笆遺毎笆遺毎笆遺毎笆遺毎笆遺毎笆遺毎笆遺柾 4.9 GB                         [K
verifying sha256 digest 笄ｧ [K[A[A[1Gpulling manifest [K
pulling 667b0c1932bc: 100% 笆補毎笆遺毎笆遺毎笆遺毎笆遺毎笆遺毎笆遺毎笆遺毎笆遺毎笆遺柾 4.9 GB                         [K
verifying sha256 digest 笄・[K[A[A[1Gpulling manifest [K
pulling 667b0c1932bc: 100% 笆補毎笆遺毎笆遺毎笆遺毎笆遺毎笆遺毎笆遺毎笆遺毎笆遺毎笆遺柾 4.9 GB                         [K
verifying sha256 digest 笄・[K[A[A[1Gpulling manifest [K
pulling 667b0c1932bc: 100% 笆補毎笆遺毎笆遺毎笆遺毎笆遺毎笆遺毎笆遺毎笆遺毎笆遺毎笆遺柾 4.9 GB                         [K
verifying sha256 digest 笄・[K[A[A[1Gpulling manifest [K
pulling 667b0c1932bc: 100% 笆補毎笆遺毎笆遺毎笆遺毎笆遺毎笆遺毎笆遺毎笆遺毎笆遺毎笆遺柾 4.9 GB                         [K
verifying sha256 digest 笄・[K[A[A[1Gpulling manifest [K
pulling 667b0c1932bc: 100% 笆補毎笆遺毎笆遺毎笆遺毎笆遺毎笆遺毎笆遺毎笆遺毎笆遺毎笆遺柾 4.9 GB                         [K
verifying sha256 digest 笄ｹ [K[A[A[1Gpulling manifest [K
pulling 667b0c1932bc: 100% 笆補毎笆遺毎笆遺毎笆遺毎笆遺毎笆遺毎笆遺毎笆遺毎笆遺毎笆遺柾 4.9 GB                         [K
verifying sha256 digest 笄ｸ [K[A[A[1Gpulling manifest [K
pulling 667b0c1932bc: 100% 笆補毎笆遺毎笆遺毎笆遺毎笆遺毎笆遺毎笆遺毎笆遺毎笆遺毎笆遺柾 4.9 GB                         [K
verifying sha256 digest 笄ｼ [K[A[A[1Gpulling manifest [K
pulling 667b0c1932bc: 100% 笆補毎笆遺毎笆遺毎笆遺毎笆遺毎笆遺毎笆遺毎笆遺毎笆遺毎笆遺柾 4.9 GB                         [K
verifying sha256 digest 笄ｴ [K[A[A[1Gpulling manifest [K
pulling 667b0c1932bc: 100% 笆補毎笆遺毎笆遺毎笆遺毎笆遺毎笆遺毎笆遺毎笆遺毎笆遺毎笆遺柾 4.9 GB                         [K
verifying sha256 digest 笄ｦ [K[A[A[1Gpulling manifest [K
pulling 667b0c1932bc: 100% 笆補毎笆遺毎笆遺毎笆遺毎笆遺毎笆遺毎笆遺毎笆遺毎笆遺毎笆遺柾 4.9 GB                         [K
verifying sha256 digest 笄ｧ [K[A[A[1Gpulling manifest [K
pulling 667b0c1932bc: 100% 笆補毎笆遺毎笆遺毎笆遺毎笆遺毎笆遺毎笆遺毎笆遺毎笆遺毎笆遺柾 4.9 GB                         [K
verifying sha256 digest 笄・[K[A[A[1Gpulling manifest [K
pulling 667b0c1932bc: 100% 笆補毎笆遺毎笆遺毎笆遺毎笆遺毎笆遺毎笆遺毎笆遺毎笆遺毎笆遺柾 4.9 GB                         [K
verifying sha256 digest 笄・[K[A[A[1Gpulling manifest [K
pulling 667b0c1932bc: 100% 笆補毎笆遺毎笆遺毎笆遺毎笆遺毎笆遺毎笆遺毎笆遺毎笆遺毎笆遺柾 4.9 GB                         [K
verifying sha256 digest 笄・[K[A[A[1Gpulling manifest [K
pulling 667b0c1932bc: 100% 笆補毎笆遺毎笆遺毎笆遺毎笆遺毎笆遺毎笆遺毎笆遺毎笆遺毎笆遺柾 4.9 GB                         [K
verifying sha256 digest 笄・[K[A[A[1Gpulling manifest [K
pulling 667b0c1932bc: 100% 笆補毎笆遺毎笆遺毎笆遺毎笆遺毎笆遺毎笆遺毎笆遺毎笆遺毎笆遺柾 4.9 GB                         [K
verifying sha256 digest 笄ｹ [K[A[A[1Gpulling manifest [K
pulling 667b0c1932bc: 100% 笆補毎笆遺毎笆遺毎笆遺毎笆遺毎笆遺毎笆遺毎笆遺毎笆遺毎笆遺柾 4.9 GB                         [K
verifying sha256 digest 笄ｸ [K[A[A[1Gpulling manifest [K
pulling 667b0c1932bc: 100% 笆補毎笆遺毎笆遺毎笆遺毎笆遺毎笆遺毎笆遺毎笆遺毎笆遺毎笆遺柾 4.9 GB                         [K
verifying sha256 digest 笄ｼ [K[A[A[1Gpulling manifest [K
pulling 667b0c1932bc: 100% 笆補毎笆遺毎笆遺毎笆遺毎笆遺毎笆遺毎笆遺毎笆遺毎笆遺毎笆遺柾 4.9 GB                         [K
verifying sha256 digest 笄ｴ [K[A[A[1Gpulling manifest [K
pulling 667b0c1932bc: 100% 笆補毎笆遺毎笆遺毎笆遺毎笆遺毎笆遺毎笆遺毎笆遺毎笆遺毎笆遺柾 4.9 GB                         [K
verifying sha256 digest 笄ｦ [K[A[A[1Gpulling manifest [K
pulling 667b0c1932bc: 100% 笆補毎笆遺毎笆遺毎笆遺毎笆遺毎笆遺毎笆遺毎笆遺毎笆遺毎笆遺柾 4.9 GB                         [K
verifying sha256 digest 笄ｧ [K[A[A[1Gpulling manifest [K
pulling 667b0c1932bc: 100% 笆補毎笆遺毎笆遺毎笆遺毎笆遺毎笆遺毎笆遺毎笆遺毎笆遺毎笆遺柾 4.9 GB                         [K
verifying sha256 digest 笄・[K[A[A[1Gpulling manifest [K
pulling 667b0c1932bc: 100% 笆補毎笆遺毎笆遺毎笆遺毎笆遺毎笆遺毎笆遺毎笆遺毎笆遺毎笆遺柾 4.9 GB                         [K
verifying sha256 digest 笄・[K[A[A[1Gpulling manifest [K
pulling 667b0c1932bc: 100% 笆補毎笆遺毎笆遺毎笆遺毎笆遺毎笆遺毎笆遺毎笆遺毎笆遺毎笆遺柾 4.9 GB                         [K
verifying sha256 digest 笄・[K[A[A[1Gpulling manifest [K
pulling 667b0c1932bc: 100% 笆補毎笆遺毎笆遺毎笆遺毎笆遺毎笆遺毎笆遺毎笆遺毎笆遺毎笆遺柾 4.9 GB                         [K
verifying sha256 digest 笄・[K[A[A[1Gpulling manifest [K
pulling 667b0c1932bc: 100% 笆補毎笆遺毎笆遺毎笆遺毎笆遺毎笆遺毎笆遺毎笆遺毎笆遺毎笆遺柾 4.9 GB                         [K
verifying sha256 digest 笄ｹ [K[A[A[1Gpulling manifest [K
pulling 667b0c1932bc: 100% 笆補毎笆遺毎笆遺毎笆遺毎笆遺毎笆遺毎笆遺毎笆遺毎笆遺毎笆遺柾 4.9 GB                         [K
verifying sha256 digest 笄ｸ [K[A[A[1Gpulling manifest [K
pulling 667b0c1932bc: 100% 笆補毎笆遺毎笆遺毎笆遺毎笆遺毎笆遺毎笆遺毎笆遺毎笆遺毎笆遺柾 4.9 GB                         [K
verifying sha256 digest 笄ｼ [K[A[A[1Gpulling manifest [K
pulling 667b0c1932bc: 100% 笆補毎笆遺毎笆遺毎笆遺毎笆遺毎笆遺毎笆遺毎笆遺毎笆遺毎笆遺柾 4.9 GB                         [K
verifying sha256 digest 笄ｴ [K[A[A[1Gpulling manifest [K
pulling 667b0c1932bc: 100% 笆補毎笆遺毎笆遺毎笆遺毎笆遺毎笆遺毎笆遺毎笆遺毎笆遺毎笆遺柾 4.9 GB                         [K
verifying sha256 digest 笄ｦ [K[A[A[1Gpulling manifest [K
pulling 667b0c1932bc: 100% 笆補毎笆遺毎笆遺毎笆遺毎笆遺毎笆遺毎笆遺毎笆遺毎笆遺毎笆遺柾 4.9 GB                         [K
verifying sha256 digest 笄ｧ [K[A[A[1Gpulling manifest [K
pulling 667b0c1932bc: 100% 笆補毎笆遺毎笆遺毎笆遺毎笆遺毎笆遺毎笆遺毎笆遺毎笆遺毎笆遺柾 4.9 GB                         [K
verifying sha256 digest 笄・[K[A[A[1Gpulling manifest [K
pulling 667b0c1932bc: 100% 笆補毎笆遺毎笆遺毎笆遺毎笆遺毎笆遺毎笆遺毎笆遺毎笆遺毎笆遺柾 4.9 GB                         [K
verifying sha256 digest 笄・[K[A[A[1Gpulling manifest [K
pulling 667b0c1932bc: 100% 笆補毎笆遺毎笆遺毎笆遺毎笆遺毎笆遺毎笆遺毎笆遺毎笆遺毎笆遺柾 4.9 GB                         [K
verifying sha256 digest 笄・[K[A[A[1Gpulling manifest [K
pulling 667b0c1932bc: 100% 笆補毎笆遺毎笆遺毎笆遺毎笆遺毎笆遺毎笆遺毎笆遺毎笆遺毎笆遺柾 4.9 GB                         [K
verifying sha256 digest 笄・[K[A[A[1Gpulling manifest [K
pulling 667b0c1932bc: 100% 笆補毎笆遺毎笆遺毎笆遺毎笆遺毎笆遺毎笆遺毎笆遺毎笆遺毎笆遺柾 4.9 GB                         [K
verifying sha256 digest 笄ｹ [K[A[A[1Gpulling manifest [K
pulling 667b0c1932bc: 100% 笆補毎笆遺毎笆遺毎笆遺毎笆遺毎笆遺毎笆遺毎笆遺毎笆遺毎笆遺柾 4.9 GB                         [K
verifying sha256 digest 笄ｸ [K[A[A[1Gpulling manifest [K
pulling 667b0c1932bc: 100% 笆補毎笆遺毎笆遺毎笆遺毎笆遺毎笆遺毎笆遺毎笆遺毎笆遺毎笆遺柾 4.9 GB                         [K
verifying sha256 digest 笄ｼ [K[A[A[1Gpulling manifest [K
pulling 667b0c1932bc: 100% 笆補毎笆遺毎笆遺毎笆遺毎笆遺毎笆遺毎笆遺毎笆遺毎笆遺毎笆遺柾 4.9 GB                         [K
verifying sha256 digest 笄ｴ [K[A[A[1Gpulling manifest [K
pulling 667b0c1932bc: 100% 笆補毎笆遺毎笆遺毎笆遺毎笆遺毎笆遺毎笆遺毎笆遺毎笆遺毎笆遺柾 4.9 GB                         [K
verifying sha256 digest 笄ｦ [K[A[A[1Gpulling manifest [K
pulling 667b0c1932bc: 100% 笆補毎笆遺毎笆遺毎笆遺毎笆遺毎笆遺毎笆遺毎笆遺毎笆遺毎笆遺柾 4.9 GB                         [K
verifying sha256 digest 笄ｧ [K[A[A[1Gpulling manifest [K
pulling 667b0c1932bc: 100% 笆補毎笆遺毎笆遺毎笆遺毎笆遺毎笆遺毎笆遺毎笆遺毎笆遺毎笆遺柾 4.9 GB                         [K
verifying sha256 digest 笄・[K[A[A[1Gpulling manifest [K
pulling 667b0c1932bc: 100% 笆補毎笆遺毎笆遺毎笆遺毎笆遺毎笆遺毎笆遺毎笆遺毎笆遺毎笆遺柾 4.9 GB                         [K
verifying sha256 digest 笄・[K[A[A[1Gpulling manifest [K
pulling 667b0c1932bc: 100% 笆補毎笆遺毎笆遺毎笆遺毎笆遺毎笆遺毎笆遺毎笆遺毎笆遺毎笆遺柾 4.9 GB                         [K
verifying sha256 digest 笄・[K[A[A[1Gpulling manifest [K
pulling 667b0c1932bc: 100% 笆補毎笆遺毎笆遺毎笆遺毎笆遺毎笆遺毎笆遺毎笆遺毎笆遺毎笆遺柾 4.9 GB                         [K
verifying sha256 digest 笄・[K[A[A[1Gpulling manifest [K
pulling 667b0c1932bc: 100% 笆補毎笆遺毎笆遺毎笆遺毎笆遺毎笆遺毎笆遺毎笆遺毎笆遺毎笆遺柾 4.9 GB                         [K
verifying sha256 digest 笄ｹ [K[A[A[1Gpulling manifest [K
pulling 667b0c1932bc: 100% 笆補毎笆遺毎笆遺毎笆遺毎笆遺毎笆遺毎笆遺毎笆遺毎笆遺毎笆遺柾 4.9 GB                         [K
verifying sha256 digest 笄ｸ [K[A[A[1Gpulling manifest [K
pulling 667b0c1932bc: 100% 笆補毎笆遺毎笆遺毎笆遺毎笆遺毎笆遺毎笆遺毎笆遺毎笆遺毎笆遺柾 4.9 GB                         [K
verifying sha256 digest 笄ｼ [K[A[A[1Gpulling manifest [K
pulling 667b0c1932bc: 100% 笆補毎笆遺毎笆遺毎笆遺毎笆遺毎笆遺毎笆遺毎笆遺毎笆遺毎笆遺柾 4.9 GB                         [K
verifying sha256 digest 笄ｴ [K[A[A[1Gpulling manifest [K
pulling 667b0c1932bc: 100% 笆補毎笆遺毎笆遺毎笆遺毎笆遺毎笆遺毎笆遺毎笆遺毎笆遺毎笆遺柾 4.9 GB                         [K
verifying sha256 digest 笄ｦ [K[A[A[1Gpulling manifest [K
pulling 667b0c1932bc: 100% 笆補毎笆遺毎笆遺毎笆遺毎笆遺毎笆遺毎笆遺毎笆遺毎笆遺毎笆遺柾 4.9 GB                         [K
verifying sha256 digest 笄ｧ [K[A[A[1Gpulling manifest [K
pulling 667b0c1932bc: 100% 笆補毎笆遺毎笆遺毎笆遺毎笆遺毎笆遺毎笆遺毎笆遺毎笆遺毎笆遺柾 4.9 GB                         [K
verifying sha256 digest 笄・[K[A[A[1Gpulling manifest [K
pulling 667b0c1932bc: 100% 笆補毎笆遺毎笆遺毎笆遺毎笆遺毎笆遺毎笆遺毎笆遺毎笆遺毎笆遺柾 4.9 GB                         [K
verifying sha256 digest 笄・[K[A[A[1Gpulling manifest [K
pulling 667b0c1932bc: 100% 笆補毎笆遺毎笆遺毎笆遺毎笆遺毎笆遺毎笆遺毎笆遺毎笆遺毎笆遺柾 4.9 GB                         [K
verifying sha256 digest 笄・[K[A[A[1Gpulling manifest [K
pulling 667b0c1932bc: 100% 笆補毎笆遺毎笆遺毎笆遺毎笆遺毎笆遺毎笆遺毎笆遺毎笆遺毎笆遺柾 4.9 GB                         [K
verifying sha256 digest 笄・[K[A[A[1Gpulling manifest [K
pulling 667b0c1932bc: 100% 笆補毎笆遺毎笆遺毎笆遺毎笆遺毎笆遺毎笆遺毎笆遺毎笆遺毎笆遺柾 4.9 GB                         [K
verifying sha256 digest 笄ｹ [K[A[A[1Gpulling manifest [K
pulling 667b0c1932bc: 100% 笆補毎笆遺毎笆遺毎笆遺毎笆遺毎笆遺毎笆遺毎笆遺毎笆遺毎笆遺柾 4.9 GB                         [K
verifying sha256 digest 笄ｸ [K[A[A[1Gpulling manifest [K
pulling 667b0c1932bc: 100% 笆補毎笆遺毎笆遺毎笆遺毎笆遺毎笆遺毎笆遺毎笆遺毎笆遺毎笆遺柾 4.9 GB                         [K
verifying sha256 digest 笄ｼ [K[A[A[1Gpulling manifest [K
pulling 667b0c1932bc: 100% 笆補毎笆遺毎笆遺毎笆遺毎笆遺毎笆遺毎笆遺毎笆遺毎笆遺毎笆遺柾 4.9 GB                         [K
verifying sha256 digest 笄ｴ [K[A[A[1Gpulling manifest [K
pulling 667b0c1932bc: 100% 笆補毎笆遺毎笆遺毎笆遺毎笆遺毎笆遺毎笆遺毎笆遺毎笆遺毎笆遺柾 4.9 GB                         [K
verifying sha256 digest 笄ｦ [K[A[A[1Gpulling manifest [K
pulling 667b0c1932bc: 100% 笆補毎笆遺毎笆遺毎笆遺毎笆遺毎笆遺毎笆遺毎笆遺毎笆遺毎笆遺柾 4.9 GB                         [K
verifying sha256 digest 笄ｧ [K[A[A[1Gpulling manifest [K
pulling 667b0c1932bc: 100% 笆補毎笆遺毎笆遺毎笆遺毎笆遺毎笆遺毎笆遺毎笆遺毎笆遺毎笆遺柾 4.9 GB                         [K
verifying sha256 digest 笄・[K[A[A[1Gpulling manifest [K
pulling 667b0c1932bc: 100% 笆補毎笆遺毎笆遺毎笆遺毎笆遺毎笆遺毎笆遺毎笆遺毎笆遺毎笆遺柾 4.9 GB                         [K
verifying sha256 digest 笄・[K[A[A[1Gpulling manifest [K
pulling 667b0c1932bc: 100% 笆補毎笆遺毎笆遺毎笆遺毎笆遺毎笆遺毎笆遺毎笆遺毎笆遺毎笆遺柾 4.9 GB                         [K
verifying sha256 digest 笄・[K[A[A[1Gpulling manifest [K
pulling 667b0c1932bc: 100% 笆補毎笆遺毎笆遺毎笆遺毎笆遺毎笆遺毎笆遺毎笆遺毎笆遺毎笆遺柾 4.9 GB                         [K
verifying sha256 digest 笄・[K[A[A[1Gpulling manifest [K
pulling 667b0c1932bc: 100% 笆補毎笆遺毎笆遺毎笆遺毎笆遺毎笆遺毎笆遺毎笆遺毎笆遺毎笆遺柾 4.9 GB                         [K
verifying sha256 digest 笄ｹ [K[A[A[1Gpulling manifest [K
pulling 667b0c1932bc: 100% 笆補毎笆遺毎笆遺毎笆遺毎笆遺毎笆遺毎笆遺毎笆遺毎笆遺毎笆遺柾 4.9 GB                         [K
verifying sha256 digest 笄ｸ [K[A[A[1Gpulling manifest [K
pulling 667b0c1932bc: 100% 笆補毎笆遺毎笆遺毎笆遺毎笆遺毎笆遺毎笆遺毎笆遺毎笆遺毎笆遺柾 4.9 GB                         [K
verifying sha256 digest 笄ｼ [K[A[A[1Gpulling manifest [K
pulling 667b0c1932bc: 100% 笆補毎笆遺毎笆遺毎笆遺毎笆遺毎笆遺毎笆遺毎笆遺毎笆遺毎笆遺柾 4.9 GB                         [K
verifying sha256 digest 笄ｴ [K[A[A[1Gpulling manifest [K
pulling 667b0c1932bc: 100% 笆補毎笆遺毎笆遺毎笆遺毎笆遺毎笆遺毎笆遺毎笆遺毎笆遺毎笆遺柾 4.9 GB                         [K
verifying sha256 digest 笄ｦ [K[A[A[1Gpulling manifest [K
pulling 667b0c1932bc: 100% 笆補毎笆遺毎笆遺毎笆遺毎笆遺毎笆遺毎笆遺毎笆遺毎笆遺毎笆遺柾 4.9 GB                         [K
verifying sha256 digest 笄ｧ [K[A[A[1Gpulling manifest [K
pulling 667b0c1932bc: 100% 笆補毎笆遺毎笆遺毎笆遺毎笆遺毎笆遺毎笆遺毎笆遺毎笆遺毎笆遺柾 4.9 GB                         [K
verifying sha256 digest 笄・[K[A[A[1Gpulling manifest [K
pulling 667b0c1932bc: 100% 笆補毎笆遺毎笆遺毎笆遺毎笆遺毎笆遺毎笆遺毎笆遺毎笆遺毎笆遺柾 4.9 GB                         [K
verifying sha256 digest 笄・[K[A[A[1Gpulling manifest [K
pulling 667b0c1932bc: 100% 笆補毎笆遺毎笆遺毎笆遺毎笆遺毎笆遺毎笆遺毎笆遺毎笆遺毎笆遺柾 4.9 GB                         [K
verifying sha256 digest 笄・[K[A[A[1Gpulling manifest [K
pulling 667b0c1932bc: 100% 笆補毎笆遺毎笆遺毎笆遺毎笆遺毎笆遺毎笆遺毎笆遺毎笆遺毎笆遺柾 4.9 GB                         [K
verifying sha256 digest 笄・[K[A[A[1Gpulling manifest [K
pulling 667b0c1932bc: 100% 笆補毎笆遺毎笆遺毎笆遺毎笆遺毎笆遺毎笆遺毎笆遺毎笆遺毎笆遺柾 4.9 GB                         [K
verifying sha256 digest 笄ｹ [K[A[A[1Gpulling manifest [K
pulling 667b0c1932bc: 100% 笆補毎笆遺毎笆遺毎笆遺毎笆遺毎笆遺毎笆遺毎笆遺毎笆遺毎笆遺柾 4.9 GB                         [K
verifying sha256 digest 笄ｸ [K[A[A[1Gpulling manifest [K
pulling 667b0c1932bc: 100% 笆補毎笆遺毎笆遺毎笆遺毎笆遺毎笆遺毎笆遺毎笆遺毎笆遺毎笆遺柾 4.9 GB                         [K
verifying sha256 digest 笄ｼ [K[A[A[1Gpulling manifest [K
pulling 667b0c1932bc: 100% 笆補毎笆遺毎笆遺毎笆遺毎笆遺毎笆遺毎笆遺毎笆遺毎笆遺毎笆遺柾 4.9 GB                         [K
verifying sha256 digest 笄ｴ [K[A[A[1Gpulling manifest [K
pulling 667b0c1932bc: 100% 笆補毎笆遺毎笆遺毎笆遺毎笆遺毎笆遺毎笆遺毎笆遺毎笆遺毎笆遺柾 4.9 GB                         [K
verifying sha256 digest 笄ｦ [K[A[A[1Gpulling manifest [K
pulling 667b0c1932bc: 100% 笆補毎笆遺毎笆遺毎笆遺毎笆遺毎笆遺毎笆遺毎笆遺毎笆遺毎笆遺柾 4.9 GB                         [K
verifying sha256 digest 笄ｧ [K[A[A[1Gpulling manifest [K
pulling 667b0c1932bc: 100% 笆補毎笆遺毎笆遺毎笆遺毎笆遺毎笆遺毎笆遺毎笆遺毎笆遺毎笆遺柾 4.9 GB                         [K
verifying sha256 digest 笄・[K[A[A[1Gpulling manifest [K
pulling 667b0c1932bc: 100% 笆補毎笆遺毎笆遺毎笆遺毎笆遺毎笆遺毎笆遺毎笆遺毎笆遺毎笆遺柾 4.9 GB                         [K
verifying sha256 digest 笄・[K[A[A[1Gpulling manifest [K
pulling 667b0c1932bc: 100% 笆補毎笆遺毎笆遺毎笆遺毎笆遺毎笆遺毎笆遺毎笆遺毎笆遺毎笆遺柾 4.9 GB                         [K
verifying sha256 digest 笄・[K[A[A[1Gpulling manifest [K
pulling 667b0c1932bc: 100% 笆補毎笆遺毎笆遺毎笆遺毎笆遺毎笆遺毎笆遺毎笆遺毎笆遺毎笆遺柾 4.9 GB                         [K
verifying sha256 digest 笄・[K[A[A[1Gpulling manifest [K
pulling 667b0c1932bc: 100% 笆補毎笆遺毎笆遺毎笆遺毎笆遺毎笆遺毎笆遺毎笆遺毎笆遺毎笆遺柾 4.9 GB                         [K
verifying sha256 digest 笄ｹ [K[A[A[1Gpulling manifest [K
pulling 667b0c1932bc: 100% 笆補毎笆遺毎笆遺毎笆遺毎笆遺毎笆遺毎笆遺毎笆遺毎笆遺毎笆遺柾 4.9 GB                         [K
verifying sha256 digest 笄ｸ [K[A[A[1Gpulling manifest [K
pulling 667b0c1932bc: 100% 笆補毎笆遺毎笆遺毎笆遺毎笆遺毎笆遺毎笆遺毎笆遺毎笆遺毎笆遺柾 4.9 GB                         [K
verifying sha256 digest 笄ｼ [K[A[A[1Gpulling manifest [K
pulling 667b0c1932bc: 100% 笆補毎笆遺毎笆遺毎笆遺毎笆遺毎笆遺毎笆遺毎笆遺毎笆遺毎笆遺柾 4.9 GB                         [K
verifying sha256 digest 笄ｴ [K[A[A[1Gpulling manifest [K
pulling 667b0c1932bc: 100% 笆補毎笆遺毎笆遺毎笆遺毎笆遺毎笆遺毎笆遺毎笆遺毎笆遺毎笆遺柾 4.9 GB                         [K
verifying sha256 digest 笄ｦ [K[A[A[1Gpulling manifest [K
pulling 667b0c1932bc: 100% 笆補毎笆遺毎笆遺毎笆遺毎笆遺毎笆遺毎笆遺毎笆遺毎笆遺毎笆遺柾 4.9 GB                         [K
verifying sha256 digest 笄ｧ [K[A[A[1Gpulling manifest [K
pulling 667b0c1932bc: 100% 笆補毎笆遺毎笆遺毎笆遺毎笆遺毎笆遺毎笆遺毎笆遺毎笆遺毎笆遺柾 4.9 GB                         [K
verifying sha256 digest 笄・[K[A[A[1Gpulling manifest [K
pulling 667b0c1932bc: 100% 笆補毎笆遺毎笆遺毎笆遺毎笆遺毎笆遺毎笆遺毎笆遺毎笆遺毎笆遺柾 4.9 GB                         [K
verifying sha256 digest 笄・[K[A[A[1Gpulling manifest [K
pulling 667b0c1932bc: 100% 笆補毎笆遺毎笆遺毎笆遺毎笆遺毎笆遺毎笆遺毎笆遺毎笆遺毎笆遺柾 4.9 GB                         [K
verifying sha256 digest 笄・[K[A[A[1Gpulling manifest [K
pulling 667b0c1932bc: 100% 笆補毎笆遺毎笆遺毎笆遺毎笆遺毎笆遺毎笆遺毎笆遺毎笆遺毎笆遺柾 4.9 GB                         [K
verifying sha256 digest 笄・[K[A[A[1Gpulling manifest [K
pulling 667b0c1932bc: 100% 笆補毎笆遺毎笆遺毎笆遺毎笆遺毎笆遺毎笆遺毎笆遺毎笆遺毎笆遺柾 4.9 GB                         [K
verifying sha256 digest 笄ｹ [K[A[A[1Gpulling manifest [K
pulling 667b0c1932bc: 100% 笆補毎笆遺毎笆遺毎笆遺毎笆遺毎笆遺毎笆遺毎笆遺毎笆遺毎笆遺柾 4.9 GB                         [K
verifying sha256 digest [K
writing manifest [K
success [K
